GID_nmbr,iso3,Country,Subnat,slope,1990,1991,1992,1993,1994,1995,1996,1997,1998,1999,2000,2001,2002,2003,2004,2005,2006,2007,2008,2009,2010,2011,2012,2013,2014,2015,2016,2017,2018,2019,2020,2021,2022
54,DZA,Algeria,NA,0.00581,8829,8517,8472,8110,7869,8013,8196,8148,8435,8584,8786,8926,9300,9835,10115,10566,10592,10776,10847,10825,11008,11114,11271,11361,11561,11752,11888,11809,11726,11627,10845,11029,11198
3,AGO,Angola,NA,0.00954,5793,5659,5158,3799,3729,4149,4557,4728,4790,4740,4728,4768,5242,5217,5589,6205,6677,7340,7866,7646,7690,7663,8011,8100,8183,7967,7488,7216,6879,6602,6030,5912,5906
10,ATG,Antigua and Barbuda,NA,0.00413,17017,17304,17227,17812,18651,17492,18273,18889,19413,19793,20675,19434,19385,20331,21267,22381,24905,26853,26451,22933,20849,20197,20267,20176,20451,20584,21281,21672,23051,23639,19062,20501,22322
8,ARM,Armenia,NA,0.0262,5153,4474,2635,2485,2684,2913,3106,3236,3505,3660,3922,4347,4965,5699,6335,7259,8274,9476,10202,8820,9069,9551,10290,10677,11106,11506,11580,12510,13231,14318,13358,14207,16057
1,ABW,Aruba,NA,0.00116,32279,33744,34544,35958,37684,37470,36784,38202,37810,37171,39002,39920,39074,39115,41592,41019,40994,41745,41987,36629,35227,36074,35410,37406,36559,36100,36505,38868,39598,38511,29236,37334,41274
20,BHR,Bahrain,NA,0.00213,36998,39769,40972,44690,43113,43369,43737,43716,44458,45054,46154,46085,46478,47505,47455,46821,46303,46792,46589,44973,45600,46565,47794,48916,49118,48454,48486,48929,48938,49769,47994,49754,51855
28,BRB,Barbados,NA,0.00268,14086,13509,12701,12763,12984,13215,13715,14342,14853,14873,15506,15098,15155,15425,15584,16142,17058,17347,17384,16439,16011,15847,15758,15515,15480,15822,16190,16234,16063,16078,14004,13869,15417
24,BLZ,Belize,NA,0.0018,6292,6887,7608,7914,7743,7603,7456,7512,7534,7967,8656,8807,8996,9566,9724,9648,9791,9827,9406,9111,8996,8767,8886,9074,9233,9331,9141,8799,8720,8925,7586,8827,9474
25,BMU,Bermuda,NA,0.00399,65961,63959,64385,65968,65905,68313,69643,72404,74677,76772,83182,88232,86364,88727,90196,91114,95615,98258,95856,89962,88400,85829,80982,80504,77361,77843,78149,81835,81423,81682,76118,78570,81166
31,BWA,Botswana,NA,0.0071,9165,9569,9570,9477,9551,9957,10280,10881,10689,11474,11462,11263,11725,12055,12166,12494,13287,13783,13945,11729,12653,13250,12976,14144,14665,13682,14373,14657,14962,15118,13545,14907,15519
29,BRN,Brunei,NA,-0.00228,70359,70439,71781,70154,70571,71966,72321,69660,67770,68367,68866,69339,70632,71332,70415,69482,71353,70342,67934,65753,66484,68038,67793,65535,63131,62170,59981,60173,59650,61424,61604,60127,58670
17,BFA,Burkina Faso,NA,0.01141,982,1044,1021,1031,1018,1049,1135,1176,1228,1281,1267,1310,1326,1385,1403,1477,1521,1536,1578,1578,1662,1720,1776,1824,1847,1863,1917,1978,2051,2106,2090,2176,2159
14,BDI,Burundi,NA,-0.00367,1175,1209,1190,1154,1103,956,880,867,892,862,837,834,847,811,819,796,810,807,813,802,804,808,814,825,831,782,764,751,740,730,711,714,708
43,CPV,Cabo Verde,NA,0.02205,1816,1801,1950,2067,2402,2679,2915,3166,3485,3795,4256,4279,4434,4553,4951,5226,5575,6346,6718,6549,6598,6775,6767,6733,6704,6692,6901,7131,7314,7743,6073,6357,7379
101,KHM,Cambodia,NA,0.02397,1018,1058,1094,1717,1078,1154,1193,1214,1245,1376,1486,1579,1653,1761,1909,2125,2313,2506,2629,2592,2707,2857,3021,3198,3378,3565,3762,3973,4218,4464,4276,4355,4534
38,CMR,Cameroon,NA,0.00518,3483,3252,3060,2736,2709,2711,2750,2799,2854,2905,2938,2986,3037,3116,3245,3228,3261,3309,3308,3298,3299,3315,3372,3442,3530,3615,3667,3691,3733,3757,3666,3689,3724
32,CAF,Central African Republic,NA,-0.00392,1201,1157,1049,1019,1036,1081,1011,1035,1054,1062,1007,1029,1043,963,999,985,1012,1039,1038,1103,1131,1160,1209,764,765,795,818,840,855,862,848,838,824
186,TCD,Chad,NA,0.01012,1027,1075,1113,917,988,957,936,956,988,948,908,980,1028,1133,1448,1633,1586,1584,1577,1586,1741,1683,1769,1805,1862,1853,1683,1580,1564,1562,1489,1425,1413
42,COM,Comoros,NA,0.00339,2923,2695,2856,2876,2666,2704,2612,2659,2636,2634,2863,2871,2879,2882,2882,2906,2924,2888,2943,2977,3026,3085,3115,3185,3183,3151,3186,3240,3295,3291,3222,3229,3246
39,COD,Democratic Republic of the Congo,NA,0,1750,1551,1347,1129,1034,999,970,901,866,805,728,692,691,708,734,755,770,792,815,812,842,870,901,945,999,1033,1021,1024,1048,1060,1044,1074,1133
40,COG,Republic of the Congo,NA,0,5080,5059,5051,4860,4464,4518,4588,4466,4535,4302,4454,4453,4549,4461,4462,4638,4824,4342,4466,4789,5050,4997,5344,5179,5393,5288,4714,4346,4145,4094,3749,3700,3670
44,CRI,Costa Rica,NA,0.01149,9811,9781,10416,10882,11101,11291,11182,11532,12092,12344,12571,12772,12986,13333,13713,14050,14865,15862,16385,16024,16667,17186,17810,18045,18481,18956,19554,20168,20503,20818,19778,21220,22071
37,CIV,Côte d'Ivoire,NA,8.8e-4,4351,4192,4029,3877,3771,3899,4055,4294,4330,4250,4124,3931,3729,3468,3495,3451,3471,3434,3522,3573,3737,3464,3652,3963,4235,4424,4620,4836,4942,5132,5092,5316,5537
47,CYP,Cyprus,NA,0.00882,25232,24769,26386,25937,26905,28631,28530,28871,30262,31421,32943,33878,34739,35220,36499,37723,38847,39968,40398,38535,38297,37482,35643,33385,33137,34453,36509,38288,39977,41742,39872,43417,44996
50,DJI,Djibouti,NA,0.00915,4282,3981,3950,3662,3590,3421,3226,3103,3017,3019,2966,2956,2994,3038,3074,3122,3227,3343,3489,3497,3588,3789,3906,3664,3854,4074,4291,4452,4589,4768,4759,4905,4989
51,DMA,Dominica,NA,0.00813,7856,8001,8167,8336,8336,8588,8859,9064,9425,9492,9764,9785,9493,10070,10357,10410,10884,11570,12393,12247,12335,12310,12154,12044,12516,12064,12385,11512,11849,12395,10256,10899,11464
53,DOM,Dominican Republic,NA,0.0153,6207,6137,6689,7040,7085,7349,7650,8189,8600,8970,9246,9334,9613,9351,9461,10215,11009,11677,11899,11856,12677,12905,13088,13556,14335,15145,15967,16525,17484,18171,16768,18626,19338
74,GNQ,Equatorial Guinea,NA,0.03584,936,893,1160,1241,1395,1578,2530,6085,7242,8749,9891,15389,17535,19082,25164,28075,28879,31770,35689,34480,29944,30503,31681,29143,28106,24564,21566,19618,17765,16240,15046,14731,14918
181,SWZ,Swaziland,NA,0.01003,4909,4795,4760,4762,4875,5112,5199,5267,5327,5413,5443,5443,5631,5805,5976,6299,6640,6894,6913,6989,7221,7347,7701,7950,7969,8089,8113,8214,8344,8501,8290,9087,9059
60,ETH,Ethiopia,NA,0.02436,767,683,599,655,654,672,731,731,684,698,719,756,746,709,782,850,916,992,1068,1130,1236,1336,1411,1518,1629,1751,1864,1988,2067,2182,2253,2319,2381
62,FJI,Fiji,NA,0.00579,7890,7634,8079,8226,8628,8828,9202,8909,8921,9595,9329,9416,9619,9620,10032,10007,10098,9927,9962,9773,10019,10254,10368,10831,11411,11904,12179,12822,13311,13242,10962,10380,12388
66,GAB,Gabon,NA,-0.00438,17559,18135,17109,17318,17498,17904,18091,18656,18825,16716,15987,15908,15453,15380,15063,15028,14177,14571,13647,13222,13683,14146,14368,14655,14785,14892,14783,14478,14254,14478,13903,13823,13940
72,GMB,Gambia,NA,0,2080,2060,2047,2034,1974,1933,1919,1955,1965,2031,2081,2140,2012,2090,2173,2061,1988,1986,2046,2116,2172,1935,1974,1970,1885,1906,1889,1927,2013,2083,2043,2077,2114
69,GHA,Ghana,NA,0.01292,2300,2361,2392,2447,2469,2512,2568,2614,2671,2722,2752,2787,2834,2901,2983,3076,3188,3241,3447,3524,3709,4129,4403,4610,4629,4617,4662,4930,5125,5346,5264,5421,5480
76,GRD,Grenada,NA,0.00874,8572,8629,8447,8190,8247,8351,8657,9030,10030,10659,11117,10841,11183,12184,12019,13524,12898,13597,13634,12646,12494,12493,12243,12420,13216,13949,14351,14870,15402,15394,13176,13688,14463
71,GIN,Guinea,NA,0.00627,1507,1485,1485,1513,1526,1552,1576,1624,1652,1677,1685,1724,1786,1768,1771,1788,1773,1851,1881,1815,1856,1913,1977,2005,2029,2053,2217,2384,2472,2545,2604,2640,2699
73,GNB,Guinea-Bissau,NA,0,1998,2057,2021,1997,1999,2035,2225,2325,1641,1627,1681,1682,1629,1601,1607,1635,1633,1643,1653,1665,1697,1787,1710,1719,1690,1748,1811,1872,1852,1891,1804,1831,1855
80,GUY,Guyana,NA,0.0137,4818,5131,5522,5956,6444,6749,7268,7700,7556,7766,7650,7817,7900,7847,7971,7823,8239,8853,9037,9399,9832,10394,10946,11294,11428,11447,11819,12194,12374,12821,18431,21925,35635
84,HTI,Haiti,NA,0,3613,3607,3350,3107,2685,2896,2960,2985,2995,3020,2992,2928,2908,2958,2870,2909,2912,2999,3029,3156,2944,3059,3027,3111,3155,3153,3165,3200,3209,3112,2970,2881,2799
81,HKG,Hong Kong,NA,0.01131,28798,30188,31802,33199,34419,34546,34453,35910,33516,34030,36316,36252,36690,37886,40862,43689,46462,49043,49788,48459,51360,53472,53784,55230,56358,57215,58098,59842,61055,59592,55892,60037,58479
92,ISL,Iceland,NA,0.00785,35318,34952,33271,33366,34221,33666,35014,36733,39017,40104,41531,42627,42485,43095,46052,48105,49957,52827,52999,48771,47458,48186,48440,50169,50451,52143,54666,55638,56817,56615,51684,53136,55567
91,IRQ,Iraq,NA,0.01241,7449,2650,3411,4234,4191,4136,4446,5223,6823,7764,8780,8654,7694,4727,7045,6953,7293,7494,7956,7934,8178,8493,9252,9504,9195,9371,10404,9977,9995,10299,8848,8787,9199
93,ISR,Israel,NA,0.00834,23494,23144,23942,24205,25251,26891,27750,28091,28586,28795,30476,29866,29237,29114,29972,30666,31811,33136,33611,33107,34350,35597,35850,36741,37455,37633,38571,39448,40270,41151,39681,42379,44393
95,JAM,Jamaica,NA,8.3e-4,8693,9038,9129,9889,9925,10056,9951,9753,9445,9472,9497,9576,9720,10027,10111,10152,10397,10500,10376,9885,9700,9824,9715,9719,9746,9801,9906,9985,10161,10244,9206,9605,10108
102,KIR,Kiribati,NA,-5.1e-4,2045,2006,1990,1977,1981,1952,1953,1950,2042,1976,2064,1995,2029,2028,1955,2011,1971,1974,1896,1875,1819,1820,1883,1932,1883,2039,1998,1971,2039,1964,1897,2008,2003
105,KWT,Kuwait,NA,0,29856,27585,41447,54426,59469,61826,60444,59894,60106,57211,58117,56581,56701,64811,69724,74294,75551,75498,73163,64469,59780,61357,60588,57052,55584,53808,53476,50007,48943,47315,43923,45580,49400
106,LAO,Laos,NA,0.02196,1939,1966,2019,2082,2195,2292,2394,2506,2557,2696,2805,2918,3043,3181,3337,3522,3766,3988,4234,4483,4793,5104,5435,5789,6145,6499,6851,7211,7546,7840,7764,7847,7948
109,LBY,Libya,NA,-0.00693,35012,40476,37770,34922,35349,29264,29226,27993,27304,26668,27130,26040,25173,27745,28244,30783,32041,33346,32591,30511,31394,16356,32215,25908,19570,19109,18554,24213,25734,22535,15621,20274,19797
115,LUX,Luxembourg,NA,0.00787,70861,75962,76323,78469,80365,80379,80401,83703,88186,94115,99302,101143,103317,104743,107635,108632,113346,120648,118155,112230,114344,112998,112137,113051,113314,113183,116284,114986,114164,115210,112275,118510,117747
121,MDG,Madagascar,NA,-5.6e-4,1809,1645,1614,1598,1548,1524,1509,1515,1526,1549,1570,1614,1373,1464,1496,1522,1558,1599,1658,1546,1512,1493,1497,1491,1501,1508,1529,1548,1557,1585,1436,1482,1502
135,MWI,Malawi,NA,0.00739,937,989,890,963,875,1024,1077,1097,1116,1125,1116,1036,1028,1060,1088,1093,1113,1186,1240,1305,1355,1381,1368,1402,1441,1441,1437,1455,1478,1518,1490,1491,1467
122,MDV,Maldives,NA,0.01103,7303,7455,7720,7921,8294,10710,11305,12017,12694,13268,13564,12811,13509,15111,15730,13743,16588,17183,18073,16020,16522,17322,17132,17722,18370,18274,18674,19222,20150,20988,13809,18758,21271
126,MLI,Mali,NA,0.00642,1337,1464,1389,1403,1426,1408,1476,1514,1588,1633,1585,1775,1773,1874,1842,1899,1923,1925,1952,1980,2019,2017,1943,1930,2002,2060,2112,2154,2186,2219,2124,2121,2133
127,MLT,Malta,NA,0.01415,16130,16684,17287,17882,18717,19766,20378,21288,22234,23146,27523,26996,27483,28415,28264,29035,29656,30963,31940,31340,32916,32930,33979,35339,37284,39903,40319,43494,45116,46439,41754,46599,48642
124,MHL,Marshall Islands,NA,0.00578,3418,3348,3515,3655,3800,4043,3567,3285,3209,3129,3149,3352,3472,3416,3467,3536,3552,3685,3417,3558,3764,3788,3793,3995,4022,4190,4376,4649,5040,5719,5725,5976,6004
133,MRT,Mauritania,NA,0.0034,4612,4557,4467,4540,4253,4543,4711,4420,4424,4464,4171,4037,4006,4192,4297,4563,5279,5056,4915,4787,4774,4825,4886,4943,5020,5152,5081,5259,5367,5393,5236,5142,5330
134,MUS,Mauritius,NA,0.01571,8234,8507,8942,9286,9536,9859,10304,10755,11289,11437,12254,12565,12679,13334,13824,13987,14599,15365,16134,16625,17312,17989,18566,19144,19840,20545,21324,22144,23019,23676,20232,20915,22841
65,FSM,Micronesia,NA,0.00158,2925,3086,3132,3287,3185,3363,3242,3036,3115,3154,3301,3366,3383,3442,3347,3430,3448,3408,3351,3414,3500,3602,3523,3382,3291,3430,3446,3522,3514,3541,3421,3321,3264
128,MMR,Myanmar,NA,0.03494,616,604,653,683,725,765,804,839,878,962,1083,1193,1323,1492,1680,1892,2123,2361,2587,2844,3094,3241,3449,3708,3971,4214,4434,4670,4927,5214,4709,4114,4250
137,NAM,Namibia,NA,0.00826,6223,6510,6758,6439,6346,6401,6426,6527,6576,6636,6713,6656,6856,7046,7813,7915,8373,8714,8826,8727,9116,9431,9748,10122,10555,10813,10628,10335,10266,10010,9042,9209,9763
139,NER,Niger,NA,0.00414,1078,1040,1029,1000,986,977,946,929,988,952,909,942,955,942,912,945,965,960,997,980,1025,1010,1075,1090,1119,1124,1144,1156,1193,1217,1215,1187,1275
147,OMN,Oman,NA,0.00124,30462,30767,31843,32355,32635,33651,34091,35574,35967,35574,37392,38568,37683,36256,36171,36388,37663,38659,41114,42875,40820,37745,37271,36330,35032,35188,35230,34218,34212,33814,33098,34295,35337
153,PNG,Papua New Guinea,NA,0.00463,2907,3084,3388,3860,3942,3676,3820,3541,3290,3236,3048,2943,2841,2808,2792,2875,2936,3068,2966,3073,3284,3225,3283,3318,3670,3813,3924,3967,3865,3948,3742,3638,3753
155,PRI,Puerto Rico,NA,0.00287,21596,21938,22792,23650,24412,25288,25585,26585,27894,29251,30125,31958,32209,32206,35017,34371,34030,33832,33403,32930,32961,33225,33639,33922,34070,34311,34540,34364,34223,34793,32438,32767,34298
161,QAT,Qatar,NA,0.0085,59959,57998,63458,62587,63394,62854,64065,79210,84019,83864,79400,78498,80083,79141,90783,89448,94362,91737,92068,92450,103903,111880,110932,109626,106141,101972,97783,92178,91462,90762,89019,92895,96558
210,WSM,Samoa,NA,0.00966,3656,3561,3531,3642,3514,3710,3935,3920,3965,4011,4174,4446,4670,4892,5026,5344,5436,5431,5586,5516,5808,5980,5706,5660,5646,5811,6215,6239,6140,6346,6062,5535,5156
176,STP,São Tomé and Príncipe,NA,0.00537,2729,2685,2626,2624,2632,2635,2625,2603,2620,2637,2603,2401,2423,2557,2581,2684,2851,2883,2989,3016,2993,2988,3013,3105,3196,3186,3294,3373,3466,3482,3507,3502,3439
165,SAU,Saudi Arabia,NA,0.00267,42164,46601,46700,44605,43582,42469,42418,41750,41837,39233,40406,38944,36947,40164,42424,43438,42916,42025,42963,40532,41232,44643,46042,46360,47262,48535,48691,47552,47714,47025,44771,46768,50188
167,SEN,Senegal,NA,0.00497,2470,2464,2428,2394,2330,2396,2386,2402,2486,2582,2620,2669,2607,2686,2741,2788,2779,2784,2811,2813,2830,2791,2825,2815,2910,3012,3118,3259,3369,3430,3384,3512,3565
183,SYC,Seychelles,NA,0.0085,15538,15756,16809,17665,16781,16616,18011,19972,20068,20046,20713,20225,19854,18898,18427,19994,21424,23207,22075,21443,21792,24500,25016,24866,25477,25960,26923,27337,28081,29190,26705,27928,25206
170,SLE,Sierra Leone,NA,0.0092,1433,1449,1195,1213,1184,1087,1100,1022,1029,1003,1045,923,1104,1161,1195,1215,1239,1309,1346,1351,1401,1446,1623,1915,1953,1516,1574,1594,1610,1656,1586,1615,1635
168,SGP,Singapore,NA,0.0137,37326,38706,40054,43529,46865,48725,50280,52663,49789,52217,55959,53886,55492,58878,63925,67039,70826,74065,71535,69499,78192,81338,82887,85484,87703,89248,91271,95334,98280,98455,94910,107741,108036
169,SLB,Solomon Islands,NA,0.00249,2192,2256,2468,2493,2618,2800,2765,2664,2625,2543,2126,1910,1814,1889,1988,2087,2125,2154,2238,2250,2411,2528,2526,2592,2557,2535,2610,2625,2633,2617,2469,2397,2248
103,KNA,Saint Kitts and Nevis,NA,0.01111,14170,13938,14406,15183,15777,16412,17150,18086,17765,18093,19632,20427,20582,19701,20423,22341,22972,23041,25540,24609,24559,24862,24656,26042,28004,28203,29310,29318,29934,31179,26678,26460,28770
110,LCA,Saint Lucia,NA,0.0045,11419,11306,12025,11919,11951,12017,12238,12037,12680,12903,12809,12288,12247,12672,13494,13345,14080,14228,14839,14325,14267,14780,14680,14315,14437,14384,14811,15247,15623,15461,11651,13046,15100
204,VCT,Saint Vincent and the Grenadines,NA,0.01173,6480,6537,6926,7195,7085,7620,7711,7982,8317,8555,8709,8874,9364,10021,10480,10795,11614,12065,12170,12054,11571,11565,11767,12128,12329,12723,13316,13575,14042,14183,13691,13839,14573
166,SDN,Sudan,NA,0.00863,2757,2910,3053,3140,3096,3196,3304,3812,3887,3912,4041,4183,4316,4467,4571,4692,4848,4964,4994,4707,4745,5047,4711,4692,4777,4719,4733,4614,4349,4133,3875,3701,3571
177,SUR,Suriname,NA,0.00705,13634,13893,13831,12817,13123,12883,12738,13195,13240,12813,12848,13157,13300,13910,14892,15392,16103,16736,17234,17554,18255,19111,19415,19778,19629,18769,17662,17753,18438,18449,15329,14811,15048
189,TJK,Tajikistan,NA,0.0198,3991,3615,2521,2085,1617,1389,1134,1138,1191,1228,1313,1408,1528,1663,1800,1885,1980,2096,2219,2261,2360,2482,2610,2741,2858,2960,3091,3236,3405,3575,3652,3910,4137
187,TGO,Togo,NA,0.00238,1800,1737,1620,1385,1587,1637,1715,1899,1802,1794,1730,1697,1717,1785,1722,1599,1596,1532,1549,1589,1638,1688,1748,1803,1857,1910,1942,1970,2015,2064,2059,2131,2203
193,TTO,Trinidad and Tobago,NA,0.02083,9861,10091,11029,10884,11208,11577,12350,13232,14259,15351,16348,16948,18193,20703,22224,23467,26416,27513,28284,26880,27594,27324,29146,29959,30900,30460,27992,26481,25865,25698,23393,23036,23296
194,TUN,Tunisia,NA,0.01228,5660,5757,6079,6092,6171,6214,6561,6826,7065,7407,7674,7884,7909,8201,8629,8847,9226,9755,10074,10280,10478,10136,10429,10563,10767,10750,10751,10875,11047,11114,10040,10396,10569
190,TKM,Turkmenistan,NA,0.02569,7138,6628,5486,5423,4375,3970,4162,3635,3834,4397,4568,4699,4647,4738,4913,5478,5995,6565,7418,7748,8321,9379,10233,11072,11990,12540,13086,13704,14321,14993,14270,14697,14740
196,TUV,Tuvalu,NA,0.00591,2703,2749,2793,2892,3175,3008,2821,3097,3576,3518,3484,3490,3828,3639,3512,3307,3348,3545,3736,3457,3335,3512,3389,3515,3521,3896,4126,4236,4281,4832,4578,4604,4591
199,UGA,Uganda,NA,0.01476,902,921,921,963,991,1076,1142,1166,1187,1242,1242,1267,1335,1378,1429,1476,1588,1672,1765,1831,1879,1996,2014,2027,2068,2109,2137,2128,2187,2250,2240,2246,2280
209,VUT,Vanuatu,NA,0.00104,2774,2791,2793,2745,2922,2881,2879,2950,2916,2858,2954,2782,2571,2615,2653,2727,2887,2900,2989,3006,2972,2994,2954,2898,2918,2859,2922,3031,3045,3070,2849,2800,2786
214,ZMB,Zambia,NA,0.00969,2290,2233,2142,2233,1991,1999,2072,2096,2035,2074,2096,2143,2172,2252,2335,2422,2525,2641,2746,2895,3083,3147,3276,3331,3376,3365,3384,3395,3426,3372,3184,3287,3366
215,ZWE,Zimbabwe,NA,-0.00383,2705,2782,2468,2459,2670,2641,2867,2896,2932,2866,2751,2772,2510,2068,1934,1814,1736,1657,1353,1500,1800,2033,2311,2334,2317,2314,2287,2332,2400,2203,1990,2115,2208
30,BTN,Bhutan,NA,0.02233,2896,2837,3085,3298,3459,3660,3792,3927,4082,4302,4323,4560,4931,5187,5368,5644,5950,6956,7204,7603,8416,8988,9346,9443,9887,10446,11197,11619,11932,12530,11176,11596,12989
57,ERI,Eritrea,NA,0,1255,1273,1200,1366,1667,1717,1880,2030,2059,2035,1740,1827,1801,1672,1623,1601,1536,1517,1196,1317,1437,1782,1795,1592,2066,1624,1727,1537,1718,1761,1728,1750,1785
107,LBN,Lebanon,NA,0.00872,5856,8577,9777,10622,11278,11788,12876,12780,13022,12737,12697,12978,13249,13500,14182,14348,14334,15376,16503,17958,19216,19194,19180,18159,16843,16592,17228,17808,17938,17185,13791,12987,13191
111,LIE,Liechtenstein,NA,0.02041,49418,50883,55143,55747,63984,78618,79906,72345,77033,81683,75210,74658,79798,90318,100711,105752,114652,130908,143541,126261,141467,158604,149462,173659,179468,167809,165846,170876,175287,167259,165284,184083,184640
120,MDA,Moldova,NA,0.01655,9585,9171,8303,8225,5677,5618,5298,5406,5054,4891,5005,5322,5750,6147,6618,7132,7495,7738,8357,7866,8433,8929,8877,9682,10173,10216,10816,11464,12143,12777,11849,13704,13308
119,MCO,Monaco,NA,0.00731,63229,63448,63820,62637,63412,64133,64281,65158,66829,68424,70409,71227,71234,71270,72257,72881,76328,86494,86231,75699,76451,80858,80704,87377,92602,96068,98478,94233,99097,105166,92151,118177,121877
192,TON,Tonga,NA,0.00616,3625,3847,3847,3982,4169,4465,4536,4570,4651,4793,4806,4957,5168,5256,5099,5074,5040,5033,5257,4974,5003,5332,5382,5419,5553,5645,6039,6257,6288,6344,6357,6143,6369
212,YEM,Yemen,NA,0,3032,3102,3231,3235,3326,3388,3430,3505,3608,3640,3757,3793,3838,3878,3926,4037,4045,4055,4078,4112,4300,3645,3625,3693,3582,2509,2214,2048,2012,1991,1778,1722,1640
197,TWN,Taiwan,NA,0.01661,15946,17109,18355,19426,20704,21864,23033,24183,24986,26470,27909,27360,28712,29814,31767,33358,35119,37391,37562,36823,40522,41897,42661,43612,45553,46106,47009,48501,49815,51310,53142,57062,61403
939,ZNC,Northern Cyprus,NA,0.01861,10117,10267,11186,11256,11926,12957,13126,13475,14217,14901,16136,17329,17852,18401,19662,21040,22744,24922,26396,25681,25396,25317,24193,23078,22865,24192,27190,29113,30827,33375,31391,33644,35441
915,GLP,Guadeloupe,NA,0.00913,15186,15202,15482,15974,16231,16955,17427,18044,18753,19580,19866,20690,20966,21953,22363,23312,24055,24065,24662,23399,24087,24914,25377,25393,25915,26254,26839,27101,27616,27999,26360,26962,27894
922,MTQ,Martinique,NA,0.00888,16346,16364,16665,17195,17472,18250,18759,19423,20186,21076,21384,22220,22443,23128,23909,24675,25366,25571,26109,25218,26010,26753,27016,27055,27819,28321,28410,29005,29404,30185,28800,31025,31657
927,REU,Réunion,NA,0.01021,15586,15603,15890,16395,16659,17402,17887,18520,19247,20097,20390,21172,21847,22377,23210,23989,24731,25380,25548,24384,24115,24795,24883,24781,25069,25484,26043,26563,26887,27248,25875,27211,28607
916,GUF,French Guiana,NA,0.00176,13930,13945,14202,14653,14889,15553,15986,16552,17202,17961,18223,19885,19979,18495,18633,18617,19067,18477,18488,18747,18783,19198,19826,19540,19358,18660,18889,18540,18897,18490,17506,18548,18935
923,MYT,Mayotte,NA,0.02903,2105,2108,2147,2215,2250,2351,2416,2502,2600,3371,4142,4912,5683,6454,7006,7472,8184,8333,9244,8971,9309,9383,9561,9812,10177,10866,11060,11619,11439,11612,11314,11244,11462
930,SJM,Svalbard and Jan Mayen,NA,0.00442,41549,42611,43887,44859,46862,48560,50750,53158,54312,55075,56499,57390,57871,58071,60072,61273,62277,63488,62964,60996,60696,60572,61409,61285,61814,62324,62482,63513,63614,63930,62725,64844,66208
2,AFG,Afghanistan,NA,0.01034,1135,1185,1184,1184,1242,1252,1249,1314,1354,1179,1163,1220,1280,1292,1260,1352,1367,1528,1557,1824,2026,1961,2123,2165,2144,2109,2101,2096,2061,2080,1968,1516,1563
9,ASM,American Samoa,NA,0.01792,1616,2204,2367,2135,2421,2600,3680,4760,5840,6920,8000,8000,8000,8000,8000,8000,8000,8000,8833,9667,10500,11333,12167,13000,12400,11800,11200,11882,12089,12348,11143,12068,12397
5,AND,Andorra,NA,0.02068,23272,22094,23163,20733,18513,17234,18000,18250,18500,18750,19000,21600,24200,26800,32800,38800,40650,42500,44900,46700,60467,60911,57893,55673,56579,56461,57455,56352,56208,56331,49728,53143,53845
206,VGB,British Virgin Islands,NA,0.00684,26704,26682,26812,26852,26927,27016,27480,29210,29774,30508,31063,33741,34785,35539,38500,39133,39767,40400,41033,41667,42300,41143,39986,38829,37671,36514,35357,34200,33338,32629,32073,31927,32014
46,CYM,Cayman Islands,NA,0.00261,61004,59398,59740,61009,60958,62890,63956,66169,67992,69671,74810,78859,77361,79256,80433,81170,84778,84870,82125,74069,70096,69103,68270,67538,67762,68135,68824,69535,71046,72433,67531,69401,71354
910,CUW,Curaçao,NA,-0.0033,27906,28091,27651,27282,26899,26262,27513,28255,28456,28665,28614,29475,29555,29036,28599,28067,27803,27933,28187,27855,27527,27277,26957,26484,25963,25740,25197,24796,24402,23904,19907,21091,23115
64,FRO,Faroe Islands,NA,0.01917,51475,46809,33227,27809,21991,19165,16000,17000,18000,19000,20000,21312,22625,23938,25250,26562,27875,29188,30500,32083,33667,35250,36833,38417,40000,41351,43094,45022,47262,49522,50539,53972,56984
160,PYF,French Polynesia,NA,0.01523,11594,9118,8687,9308,9909,10933,11747,10800,12475,14150,15825,17500,17500,17500,18000,20000,22000,22683,23367,24050,24733,25417,26100,26375,26842,27444,28298,29288,30417,31111,30337,33059,34911
70,GIB,Gibraltar,NA,0.02615,9493,10041,11023,11994,13175,14588,16097,17500,20967,24433,27900,29960,32020,34080,36140,38200,43000,43000,43000,46117,49233,52350,55467,58583,61700,65720,69788,74308,79546,85058,86836,88425,95301
77,GRL,Greenland,NA,0.01736,20905,18773,17133,16963,17490,18316,19794,16100,17400,18700,20000,20000,22650,25300,27950,30600,33250,35900,37900,38457,39014,39571,40129,40686,41243,41800,43675,45489,47334,49981,48011,52810,59249
79,GUM,Guam,NA,0.01564,22457,21342,19007,17482,17319,18196,19000,19500,20000,20500,21000,19800,18600,17400,16200,15000,17740,20480,23220,25960,28700,29300,29900,30500,32200,33900,35600,36882,39742,42311,40355,45031,47590
87,IMN,Isle of Man,NA,0.03968,12000,12160,12320,12480,12640,12800,14300,15800,17300,18800,19900,21000,24400,27800,31400,35000,40511,46022,51533,57044,62556,68067,73578,79089,84600,90248,96087,102354,108964,115226,117593,127694,131629
156,PRK,North Korea,NA,0.00373,2506,2272,2029,1723,1308,1144,1027,1003,992,1000,1000,1000,1000,1300,1700,1700,1800,1700,1800,1800,1800,1800,1800,1800,1800,1700,1752,1805,1882,1958,1894,1982,1621
211,KSV,Kosovo,NA,0.01145,5067,5242,5304,5358,5644,5703,5872,6037,6098,6244,6507,6804,6601,6654,6309,6513,6652,7105,7032,7327,7628,8041,8105,8487,8797,9445,10031,10436,10755,11318,10707,11884,12675
108,LBR,Liberia,NA,0,1708,1736,1622,1619,1696,1685,1767,1778,1791,1767,1725,1724,1743,1208,1225,1232,1259,1311,1349,1376,1419,1476,1538,1636,1614,1581,1525,1533,1522,1456,1384,1423,1461
129,MNE,Montenegro,NA,0.00979,12176,10870,11513,12263,11704,12401,12198,12579,13236,12025,12419,12505,12692,12956,13505,14049,15233,16248,17391,16348,16764,17288,16803,17382,17675,18264,18798,19682,20687,21534,18259,20711,22109
145,NRU,Nauru,NA,0.02089,6047,2152,4905,5252,1651,2294,723,1535,1143,1095,5027,5165,5290,5349,5342,4931,4522,4218,6976,6559,6448,7054,9122,9314,10490,9679,10223,9360,9896,10530,10813,10990,11024
138,NCL,New Caledonia,NA,0.0159,22455,21459,17736,7630,7107,10234,13266,14538,15000,15000,15000,15000,14000,15000,19540,24080,28620,33160,37700,37975,38250,38525,38800,36233,33667,31100,28232,26604,24584,22929,19501,18795,18761
131,MNP,Northern Mariana Islands,NA,0.01066,10859,10753,10072,9443,8249,9484,9300,10100,10900,11700,12500,12610,12720,12830,12940,13050,13160,13270,13380,13490,13600,13500,13400,13300,17033,20767,24500,27314,29500,30729,29811,32347,33403
152,PLW,Palau,NA,0.00413,13901,15415,15450,14734,14385,14005,13988,13760,13790,12901,13301,14085,14572,14076,14740,15382,15485,16005,15288,14489,14745,15989,16523,16089,17111,18403,18365,17595,17816,17800,16405,14113,15177
172,SMR,San Marino,NA,-0.0022,81369,77193,70030,58890,56948,63240,59840,66408,70264,75442,75882,78614,77071,78287,80464,81256,83098,87796,86423,76607,71156,63459,57854,57137,56559,57543,58433,58202,58898,60076,56364,61609,59001
182,SXM,Sint Maarten,NA,-0.00641,88598,92277,90200,86275,80861,65097,56910,55510,58134,54943,52292,51897,53303,49413,50293,47860,49320,49079,49632,48472,50291,53581,52436,50267,49601,48195,47269,43056,39788,43395,36992,38361,41943
173,SOM,Somalia,NA,0.0174,1198,981,802,499,474,476,512,557,610,657,688,732,780,854,975,959,990,1035,1034,1025,1025,1040,1094,1308,1358,1444,1480,1558,1548,1547,1457,1458,1449
175,SSD,South Sudan,NA,-0.01374,1937,1908,1893,1866,1855,1835,1808,1786,1758,1734,1719,1702,1680,1647,1608,1563,1509,1484,1384,1347,1258,1056,507,624,614,595,501,459,435,426,387,396,370
184,SYR,Syria,NA,0.01954,1433,970,710,636,863,1117,1347,1778,2170,2500,3100,3200,3500,3300,3400,3900,4100,4700,5000,4600,4800,5100,4550,4000,3450,2900,3076,3288,3363,3446,3257,3451,3553
191,TLS,Timor-Leste,NA,0.00516,2528,2474,2603,2712,2825,3012,2644,2425,2366,2304,2320,2655,2431,2335,2296,2308,2157,2320,2526,2723,2915,3020,3099,3129,3205,3237,3295,3143,3076,3740,4862,5039,3943
185,TCA,Turks and Caicos Islands,NA,0.02177,7825,5384,5025,2191,305,1433,2865,2489,4739,5907,7490,8587,11514,15710,17901,21440,21643,23079,23641,23464,24899,25731,24476,23624,24661,26285,26932,25208,25568,25934,18475,19764,20718
207,VIR,"Virgin Islands, U.S.",NA,0.01792,19046,17973,16258,17970,13437,13590,14948,15410,14258,15000,15000,19000,17200,15850,14500,16900,19300,21700,24100,26500,28900,31300,33700,36100,36325,36550,36775,37000,37532,36597,33303,35114,36483
159,PSE,Palestine,NA,0.00855,3744,3840,3839,3838,3951,4047,3917,4295,4786,5052,4503,3981,3396,3774,4486,4866,4696,4751,4965,5250,5411,5783,5986,6118,5967,6049,6439,6402,6318,6245,5403,5641,5722
932,TKL,Tokelau,NA,0.02645,689,662,869,1000,1150,1299,1449,1599,1748,1898,2047,2197,2347,2496,2646,2796,2945,3095,3245,3394,3544,3693,3843,3993,4142,4292,4855,6004,6478,6817,6124,7042,7393
929,SHN,"Saint Helena, Ascension and Tris",NA,0.02864,2624,2578,2409,2243,2049,2075,2290,2411,2500,2942,3383,3825,4267,4708,5150,5592,6033,6475,6917,7358,7800,8492,8727,9299,9868,10323,10886,11463,11872,12378,12180,12420,12718
931,SPM,Saint Pierre and Miquelon,NA,0.0122,9865,8613,7438,5687,7755,10021,11000,13656,16311,18967,21622,24278,26933,29589,32244,34900,35760,36620,37480,38340,39200,40060,40920,41780,42640,43500,44314,45546,46352,47359,44308,49989,52397
901,AIA,Anguilla,NA,0.02428,8875,7885,6895,7557,7542,7749,8451,8448,7900,8200,8400,8600,7500,8150,8800,9650,10500,11350,12200,12916,14146,15298,16166,17403,18687,20091,21407,22835,23754,25074,25901,26664,27381
906,BLM,Saint-Barthélemy,NA,0.0122,9865,8613,7438,5687,7755,10021,11000,13656,16311,18967,21622,24278,26933,29589,32244,34900,35760,36620,37480,38340,39200,40060,40920,41780,42640,43500,44314,45546,46352,47359,44308,49989,52397
935,WLF,Wallis and Futuna,NA,0.02788,3088,2804,3007,2347,123,2000,2000,2000,2000,2000,2000,3700,3733,3767,3800,4240,4696,5060,5716,6017,6426,6915,7506,7742,8134,8830,9231,9400,10130,11028,10238,11327,12139
914,GGY,Guernsey,NA,0.01137,23076,20800,20465,17822,16064,17115,18451,18100,21750,25400,29050,32700,36350,40000,41136,42273,43409,44545,45682,46818,47955,49091,50227,51364,52500,52400,53578,52898,52178,51328,44585,46174,47631
919,JEY,Jersey,NA,0.01619,14827,10804,10834,14243,16824,19119,20591,21156,21132,24800,28600,32400,36200,40000,40792,41583,42375,43167,43958,44750,45542,46333,47125,47917,48708,49500,56600,58266,60324,61352,57825,63576,66881
913,FLK,Falkland Islands,NA,0.00221,70373,71633,71763,68211,81268,78264,78105,83344,80835,76562,83651,70957,55400,59480,63560,67640,71720,75800,79880,83960,88040,92120,96200,87733,79267,70800,75049,82499,83442,85165,70090,66790,65797
905,BES,"Bonaire, Sint Eustatius and Saba",NA,0.00116,15188,15877,16253,16919,17731,17630,17308,17975,17790,17490,18351,18783,18385,18404,19570,19300,19288,19642,19755,17235,16575,16973,16661,17600,17201,16985,17176,18288,18631,18120,13756,17566,19420
912,ESH,Western Sahara,NA,0.0034,2280,2254,2209,2245,2103,2246,2329,2185,2188,2207,2062,1996,1981,2073,2124,2256,2610,2500,2430,2367,2360,2386,2416,2444,2482,2547,2512,2600,2654,2667,2589,2543,2636
920,MAF,Saint-Martin,NA,0.01111,12241,12041,12445,13116,13629,14178,14816,15624,15346,15630,16959,17646,17780,17019,17643,19300,19845,19904,22063,21259,21216,21478,21300,22497,24191,24364,25320,25327,25859,26934,23047,22858,24854
921,MSR,Montserrat,NA,0.0122,18599,18295,18909,19928,20708,21541,22511,23739,23317,23748,25767,26811,27015,25859,26806,29324,30152,30242,33522,32300,31100,34000,33718,35613,38296,38568,40083,40093,40936,42638,36483,36185,39344
1004001,ALB,Albania,Berat,0.02165,3719,2754,2629,2961,3296,3839,4301,3933,4393,5088,5581,6214,6471,6804,7151,7519,7934,8384,8980,9233,8251,8750,8204,8524,8961,9427,10108,10582,10627,10834,10478,11445,12072
1004002,ALB,Albania,Dibra,0.0209,2719,2028,1948,2208,2472,2896,3262,2998,3365,3915,4315,4824,5014,5262,5520,5792,6100,6432,6875,7054,6264,6473,7404,7582,7889,8500,9119,9320,9882,10074,9743,10643,11225
1004003,ALB,Albania,Durres,0.02145,5805,4139,3805,4129,4430,4972,5370,4734,5098,5693,6023,6466,6737,7087,7452,7839,8276,8750,9377,9647,12220,11357,11318,11384,11083,11859,12143,12738,12922,13173,12740,13917,14679
1004004,ALB,Albania,Elbasan,0.01741,4786,3412,3137,3403,3651,4098,4424,3900,4199,4689,4960,5324,5565,5874,6197,6542,6931,7353,7908,8165,8099,7906,7745,8283,8392,8178,8644,8760,9135,9313,9006,9838,10377
1004005,ALB,Albania,Fleri,0.02013,5817,4135,3789,4098,4381,4900,5271,4629,4965,5522,5816,6216,6407,6665,6928,7203,7513,7844,8299,8425,9772,11629,13037,13825,14470,13042,12766,12892,13756,14024,13563,14815,15627
1004006,ALB,Albania,Gjirokastra,0.01712,4330,3247,3135,3570,4017,4725,5344,4931,5554,6486,7171,8043,8053,8121,8165,8189,8215,8221,8305,8014,8570,10711,11734,11735,12219,11769,12209,12484,12983,13235,12800,13982,14748
1004007,ALB,Albania,Korca,0.01799,4725,3361,3083,3337,3571,3998,4305,3785,4064,4525,4772,5106,5347,5652,5974,6317,6704,7125,7677,7941,7285,8188,8338,8540,8610,8717,9498,9310,9617,9805,9482,10358,10925
1004008,ALB,Albania,Kukes,0.0274,2987,2178,2048,2274,2497,2869,3172,2864,3159,3614,3918,4312,4747,5266,5829,6444,7138,7908,8869,9536,7453,8358,8169,8754,7750,7497,7514,7869,8306,8468,8189,8945,9435
1004009,ALB,Albania,Lezha,0.01151,5316,3814,3528,3854,4162,4704,5116,4542,4928,5545,5912,6398,6513,6686,6855,7023,7213,7407,7701,7673,7024,7191,7751,7483,8355,8556,9366,9219,9261,9441,9131,9974,10520
1004010,ALB,Albania,Shkoder,0.02003,4557,3260,3006,3272,3522,3967,4299,3804,4111,4609,4895,5277,5523,5836,6165,6516,6913,7343,7908,8176,7990,8675,8487,8324,8142,8625,9073,9038,9420,9604,9288,10145,10701
1004011,ALB,Albania,"TIran, Islamic Rep.a",0.02676,6223,4530,4251,4711,5162,5920,6533,5887,6481,7402,8010,8800,9364,10059,10802,11602,12507,13500,14770,15511,16513,15630,15438,15122,15310,16201,16406,17391,17981,18331,17728,19365,20426
1004012,ALB,Albania,Vlora,0.01657,4649,3410,3225,3600,3974,4590,5101,4628,5130,5899,6425,7104,7303,7576,7853,8139,8462,8806,9284,9390,10055,11550,10716,10417,10345,10169,10980,10718,11237,11456,11079,12102,12765
1006001,ARE,United Arab Emirates,Abu Dhabi,-0.00503,167768,152926,148386,141356,142438,143475,141613,141410,131241,125276,129105,122188,119787,130668,150083,162629,159834,129354,116118,93511,88360,94312,96538,101978,106836,114773,121340,122461,124329,125972,119924,124441,133483
1006002,ARE,United Arab Emirates,Ajman,-0.02518,24409,184190,165303,144339,131844,118722,102886,88052,67690,50823,37736,21433,20848,23193,24779,24416,23811,19893,15653,14313,13525,14436,14776,15609,16353,17568,18573,18744,19030,19282,18356,19047,20431
1006003,ARE,United Arab Emirates,Dubai,-0.01062,86868,77806,81974,84429,91640,99105,104720,111659,110402,112041,122533,122862,119414,118731,113625,96441,80172,72977,54463,44548,42094,44930,45990,48582,50896,54678,57806,58340,59230,60013,57131,59283,63591
1006004,ARE,United Arab Emirates,Fujaira,-0.01002,43248,42153,40847,38859,39101,39329,38761,38645,35810,34126,35110,33171,33186,32550,31765,32120,31042,26277,20519,18352,17341,18509,18946,20014,20967,22525,23814,24034,24400,24723,23536,24422,26197
1006005,ARE,United Arab Emirates,Ras al Khaimah,-0.01109,45730,43698,42272,40144,40322,40481,39819,39622,36639,34842,35767,33714,33511,33295,32854,31519,29626,24941,20235,18487,17468,18645,19085,20161,21121,22690,23988,24210,24579,24904,23708,24601,26389
1006006,ARE,United Arab Emirates,Sharjah,-0.01455,47746,42932,41128,38662,38421,38145,37086,36453,33278,31221,31598,29341,28130,28286,28056,30493,27304,22258,18392,16457,15551,16598,16990,17947,18802,20199,21355,21552,21881,22170,21106,21901,23492
1006007,ARE,United Arab Emirates,Umm al Qaiwan,-0.02235,43155,41681,39319,36355,35494,34572,32925,31647,28195,25758,25318,22765,23418,22076,21009,20678,19489,15863,12116,11036,10428,11131,11393,12035,12609,13545,14320,14453,14673,14867,14153,14686,15754
1007001,ARG,Argentina,Buenos Aires,0.00612,13258,14287,15233,16285,16999,16235,16902,18306,18927,17899,17365,16281,13872,15340,16595,17767,19140,20804,21582,20090,22061,23140,22671,22991,22205,22609,21950,22386,21632,21044,18815,20659,21508
1007002,ARG,Argentina,Catamarca,0.01697,9399,10128,10799,11545,11950,10893,10751,11639,13952,15087,13296,13362,20202,23900,25911,30308,26932,23143,17741,17684,20698,23050,23891,25551,25952,27718,28162,29994,30211,30581,27341,30021,31255
1007003,ARG,Argentina,Chaco,0.00314,7188,7747,8259,8830,9166,9347,9436,9919,9577,8841,8716,8099,7327,7805,8359,8947,8164,7293,5949,6104,7322,8328,8793,9557,9847,10653,10948,11782,11979,12230,10934,12006,12499
1007004,ARG,Argentina,Chubut,0.01356,17507,18866,20114,21504,22503,21860,23570,24401,23454,22549,24691,24108,29095,29282,31186,33820,37769,42481,45531,41302,44168,45090,42966,42349,39722,39248,36945,36499,34134,32106,28704,31518,32814
1007005,ARG,Argentina,Ciudad de Bs. As.,0.01087,40495,43639,46526,49742,52972,52400,56662,61086,63503,63050,62921,60652,48662,49389,53767,59569,63112,67458,68817,66101,74819,80818,81464,84924,84244,88035,87655,91616,90673,90289,80723,88636,92280
1007006,ARG,Argentina,Corrientes,0.01159,8114,8744,9323,9967,10022,9635,9489,10282,10575,10008,9609,9040,7622,7779,8431,9383,10233,11255,11812,11513,13209,14447,14733,15527,15560,16415,16490,17381,17338,17394,15551,17076,17778
1007007,ARG,Argentina,Crdoba,-0.00235,13862,14938,15927,17027,17947,16565,17209,18416,19250,17578,17451,16420,15558,16790,18232,19565,19686,19904,19122,17111,18034,18127,16988,16447,15133,14646,13480,12996,11835,10811,9666,10613,11050
1007008,ARG,Argentina,Entre Ros,0.00852,10236,11031,11761,12574,13180,12769,12867,13646,14127,13297,12668,12263,10461,11274,12067,12996,14297,15857,16775,15841,17642,18763,18636,19154,18745,19335,19013,19636,19211,18919,16915,18573,19336
1007009,ARG,Argentina,Formosa,0.00234,6964,7505,8002,8555,8576,8216,8134,8710,8735,8408,8016,7531,6159,6500,7040,7780,8096,8494,8500,7944,8758,9223,9071,9235,8954,9152,8919,9130,8856,8648,7732,8490,8839
1007010,ARG,Argentina,Jujuy,0.00676,8069,8696,9271,9912,10156,9794,9647,10382,10559,9773,9322,8988,8112,8591,9200,9892,10378,10981,11086,10510,11749,12541,12500,12891,12658,13098,12920,13383,13132,12969,11595,12731,13255
1007011,ARG,Argentina,La Pampa,0,15713,16933,18053,19301,20390,19385,19701,20734,22206,19618,19360,18258,18763,20139,21459,22844,21590,20230,17676,16667,18534,19685,19524,20040,19587,20178,19818,20442,19977,19651,17569,19291,20084
1007012,ARG,Argentina,La Rioja,-0.00161,11200,12069,12868,13757,13932,12901,13197,13497,13837,13519,12708,11839,9314,9647,10340,11187,11662,12257,12288,11364,12397,12918,12573,12666,12152,12291,11852,12006,11524,11135,9955,10931,11381
1007013,ARG,Argentina,Mendoza,0.00632,13341,14377,15329,16388,16924,15972,16454,17730,18069,17989,17485,16678,14576,18632,19381,19539,21970,24866,26804,23991,25291,25428,23838,23087,21250,20574,18945,18274,16649,15219,13607,14940,15554
1007014,ARG,Argentina,Misiones,0.00292,8121,8751,9330,9975,10110,9600,9515,10172,10407,10019,9558,9106,7568,7940,8595,9180,9867,10699,11074,10277,11250,11764,11490,11616,11185,11353,10988,11171,10761,10437,9331,10246,10667
1007015,ARG,Argentina,Neuqun,0.01768,20754,22365,23846,25494,25870,26198,28231,29110,26462,28370,34033,29805,36323,35701,38011,41704,52998,66248,77567,69219,72736,72874,68055,65636,60136,57925,53037,50835,45987,41697,37279,40934,42617
1007016,ARG,Argentina,Ro Negro,0.0059,13611,14667,15638,16719,17562,17350,17509,18461,18490,18524,18063,17068,14432,14984,16096,17537,19806,22506,24348,22371,24243,25093,24255,24265,23115,23210,22219,22339,21278,20401,18240,20028,20851
1007017,ARG,Argentina,Salta,0.00719,7996,8616,9186,9821,9881,9432,9456,10001,10066,9887,9709,8988,8850,9332,10033,10654,11333,12163,12459,11661,12875,13577,13373,13634,13237,13548,13222,13553,13163,12871,11507,12635,13154
1007018,ARG,Argentina,San Juan,0.00659,9867,10633,11336,12120,12340,11004,10776,11483,11931,11758,11171,10486,7997,8510,9321,10116,12209,14673,16657,15405,16805,17512,17044,17170,16473,16661,16067,16276,15622,15095,13495,14818,15427
1007019,ARG,Argentina,San Luis,-0.00216,16739,18038,19232,20561,21166,19610,19934,20723,20607,19010,18153,16988,15781,17329,18907,20333,19439,18485,16474,15426,17038,17975,17713,18065,17546,17966,17539,17985,17475,17092,15281,16779,17469
1007020,ARG,Argentina,Santa Cruz,0.01659,27916,30083,32074,34290,37411,42356,45469,41356,34511,35583,42241,39305,52661,50195,51715,55156,66329,79493,90035,80771,85363,86056,80910,78611,72610,70566,65252,63234,57912,53243,47602,52269,54417
1007021,ARG,Argentina,Santa Fe,0.00838,13703,14767,15744,16833,17776,16982,18046,18695,19258,17812,17410,16529,15968,17361,18887,20247,21895,23885,24868,23092,25295,26468,25868,26169,25213,25609,24801,25231,24322,23604,21103,23172,24124
1007022,ARG,Argentina,Santiago del Estero,0.00675,6418,6916,7373,7883,8033,7559,7520,7904,7931,7487,7477,6981,6665,7111,7640,8172,8486,8882,8866,8387,9357,9969,9917,10209,10006,10337,10179,10527,10314,10170,9093,9984,10395
1007023,ARG,Argentina,Tierra del Fuego,0.00355,42962,46298,49361,52773,51091,45273,46373,49628,48764,46024,47518,41441,40230,40328,43426,46795,51678,57524,61061,56298,61226,63601,61706,61964,59255,59734,57412,57960,55439,53382,47726,52405,54559
1007024,ARG,Argentina,Tucumn,0.00207,8328,8975,9569,10230,10533,10002,10253,10996,10973,10319,9874,9433,7799,8245,8957,9649,10366,11236,11623,10720,11661,12117,11759,11812,11299,11393,10954,11062,10584,10194,9114,10008,10419
1011001,AUS,Australia,Capital Territory,0.00775,45316,43905,42952,44438,45887,37447,38901,39694,41554,42130,44467,43399,46127,46649,47882,48321,49978,50780,50966,53854,53252,54146,56531,55615,57374,59437,59506,59636,60336,62716,61790,63007,64889
1011002,AUS,Australia,New South Wales,0.00519,32478,31930,31435,32464,33404,35338,36309,37183,38605,40241,40936,40378,41418,42173,42889,42730,42549,42955,43320,43877,43529,43875,45517,45734,47338,48688,49328,49286,49410,48943,47711,48650,50103
1011003,AUS,Australia,Northern Territory,0.01076,40744,38772,36831,35702,36679,33798,33531,34382,37624,39412,42766,42053,42940,42755,46711,50536,56080,55661,59467,54875,55912,57918,62246,63135,62556,61857,62422,62582,64006,67813,61752,62968,64849
1011004,AUS,Australia,Queensland,0.00823,28215,28182,28222,28771,29611,29428,30199,30761,31962,32647,33512,34613,35373,36424,38387,40635,41602,41850,44105,41657,40981,41933,42266,42097,42660,43134,44818,45905,46101,45000,42874,43718,45024
1011005,AUS,Australia,South Australia,0.0037200000000000002,27909,26971,26694,27514,27884,29524,30520,31901,31990,33070,34255,35446,36610,36784,37111,37190,37127,38029,38247,39013,38990,38351,39296,39289,39971,39831,39545,39711,39830,40009,40295,41088,42316
1011006,AUS,Australia,Tasmania,0.00694,25597,25490,25242,25614,26148,26035,26634,26879,27867,28197,28484,29769,30263,30956,31475,32805,33351,34094,34313,34616,34423,34412,34861,35546,36319,37069,36770,37165,37959,38931,39040,39809,40998
1011007,AUS,Australia,Victoria,0.00377,28459,27589,27661,28533,29334,32391,33555,34712,36596,37909,39006,39451,40485,41132,42299,41996,41816,42878,42320,42765,42343,42214,42931,42869,44102,44842,44824,45126,45055,45157,42901,43745,45052
1011008,AUS,Australia,Western Australia,0.01348,37372,37721,37654,39496,41341,35767,35555,36825,36765,39636,41653,42311,44205,45404,48185,52515,56721,59358,61131,61284,67589,69418,69561,73122,67865,63856,64308,64360,69837,75488,82291,83911,86418
1012001,AUT,Austria,AuÔøΩerfern,0.00868,37938,38880,39286,39195,40009,41040,41947,42776,44259,45743,47173,50738,50326,50798,51108,55420,58974,60174,59910,57381,50960,59905,61914,60352,61163,62480,60737,60325,62369,62957,57254,59386,61611
1012002,AUT,Austria,Bludenz-Bregenzer Wald,0.00965,36919,37836,38231,38142,38934,39937,40820,41627,43070,44514,45906,48738,50301,50221,53679,56059,58770,58675,61027,60860,61210,61724,61837,62672,63837,64459,62587,61968,62941,64877,60355,62602,64948
1012003,AUT,Austria,Graz,0.00378,47159,48330,48835,48722,49733,51015,52142,53173,55016,56861,58639,58559,58370,59547,61113,61995,62578,63908,64367,61727,61190,62996,63663,62457,62205,61463,62671,63426,63750,65324,61048,63320,65693
1012004,AUT,Austria,Innsbruck,0.00351,42380,43432,43886,43784,44693,45845,46858,47784,49441,51099,52696,53475,53850,54010,54404,55963,57140,58382,58441,56138,56407,57653,58094,57879,57041,56973,56939,57326,58078,59034,54399,56424,58539
1012005,AUT,Austria,Innviertel,0.00996,26569,27229,27514,27450,28019,28742,29377,29957,30996,32035,33037,33347,33979,34504,35814,37193,38446,40561,41376,39585,40970,43816,44625,45923,46872,45495,46189,48130,49182,49749,46773,48514,50332
1012006,AUT,Austria,Klagenfurt-Villach,0.0052,38564,39522,39935,39842,40669,41717,42639,43482,44989,46498,47952,47578,48139,48298,49624,51033,51483,53952,54158,51079,52689,54618,53572,52595,52530,51708,51374,53118,54602,55026,52457,54410,56449
1012007,AUT,Austria,Liezen,0.00857,28694,29406,29713,29644,30260,31040,31726,32353,33474,34597,35678,35822,36842,36924,39142,39714,40780,42470,44016,42629,43038,43489,45182,45765,45988,45766,47579,48502,49146,49585,46739,48479,50296
1012008,AUT,Austria,Linz-Wels,0.00528,48879,50094,50617,50499,51547,52876,54044,55113,57023,58935,60778,62116,61970,63357,63491,64935,66565,68013,70855,66607,68318,69522,68626,68329,67470,67787,67162,68252,70007,70231,66183,68647,71219
1012009,AUT,Austria,Lungau,0.0082,27444,28126,28420,28354,28942,29688,30345,30944,32017,33091,34125,33460,35358,35335,33950,35440,36665,37907,38973,39739,40817,41221,42679,43182,43211,43214,44123,45215,48605,46811,42768,44360,46023
1012010,AUT,Austria,Mittelburgenland,0.00562,22274,22827,23066,23012,23490,24095,24628,25114,25985,26856,27696,28698,28442,30238,29800,28863,30255,30548,29289,29292,29122,30344,29958,31008,31557,31723,32205,34319,33787,33952,32835,34057,35333
1012011,AUT,Austria,Mostviertel-Eisenwurzen,0.00611,28596,29307,29613,29544,30157,30934,31618,32243,33361,34479,35557,35748,35194,35739,36682,36852,38636,40637,41055,38804,38999,40557,41180,40896,40861,41166,41617,43898,43784,44551,41407,42949,44558
1012012,AUT,Austria,MÔøΩhlviertel,0.00909,20631,21144,21364,21315,21757,22318,22811,23262,24069,24876,25653,25878,25860,25831,26878,27026,28122,29564,30511,30700,30002,31831,33288,34135,34514,34289,35380,36235,36828,36878,35207,36518,37886
1012013,AUT,Austria,NiederÔøΩsterreich-SÔøΩd,0.00526,27111,27785,28075,28009,28591,29328,29976,30568,31628,32689,33711,34405,34545,34929,35400,35986,36602,38694,38902,36638,37757,38463,38955,38878,39499,39124,38716,39877,40844,41285,38717,40158,41663
1012014,AUT,Austria,Nordburgenland,0.00671,26747,27411,27697,27633,28207,28934,29573,30158,31203,32249,33257,33368,34518,34937,37422,36871,37185,38282,38081,37127,38146,38991,40612,41033,40515,40856,41355,42029,42343,42731,40368,41871,43440
1012015,AUT,Austria,OberkÔøΩrnten,0.00544,25442,26074,26347,26285,26831,27523,28131,28687,29681,30677,31636,31589,31727,32160,32594,32922,34942,36271,36356,35739,34555,36043,35981,36285,35997,34662,35054,36039,36249,37226,35859,37194,38588
1012016,AUT,Austria,Oststeiermark,0.0083,23913,24507,24763,24706,25219,25869,26440,26963,27898,28833,29734,30457,30519,30342,31478,31370,32725,35214,35536,34877,36590,36573,37384,37086,37901,37698,38058,40116,40277,41078,39508,40979,42514
1012017,AUT,Austria,Osttirol,0.00876,25325,25954,26225,26164,26708,27396,28001,28555,29545,30536,31490,31994,31984,32211,33367,35392,36821,36646,37317,37345,38230,38528,39472,40798,41912,42372,42866,43780,44124,44360,43020,44622,46294
1012018,AUT,Austria,Pinzgau-Pongau,0.0079,34649,35510,35880,35797,36540,37482,38310,39067,40422,41777,43083,43008,43784,44490,44625,46505,48285,50927,51523,49895,50997,52514,52805,53378,53019,53214,55347,56097,57534,57944,53767,55769,57859
1012019,AUT,Austria,Rheintal-Bodenseegebiet,0.00554,39183,40156,40575,40481,41321,42386,43323,44180,45711,47244,48721,49217,50154,49457,50014,50584,51526,54117,54171,50773,51641,54053,53921,54739,55687,58292,56570,59013,62367,58351,55321,57381,59531
1012020,AUT,Austria,Salzburg und Umgebung,0.00742,46475,47629,48127,48015,49012,50275,51386,52402,54218,56037,57788,58440,59329,59597,62087,62551,65012,68006,67784,64585,67489,69263,70533,68588,68082,68870,69570,70343,70551,71962,67187,69688,72300
1012021,AUT,Austria,Sankt PÔøΩlten,0.00745,36493,37400,37790,37702,38485,39477,40350,41147,42573,44001,45377,46370,47001,48325,48134,49358,50566,52845,53785,52694,53901,54868,54930,54801,53973,55600,55841,56700,55845,56500,54231,56250,58358
1012022,AUT,Austria,Steyr-Kirchdorf,0.00793,36723,37635,38028,37940,38728,39726,40604,41406,42842,44278,45663,46605,47060,47506,49197,51564,53517,54402,55103,50379,53445,54810,56898,57092,57748,56503,57549,56551,56735,55748,52240,54185,56216
1012023,AUT,Austria,SÔøΩdburgenland,0.00602,22358,22914,23153,23099,23579,24186,24721,25210,26084,26958,27801,28585,30146,30024,29585,29410,29201,30879,31239,30872,32115,32721,32939,32349,32949,33230,33761,34954,35266,35576,33069,34300,35585
1012024,AUT,Austria,Tiroler Oberland,0.00914,34721,35584,35955,35872,36616,37560,38390,39149,40506,41865,43173,43273,44983,46955,48218,48493,50029,51350,52467,52121,51804,53964,55172,56527,57198,58898,59902,60416,62895,62160,53080,55057,57120
1012025,AUT,Austria,Tiroler Unterland,0.00808,36897,37814,38209,38120,38911,39914,40796,41603,43045,44488,45879,46746,48067,48952,49566,51322,54173,55825,54721,53369,54625,55465,56945,57075,57360,57886,58797,59787,60494,61808,57431,59569,61801
1012026,AUT,Austria,Traunviertel,0.00676,32731,33544,33895,33816,34518,35407,36190,36905,38185,39465,40699,40495,41576,41292,41701,44575,45373,47672,47260,45274,45085,48542,47779,48118,48473,47708,49278,49879,51677,52569,48665,50477,52368
1012027,AUT,Austria,UnterkÔøΩrnten,0.00904,23966,24561,24818,24760,25274,25925,26498,27022,27959,28896,29800,30173,31851,33002,33652,34270,35503,37548,37843,35172,36309,37960,38630,38705,39543,40127,40176,40823,42551,42385,39347,40812,42341
1012028,AUT,Austria,Vienna,0.00168,52622,53929,54492,54365,55494,56924,58182,59332,61389,63448,65431,66229,67003,66062,65903,66276,67952,68732,69546,67573,68139,68569,67431,66350,65095,64156,65133,64135,65291,65429,60728,62988,65349
1012029,AUT,Austria,Waldviertel,0.00661,24610,25222,25485,25426,25954,26622,27211,27749,28711,29673,30601,31508,32102,32500,33575,33151,33525,34668,35840,34116,35136,36170,36262,36526,36788,36770,37555,38327,39283,40135,39059,40513,42031
1012030,AUT,Austria,Weinviertel,0.00643,19528,20013,20222,20175,20593,21124,21591,22018,22781,23545,24281,24609,24626,25098,25688,24786,25651,27294,27662,26760,26970,28217,27093,28024,27900,28440,29400,29905,30123,30897,30197,31322,32495
1012031,AUT,Austria,West- und SÔøΩdsteiermark,0.00766,23943,24537,24794,24736,25249,25900,26473,26996,27932,28868,29771,30138,30500,31678,32980,32857,33262,35265,35408,32949,34940,36529,36157,36441,36532,35963,37190,37667,37692,38446,37069,38449,39890
1012032,AUT,Austria,Westliche Obersteiermark,0.00507,27653,28340,28636,28569,29162,29914,30575,31179,32260,33342,34384,34897,35276,34760,35979,35163,36940,38210,39074,36213,38188,38872,39237,38703,38112,37385,39055,40101,40724,41550,39655,41131,42672
1012033,AUT,Austria,Wiener Umland/Nordteil,0.0078,25301,25930,26200,26140,26682,27370,27975,28528,29517,30506,31460,31538,31832,32042,33928,33426,34993,36280,38512,36384,36698,38549,38782,38804,37979,36147,35837,36237,36670,37296,35852,37186,38580
1012034,AUT,Austria,Wiener Umland/SÔøΩdteil,0.00365,47927,49117,49630,49515,50543,51845,52991,54038,55912,57787,59593,56869,57361,56798,59816,59780,61586,64040,63385,60746,60792,61107,60851,59255,60282,61575,61700,63917,65940,67704,57640,59786,62027
1012035,AUT,Austria,ÔøΩstliche Obersteiermark,0.00885,29665,30402,30720,30648,31285,32091,32800,33448,34608,35768,36887,38829,38029,38011,38987,42696,44949,47932,47482,44636,44356,46905,47950,47145,48445,48950,47331,49620,49294,50473,44410,46064,47790
1013001,AZE,Azerbaijan,Absheron,0.01902,19994,19675,15063,11456,9112,7976,8008,8401,9165,9769,10777,11786,12839,14081,15673,20889,28609,35887,38425,38667,40597,39505,38817,40019,40839,39331,38557,37965,38963,38630,35245,39128,40734
1013002,AZE,Azerbaijan,Aran,0.02683,3969,3906,2990,2274,1809,1583,1590,1668,1820,1939,2140,2340,2549,2796,2752,2840,3482,3949,4188,5317,5019,5165,5547,6164,6374,6766,5802,6001,5789,6282,6177,5452,5675
1013003,AZE,Azerbaijan,Daglig-Shirvan,0.02885,2417,2378,1821,1385,1102,964,968,1016,1108,1181,1303,1425,1552,1702,1799,2079,2186,2706,3187,4727,4418,3782,4090,4345,4418,5005,4627,4697,4705,5343,4753,4281,4457
1013004,AZE,Azerbaijan,Ganja-Qazakh,0.02936,2883,2837,2172,1652,1314,1150,1155,1211,1322,1409,1554,1700,1851,2031,2148,2514,3079,3201,3502,4551,4548,4440,4827,5236,5281,5745,5211,5369,4914,5372,6170,5209,5423
1013005,AZE,Azerbaijan,Kalbajar-Lachin,0.02947,1541,1516,1161,883,702,615,617,648,706,753,831,908,990,1085,1098,1291,1370,1621,1645,2036,1970,1984,2047,2368,2452,2574,2517,2863,2707,2724,2834,4255,4429
1013006,AZE,Azerbaijan,Lankaran,0.02843,2158,2123,1625,1236,983,861,864,907,989,1054,1163,1272,1385,1520,1557,1730,2054,2327,2340,3038,2931,2833,2970,3380,3674,4210,3944,3742,3417,3229,3267,3052,3178
1013007,AZE,Azerbaijan,Nakhchivan,0.044,3507,3451,2642,2009,1598,1399,1405,1474,1608,1713,1890,2067,2252,2470,2940,3609,4255,5107,6114,9937,10586,13205,14445,15584,15804,17790,16107,14060,13105,13168,14183,12152,12651
1013008,AZE,Azerbaijan,Quba-Khachmaz,0.02151,3321,3268,2502,1903,1514,1325,1330,1396,1522,1623,1790,1958,2133,2339,2306,2634,3181,3957,5818,5965,6541,6224,5913,5970,5791,5966,5518,5487,5323,6446,6268,5641,5872
1013009,AZE,Azerbaijan,Shaki-Zaqatala,0.03287,2314,2278,1744,1326,1055,923,927,973,1061,1131,1248,1364,1486,1630,1666,1920,2238,2944,3204,4074,4029,4454,5774,5520,4168,4878,4412,4625,4471,5026,5585,4188,4360
1013010,AZE,Azerbaijan,Yukhari-Karabakh,0.02947,1883,1853,1419,1079,858,751,754,791,863,920,1015,1110,1209,1326,1342,1578,1674,1980,2011,2488,2407,2425,2501,2893,2997,3146,3076,3498,3308,3328,3463,5199,5413
1015001,BEL,Belgium,Prov. Antwerpen,0.00516,42880,43491,43966,43360,44609,45564,46049,47652,48455,50028,51732,52096,52722,53021,54651,55587,56611,58242,58022,56374,57442,58013,58001,57873,58567,60060,60540,61133,61726,62907,60385,63913,65254
1015002,BEL,Belgium,Prov. Brabant Wallon,0.00641,42269,42872,43339,42743,43974,44915,45393,46974,47765,49316,50995,51354,51971,52266,53873,54795,55804,57412,57195,55571,56623,52163,53233,54570,56386,56689,58720,60087,65261,71893,67173,64050,65393
1015003,BEL,Belgium,Prov. Hainaut,0.00512,23700,24038,24300,23966,24656,25184,25452,26338,26782,27651,28593,28794,29140,29305,30206,30723,31289,32191,32069,31158,31748,32338,31940,31610,32087,32175,32167,32584,33146,33048,31253,33186,33882
1015004,BEL,Belgium,Prov. Limburg (BE),0.00528,29442,29862,30187,29772,30629,31285,31618,32719,33270,34350,35520,35769,36200,36405,37524,38167,38869,39989,39838,38707,39440,40463,40521,40417,41433,41215,41574,42300,42869,43049,40870,43701,44618
1015005,BEL,Belgium,Prov. Liège,0.00515,26754,27136,27431,27054,27833,28429,28731,29732,30233,31214,32277,32504,32895,33082,34099,34683,35321,36339,36201,35173,35840,36563,36389,36171,35981,36159,36264,36770,37271,37831,35354,38102,38901
1015006,BEL,Belgium,Prov. Luxembourg (BE),0.00492,24067,24410,24676,24336,25037,25573,25845,26745,27196,28078,29035,29239,29590,29758,30673,31198,31773,32689,32565,31640,32239,32500,31781,31610,31464,31562,31408,31837,32115,32613,30829,32776,33464
1015007,BEL,Belgium,Prov. Namur,0.00492,25899,26268,26555,26189,26943,27520,27813,28782,29266,30216,31246,31465,31844,32024,33009,33574,34192,35177,35044,34049,34694,34775,34483,34441,34735,34627,34898,35125,35503,35512,33799,35371,36113
1015008,BEL,Belgium,Prov. Oost-Vlaanderen,0.00561,33107,33579,33945,33478,34442,35179,35554,36791,37411,38626,39941,40222,40706,40937,42195,42918,43708,44967,44797,43525,44349,44850,44652,44977,45327,46577,47036,47830,48025,48557,46102,50257,51311
1015009,BEL,Belgium,Prov. Vlaams-Brabant,0.00528,38849,39402,39832,39284,40415,41281,41720,43172,43900,45325,46868,47198,47765,48036,49513,50361,51288,52766,52567,51074,52041,52325,53233,53312,53582,54851,55685,56201,57011,57834,53032,58177,59398
1015010,BEL,Belgium,Prov. West-Vlaanderen,0.00561,34695,35190,35573,35084,36094,36867,37259,38556,39206,40479,41857,42151,42658,42900,44219,44976,45805,47125,46946,45613,46477,46963,47195,47651,48598,49029,49768,50371,50824,51746,49213,52851,53960
1015011,BEL,Belgium,Région de Bruxelles-Capitale/ Brussels Hoofdstedelijk Gewest,0.00492,69146,70131,70896,69920,71934,73474,74256,76841,78136,80672,83420,84006,85016,85498,88127,89636,91287,93917,93562,90905,92627,90513,90258,89326,90031,91010,89976,90579,90747,91896,86123,89588,91467
1016001,BEN,Benin,Atacora,0.00418,1968,1989,1986,2014,1983,2064,2102,2163,2185,2127,2075,2009,1927,1819,1726,1832,1868,1940,1991,1996,1997,2012,2090,2219,2337,2359,2413,2524,2667,2766,2790,2905,3002
1016002,BEN,Benin,Atlantique,0.00813,2800,2829,2824,2852,2797,2899,2940,3012,3030,2940,2858,2757,2632,2472,2332,3750,3688,3891,4059,4122,4176,4265,4259,4354,4413,4267,4190,4210,4271,4431,4469,4654,4808
1016003,BEN,Benin,Borgou,0.00532,1810,1829,1826,1841,1802,1865,1888,1932,1940,2166,2412,2658,2894,3099,3335,2257,2310,2339,2344,2291,2236,2198,2247,2348,2434,2415,2431,2500,2597,2694,2717,2830,2923
1016004,BEN,Benin,Mono,0.00261,1943,1964,1960,1989,1960,2041,2079,2140,2163,2336,2527,2715,2889,3032,3205,1958,1993,2045,2075,2055,2032,2023,2061,2144,2213,2189,2193,2247,2324,2411,2432,2532,2616
1016005,BEN,Benin,Oueme,0.00486,2216,2240,2236,2264,2226,2314,2354,2418,2440,2587,2753,2913,3057,3167,3307,2788,2833,2876,2887,2825,2760,2716,2762,2873,2964,2926,2929,2997,3097,3213,3241,3375,3487
1016006,BEN,Benin,Zou,0.00669,1818,1837,1833,1860,1832,1907,1943,1999,2020,1920,1824,1714,1586,1437,1298,2152,2178,2220,2236,2201,2161,2136,2223,2365,2497,2524,2587,2711,2870,2977,3003,3127,3231
1018001,BGD,Bangladesh,Barisal,0.01808,1679,1704,1763,1810,1703,1608,1658,1709,1772,1827,1854,1878,1879,1899,1930,1987,2089,2208,2315,2406,2505,2629,2760,2883,3014,3167,3344,3514,3721,3963,4046,4267,4510
1018002,BGD,Bangladesh,Bogra,0.01883,1662,1686,1745,1792,1689,1600,1659,1719,1792,1858,1908,1957,1984,2031,2091,2183,2295,2426,2543,2642,2752,2888,3032,3167,3311,3479,3674,3860,4088,4353,4445,4687,4954
1018003,BGD,Bangladesh,Chittagong,0.0193,2667,2705,2799,2874,2823,2798,2853,2907,2979,3038,3142,3244,3311,3413,3538,3719,3911,4134,4334,4503,4690,4922,5167,5398,5642,5929,6261,6579,6966,7419,7574,7988,8443
1018004,BGD,Bangladesh,Chittagong H.T.,0.01728,4995,5067,5242,5383,3887,2354,2263,2164,2070,1958,1948,1933,1893,1869,1853,1859,1955,2067,2167,2251,2345,2461,2583,2698,2821,2964,3130,3289,3482,3709,3786,3993,4221
1018005,BGD,Bangladesh,Comilla,0.019,1591,1614,1670,1715,1623,1543,1576,1608,1651,1687,1738,1788,1819,1869,1931,2022,2126,2247,2356,2448,2550,2676,2809,2935,3068,3223,3404,3577,3787,4033,4118,4343,4590
1018006,BGD,Bangladesh,Dhaka,0.0201,1835,1862,1926,1978,2729,3547,3609,3670,3753,3819,3922,4020,4073,4169,4291,4477,4708,4976,5217,5421,5646,5925,6220,6497,6792,7137,7537,7919,8385,8930,9117,9615,10163
1018007,BGD,Bangladesh,Dinajpur,0.01894,1629,1653,1710,1756,1719,1699,1748,1797,1859,1913,1968,2021,2052,2104,2169,2268,2385,2521,2643,2746,2860,3001,3151,3291,3441,3615,3818,4012,4248,4524,4619,4871,5148
1018008,BGD,Bangladesh,Faridpur,0.01874,1702,1727,1787,1835,1631,1433,1479,1525,1581,1632,1674,1714,1734,1773,1823,1900,1998,2111,2214,2300,2396,2514,2639,2757,2882,3028,3198,3360,3558,3789,3869,4080,4312
1018009,BGD,Bangladesh,Jamalpur,0.02148,1802,1828,1891,1942,1702,1468,1520,1574,1640,1699,1818,1939,2042,2170,2317,2507,2636,2786,2921,3035,3161,3317,3482,3637,3802,3995,4219,4433,4694,4999,5104,5383,5690
1018010,BGD,Bangladesh,Jessore,0.02066,1717,1741,1802,1850,1836,1841,1891,1942,2005,2060,2177,2294,2389,2512,2656,2845,2991,3162,3315,3444,3588,3765,3952,4128,4316,4535,4789,5032,5328,5674,5793,6109,6458
1018011,BGD,Bangladesh,Khulna,0.02004,1952,1980,2049,2103,2072,2060,2124,2189,2269,2341,2451,2561,2645,2759,2893,3076,3235,3419,3585,3725,3879,4071,4274,4464,4667,4904,5179,5441,5762,6136,6265,6606,6983
1018012,BGD,Bangladesh,Kushtia,0.01845,1649,1673,1731,1777,1756,1753,1796,1840,1896,1943,1985,2023,2039,2075,2123,2203,2316,2448,2567,2667,2778,2915,3060,3197,3342,3511,3708,3896,4126,4394,4486,4731,5000
1018013,BGD,Bangladesh,Mymensingh,0.01834,1456,1477,1529,1570,1588,1623,1666,1710,1765,1812,1849,1882,1895,1926,1968,2039,2144,2266,2376,2469,2572,2699,2833,2959,3093,3251,3433,3607,3819,4067,4153,4379,4629
1018014,BGD,Bangladesh,Noakhali,0.01831,1365,1385,1433,1471,1498,1543,1585,1627,1680,1726,1761,1792,1804,1833,1873,1940,2040,2156,2260,2348,2446,2567,2695,2815,2942,3092,3265,3431,3633,3869,3950,4165,4403
1018015,BGD,Bangladesh,Pabna,0.02042,1293,1312,1357,1394,1550,1730,1776,1822,1881,1932,2026,2120,2192,2290,2405,2560,2692,2846,2984,3100,3229,3388,3557,3716,3884,4081,4310,4529,4795,5107,5214,5498,5812
1018016,BGD,Bangladesh,Patuakhali,0.01886,1738,1763,1824,1873,1887,1922,1970,2019,2081,2135,2194,2250,2282,2337,2407,2514,2643,2794,2929,3044,3170,3327,3492,3648,3813,4007,4232,4446,4708,5014,5119,5398,5706
1018017,BGD,Bangladesh,Rajshahi,0.01945,1496,1518,1570,1612,1637,1681,1736,1793,1862,1924,1997,2069,2118,2191,2279,2404,2527,2671,2801,2910,3031,3181,3339,3488,3646,3831,4046,4251,4502,4794,4895,5162,5456
1018018,BGD,Bangladesh,Ranpur,0.01891,1468,1489,1541,1582,1514,1459,1509,1560,1622,1678,1725,1771,1797,1842,1899,1984,2086,2205,2312,2403,2502,2626,2757,2880,3010,3163,3340,3510,3716,3958,4041,4261,4504
1018019,BGD,Bangladesh,Sylhet,0.01874,1750,1775,1837,1886,1737,1599,1642,1686,1741,1789,1834,1877,1899,1941,1994,2078,2185,2309,2421,2516,2620,2750,2887,3015,3152,3312,3498,3675,3891,4144,4231,4462,4716
1018020,BGD,Bangladesh,Tangali,0.01949,1562,1585,1640,1684,1562,1450,1500,1550,1611,1667,1733,1798,1845,1912,1992,2104,2213,2339,2452,2548,2654,2785,2923,3054,3192,3354,3542,3722,3941,4197,4285,4519,4776
1019001,BGR,Bulgaria,Blagoevgrad,0.0085,9643,8912,8348,8286,8460,8736,9234,7975,8329,7668,8056,8236,8655,9970,11133,11249,10918,11827,12348,11923,11368,12152,12571,12705,12480,12630,12835,13073,13748,13844,13743,14874,16396
1019002,BGR,Bulgaria,Burgas,0.00432,15780,14583,13661,13559,13845,14296,15111,13051,13629,12548,13182,10474,10889,12106,13137,15539,16041,16285,17231,16187,16320,16612,16433,16580,15135,16834,17934,18470,17760,18002,14458,15648,17249
1019003,BGR,Bulgaria,Dobrich,0.00572,11594,10715,10038,9963,10173,10504,11103,9589,10014,9220,9686,8674,9176,9975,10499,10963,10746,10595,11974,11068,12649,12421,12546,12886,12902,12785,13031,13315,12957,13413,13244,14334,15801
1019004,BGR,Bulgaria,Gabrovo,0.01097,11676,10791,10109,10033,10244,10579,11181,9657,10085,9285,9754,10889,12270,12141,12717,13643,14022,15334,15038,14911,14569,15074,15677,15139,16161,16828,17421,18345,19092,19377,18785,20331,22412
1019005,BGR,Bulgaria,Haskovo,0.00659,9305,8599,8055,7995,8164,8430,8910,7695,8036,7399,7773,8389,8784,9535,10168,10218,10136,10895,11551,10479,9838,10523,10729,10304,10577,11194,11361,11657,12065,12111,11657,12616,13907
1019006,BGR,Bulgaria,Kardzhali,0.00978,7775,7185,6731,6681,6821,7044,7445,6430,6715,6183,6495,6727,7585,9097,9858,10538,10252,10128,10808,10136,9772,9600,10622,10269,9981,10387,10663,11091,11970,12883,14070,15228,16786
1019007,BGR,Bulgaria,Kyustendil,0.00341,11629,10748,10068,9993,10203,10536,11137,9618,10044,9248,9715,10335,10766,12297,11717,11284,11233,11886,11402,10369,11494,10719,10687,10768,11422,12149,12065,12255,13116,12687,12615,13653,15051
1019008,BGR,Bulgaria,Lovech,0.00691,10677,9867,9244,9175,9368,9673,10225,8831,9222,8491,8920,9573,10145,10534,11266,11664,11792,13430,12918,11931,11788,12272,12464,12550,12958,12737,13654,13409,13637,13787,14115,15276,16840
1019009,BGR,Bulgaria,Montana,0.00992,8380,7744,7254,7200,7352,7592,8024,6930,7238,6664,7000,7760,8591,8713,9334,9669,9681,10041,11125,10225,10270,10506,10674,11470,11045,11744,12231,12946,12761,12763,12990,14059,15498
1019010,BGR,Bulgaria,Pazardzhik,0.01042,8525,7879,7381,7326,7480,7724,8164,7051,7363,6780,7122,6972,7749,8465,9401,10032,12359,12228,12354,10978,12635,12304,12945,12319,11427,12924,11794,12088,13017,13365,13976,15126,16674
1019011,BGR,Bulgaria,Pernik,0.0065,9513,8791,8235,8174,8346,8619,9110,7868,8216,7565,7947,8389,9708,9456,11395,11433,11327,12743,15061,10751,11620,11231,10156,9710,9867,9734,10816,11560,12928,12537,11981,12968,14295
1019012,BGR,Bulgaria,Pleven,0.00571,10382,9594,8988,8921,9109,9406,9942,8586,8967,8256,8673,9565,9573,9512,9564,10589,10781,11173,11137,10729,10258,10819,10638,11073,11014,11212,11272,11641,12419,13149,12900,13962,15391
1019013,BGR,Bulgaria,Plovdiv,0.0128,10384,9597,8990,8923,9111,9408,9944,8589,8969,8258,8675,9333,9687,10618,11555,12670,13101,13636,13805,14566,14683,15156,15405,15712,15230,16370,17475,17918,18558,19388,18703,20242,22314
1019014,BGR,Bulgaria,Razgrad,0.01043,8662,8005,7499,7443,7600,7848,8295,7164,7481,6888,7236,8345,9794,9801,9661,10618,10443,10664,11162,10194,11253,11573,12947,13034,13313,12440,12971,13264,13719,13969,13502,14613,16108
1019015,BGR,Bulgaria,Ruse,0.01066,10862,10038,9403,9333,9530,9841,10402,8983,9381,8638,9074,9525,10385,10799,11468,12447,12916,13967,15249,14356,12851,13883,14518,14935,15945,15953,16374,16545,16624,17125,16429,17781,19601
1019016,BGR,Bulgaria,Shumen,0.00905,9177,8481,7945,7886,8052,8314,8788,7590,7926,7298,7666,8130,8820,9532,9585,10496,10779,11205,12412,11145,11253,11366,11901,12172,12172,12221,12559,13122,13274,13641,13234,14324,15790
1019017,BGR,Bulgaria,Silistra,0.0044,9018,8334,7807,7749,7912,8171,8636,7459,7789,7172,7534,8497,8984,8768,9368,9910,9617,9603,10385,9383,9077,9725,9181,9411,9694,9567,9493,9983,9927,10299,10436,11295,12451
1019018,BGR,Bulgaria,Sliven,0.00582,8766,8101,7589,7532,7691,7942,8394,7250,7571,6971,7323,7874,8599,8731,9337,9585,9407,9228,9734,9384,9688,9972,10477,9488,9834,9416,9936,10437,10734,10895,10657,11534,12714
1019019,BGR,Bulgaria,Smolyan,0.0111,9329,8622,8077,8016,8185,8452,8934,7716,8058,7419,7794,9392,9689,9776,10575,11251,11240,11892,14001,12506,12746,12625,12919,12525,12972,14103,13679,14751,14973,15664,15203,16455,18139
1019020,BGR,Bulgaria,Sofia,0.01432,12219,11292,10578,10499,10720,11070,11701,10106,10553,9717,10207,9560,10408,11422,13032,14405,16511,16017,16800,18737,16343,20181,21073,18839,19318,21415,20907,23274,22131,22814,22368,24209,26687
1019021,BGR,Bulgaria,Sofia (Stolitsa),0.01658,21673,20029,18763,18623,19015,19636,20754,17925,18719,17235,18105,20449,23044,24193,26016,28493,32975,37657,40643,39838,41804,42095,41259,41262,41278,43259,44581,45564,47152,51696,49473,53544,59025
1019022,BGR,Bulgaria,Starazagora,0.01306,14217,13139,12308,12216,12474,12881,13615,11758,12279,11306,11877,13183,12948,14395,15261,16263,16136,15996,17972,18473,18362,18091,19786,20743,23837,21835,25522,25776,24425,21845,20607,22304,24586
1019023,BGR,Bulgaria,Targovishte,0.01066,8910,8235,7714,7656,7818,8073,8533,7369,7696,7086,7444,8001,9011,8746,9295,10080,11049,11564,11402,10635,11038,11451,11889,12188,11642,12412,13565,13327,14098,14031,13883,15026,16563
1019024,BGR,Bulgaria,Varna,0.00915,14658,13546,12690,12595,12861,13280,14037,12123,12660,11657,12245,12386,12635,13346,14464,15316,17306,18584,19923,18553,17773,18852,19322,18898,20083,20384,20197,20739,21845,21891,19952,21594,23804
1019025,BGR,Bulgaria,Veliko Tarnovo,0.00795,10421,9631,9022,8954,9143,9441,9979,8619,9001,8287,8705,9252,10653,10222,10673,11280,11735,11682,11929,11886,12481,12245,12580,13013,12868,13260,13340,13705,14734,14837,14385,15569,17162
1019026,BGR,Bulgaria,Vidin,0.00666,8728,8066,7556,7500,7658,7908,8358,7219,7539,6941,7292,8244,8917,8996,9453,9707,9453,10101,10645,10207,9639,9567,9460,9872,10102,10061,9995,10927,11189,11698,11238,12163,13408
1019027,BGR,Bulgaria,Vratsa,0.00443,15491,14316,13411,13311,13591,14035,14834,12812,13380,12319,12941,12504,12987,13401,13523,14169,13482,13411,14907,14055,15032,15247,15339,13755,15746,14826,15133,17412,21239,17816,19807,21438,23632
1019028,BGR,Bulgaria,Yambol,0.0117,8748,8084,7573,7517,7675,7925,8377,7235,7556,6957,7308,7788,8321,8860,9379,9175,9389,9481,10287,10634,11533,11500,12375,11916,12813,13120,13242,13267,13697,13592,13388,14490,15973
1021001,BHS,Bahamas,Family Islands,0,33854,31809,29952,29401,29728,30456,31186,31058,31988,33756,34648,35065,35546,34636,34478,35170,35565,35582,34271,32376,32421,32224,32869,31639,31943,31976,30179,36643,37913,34893,26562,30962,35228
1021002,BHS,Bahamas,Grand Bahama,-0.00174,37601,35329,33268,32656,33018,33827,34638,34496,35529,37492,38482,38946,39481,38470,38294,39063,39502,39521,38064,35960,36010,35791,36507,35141,35478,35515,35920,32149,32470,33891,25800,30073,34216
1022001,BIH,Bosnia and Herzegovina,Brčko,0.01711,1807,2257,2090,2157,2067,2504,4539,5888,6693,7267,8141,8304,8711,9077,10431,10864,10254,11344,11454,11569,11677,12425,12596,13265,14112,15557,13306,13718,13898,15178,14905,16236,17095
1022002,BIH,Bosnia and Herzegovina,Federacija Bosna i Hercegovina,0.01861,1573,1964,1819,1878,1799,2179,3951,5124,5825,6325,7085,7228,7582,7900,8311,8541,9028,9711,10407,10305,10737,11019,11306,11797,12298,13084,13311,13923,14680,15253,14979,16317,17180
1022003,BIH,Bosnia and Herzegovina,Repuplika Srpska,0.02364,1432,1788,1656,1709,1638,1984,3597,4665,5303,5758,6450,6580,6903,7192,7929,8605,9274,9876,10612,10396,10441,10734,10577,10911,10818,11244,12495,13036,13639,14183,13929,15172,15975
1023001,BLR,Belarus,Brest,0.01944,6970,6881,6204,5718,5053,4540,4679,5230,5689,5904,6270,6591,6957,7488,8389,9226,10195,11106,12263,12298,13266,13995,14237,14368,14590,13996,14027,6345,14958,15093,15256,14925,14326
1023002,BLR,Belarus,Homyel',0.01944,7618,7521,6781,6249,5523,4962,5114,5716,6218,6453,6853,7203,7603,8184,9169,10084,11143,12139,13403,13442,14499,15297,15560,15704,15947,15298,14123,6388,15480,15473,15579,16609,15943
1023003,BLR,Belarus,Hrodna,0.01944,7823,7722,6963,6417,5671,5095,5251,5869,6385,6626,7037,7396,7807,8403,9415,10354,11442,12464,13762,13802,14888,15707,15978,16125,16374,15708,15723,6975,17151,17083,17116,18950,18190
1023004,BLR,Belarus,Mahilyow,0.01944,6944,6855,6181,5696,5034,4523,4661,5210,5668,5882,6247,6566,6930,7459,8357,9191,10157,11064,12216,12252,13216,13942,14183,14314,14535,13943,13599,6009,14393,13976,13930,14306,13732
1023005,BLR,Belarus,Minsk city,0.01944,13840,13662,12318,11353,10032,9015,9290,10383,11296,11722,12450,13085,13812,14866,16656,18318,20243,22051,24347,24418,26339,27788,28267,28528,28969,27790,28001,12147,28887,29481,29051,29557,28371
1023006,BLR,Belarus,Minsk oblast,0.02343,10840,10701,9648,8892,7858,7061,7276,8133,8848,9182,9751,10249,10818,11644,13046,14347,15855,17271,19070,19125,20630,21764,22140,22344,22690,21766,20107,92284,21651,22951,21973,23492,22549
1023007,BLR,Belarus,Vitsyebsk,0.01944,7246,7153,6450,5944,5253,4720,4864,5436,5914,6138,6518,6851,7232,7784,8721,9591,10598,11545,12747,12785,13790,14549,14800,14936,15167,14550,13548,5769,13891,14067,14805,14528,13945
1026001,BOL,"Bolivia, Plurinational State of",Beni,0.00628,4403,4242,4040,4096,4116,4157,4214,4399,4466,4692,4725,4724,4661,4599,4620,4616,5022,4995,5085,5194,5288,5064,5227,5477,5666,5832,5971,6116,6265,6304,5671,5941,6078
1026002,BOL,"Bolivia, Plurinational State of",Chuquisaca,0.00548,4225,4214,4080,4137,4021,3991,3924,4123,4265,4535,4405,4360,4349,4228,4351,4343,4531,4547,4773,4820,4997,4709,4860,5089,5263,5414,5541,5675,5812,5848,5261,5511,5638
1026003,BOL,"Bolivia, Plurinational State of",Cochabamba,0.00772,4547,4573,4539,4667,4862,5088,5233,5371,5507,5489,5513,5419,5346,5208,5405,5394,5520,5624,5704,5752,5904,6637,6855,7193,7454,7684,7878,8074,8281,8332,7495,7852,8033
1026004,BOL,"Bolivia, Plurinational State of",La Paz,0.00986,4000,4207,4290,4395,4522,4701,4762,4688,4422,4482,4418,4374,4549,4733,4813,4818,4946,5116,5344,5525,5713,5898,6089,6385,6612,6812,6979,7151,7331,7377,6636,6952,7112
1026005,BOL,"Bolivia, Plurinational State of",Oruro,0.00396,4457,4742,4762,5055,5484,5838,5948,6650,7157,6974,6875,6935,6753,6401,6061,6290,6569,6734,7905,8282,8431,6015,6212,6514,6748,6951,7122,7298,7481,7528,6772,7095,7258
1026006,BOL,"Bolivia, Plurinational State of",Pando,0.0021,5677,5577,5421,5609,5980,6186,6245,6567,7288,7514,7931,8168,7851,7438,7437,7461,7559,8129,8263,8009,8060,6266,6470,6786,7032,7246,7426,7611,7802,7851,7062,7399,7569
1026007,BOL,"Bolivia, Plurinational State of",Potos,0.01183,2546,2677,2742,2859,2711,2737,2858,2884,2865,3035,3177,3094,3213,3410,3499,3594,3731,4194,5180,5563,5503,4228,4363,4566,4719,4851,4961,5082,5203,5235,4709,4934,5047
1026008,BOL,"Bolivia, Plurinational State of",Santa Cruz,0.00865,5728,5912,5800,5838,6017,6082,6293,6498,7111,6593,6736,6769,6616,6590,6622,6730,6830,6866,6889,6898,6985,9123,9428,9911,10293,10631,10916,11194,11493,11565,10403,10899,11149
1026009,BOL,"Bolivia, Plurinational State of",Tarija,0.01051,5140,5341,5190,5125,5158,5021,5135,5853,6336,6098,6219,6534,7380,8257,9604,11787,12341,13004,13295,12832,13466,7722,7976,8377,8690,8967,9200,9431,9678,9738,8760,9177,9388
1027001,BRA,Brazil,Acre,0.00413,6184,6141,6007,6203,6462,6631,6672,6794,6715,6649,6845,6851,6973,6793,6842,6841,6798,7561,8032,7964,8099,7885,8293,8770,9376,8672,7964,7851,7693,7422,7248,7571,7756
1027002,BRA,Brazil,Alagoas,0.00715,4881,4847,4741,4895,5100,5234,5266,5362,5300,5248,5402,5407,5503,5227,5369,5470,5709,5985,6108,6174,6308,6757,6794,6703,6790,7098,6965,7144,7143,7398,7420,7751,7940
1027003,BRA,Brazil,Amapá,0.00302,7506,7454,7291,7528,7844,8049,8099,8246,8151,8071,8308,8315,8463,7710,7962,7716,8587,9237,9605,8784,8816,9072,9889,10306,9823,9247,8670,8856,8832,8664,8433,8809,9024
1027004,BRA,Brazil,Amazonas,0.00519,9112,9049,8852,9140,9523,9772,9832,10011,9895,9798,10086,10095,10275,10308,11289,11200,12076,12259,12279,11466,12730,13411,12487,12944,12315,11242,10522,10471,10701,10931,10850,11333,11610
1027005,BRA,Brazil,Bahia,0.00774,5396,5358,5242,5412,5638,5786,5822,5928,5859,5802,5972,5977,6084,6040,6491,6809,6843,7102,7199,7851,8022,7951,7994,8081,8149,8243,8010,7992,8430,8256,8047,8405,8610
1027006,BRA,Brazil,Ceará,0.00823,4583,4552,4453,4597,4790,4915,4945,5035,4977,4928,5073,5077,5168,5090,5271,5402,5667,5666,6121,6322,6835,7087,6994,7372,7846,7503,7303,7483,7494,7501,7150,7468,7651
1027007,BRA,Brazil,Distrito Federal,0.00318,30686,30472,29810,30778,32067,32906,33110,33713,33322,32995,33965,33994,34600,32249,33497,34582,35560,34409,36641,38223,40587,39548,38457,37421,38098,37833,37414,36742,37367,38000,34240,35764,36639
1027008,BRA,Brazil,Espírito Santo,0.00681,10320,10248,10026,10351,10785,11067,11135,11338,11207,11097,11423,11433,11637,11715,13509,14697,15452,16546,17903,15658,17626,19957,20270,18128,18246,15665,13003,12884,15047,14312,13404,14001,14343
1027009,BRA,Brazil,Goiás,0.00595,9057,8994,8799,9084,9465,9712,9773,9951,9835,9739,10025,10033,10213,10371,10574,10211,10723,11509,12044,12255,12979,13389,13993,13957,13924,13434,12838,12922,12333,12450,12397,12949,13266
1027010,BRA,Brazil,Maranhão,0.01046,3352,3329,3256,3362,3503,3595,3617,3683,3640,3604,3710,3713,3780,4012,4187,4382,4810,4592,5159,4950,5127,5293,5591,5913,6173,5813,5802,5837,6088,5762,5913,6176,6327
1027011,BRA,Brazil,Mato Grosso,0.01278,9000,8938,8743,9027,9405,9651,9711,9888,9773,9678,9962,9970,10148,12164,13874,13019,10759,12112,14195,13746,13537,15080,15873,16639,17281,16824,17723,17307,17419,17081,19936,20823,21332
1027012,BRA,Brazil,Mato Grosso do Sul,0.01021,9383,9317,9115,9411,9805,10061,10124,10308,10189,10089,10385,10394,10579,12164,11957,11162,11619,12132,13288,12799,14077,14973,15394,15874,16588,16028,16201,16213,16980,16115,17175,17940,18379
1027013,BRA,Brazil,Minas Gerais,0.00812,8263,8205,8027,8287,8635,8860,8915,9078,8972,8884,9146,9153,9317,9389,10312,10431,10931,11406,12044,11691,13071,13658,13826,14063,13715,12728,12270,12454,12748,12896,12618,13180,13502
1027014,BRA,Brazil,Paraná,0.00777,11001,10924,10687,11034,11496,11796,11870,12086,11946,11829,12176,12187,12404,13418,13881,13233,13268,14696,15048,15013,15706,16425,16760,17997,17290,17271,16901,16990,16913,17081,16671,17413,17839
1027015,BRA,Brazil,Paraíba,0.00791,4455,4424,4328,4469,4656,4778,4807,4895,4838,4791,4931,4936,5024,5061,5032,5201,5759,5766,6177,6399,6484,6595,6913,7032,7388,7229,6989,7073,7027,7085,6848,7152,7327
1027016,BRA,Brazil,Pará,0.0102,5013,4978,4870,5028,5239,5376,5409,5508,5444,5390,5549,5554,5653,5562,6201,6193,6475,6671,7104,6436,7913,8611,8546,9027,8494,8189,7895,8467,8267,8683,9777,10212,10462
1027017,BRA,Brazil,Pernambuco,0.00739,5448,5410,5293,5465,5693,5842,5879,5986,5916,5858,6030,6035,6143,5745,6159,6361,6534,6737,6921,7219,8023,8338,8895,9097,9204,8590,8410,8748,8560,8669,7909,8261,8463
1027018,BRA,Brazil,Piauí,0.01449,3002,2981,2916,3011,3137,3219,3239,3298,3260,3228,3323,3326,3385,3477,3604,3795,4406,4158,4462,4841,5182,5556,5624,5831,6499,6250,6097,6430,6732,6753,6762,7063,7236
1027019,BRA,Brazil,Rio Grande do Norte,0.00663,5809,5769,5644,5827,6071,6230,6268,6383,6309,6247,6430,6436,6551,6218,6638,7083,7530,7981,7976,7762,8297,8596,8924,9063,8724,8507,8122,8368,8397,8519,7969,8324,8528
1027020,BRA,Brazil,Rio Grande do Sul,0.00708,11601,11521,11270,11636,12124,12441,12518,12746,12598,12475,12841,12852,13081,13714,13939,13395,13482,14581,15094,15278,16422,16585,16577,17665,17573,17370,17128,17059,17607,17758,16223,16945,17359
1027021,BRA,Brazil,Rio de Janeiro,0.00533,15291,15185,14855,15337,15980,16397,16499,16799,16605,16442,16925,16939,17242,16453,18080,18686,19286,19212,20462,19505,20501,21440,21984,22777,22439,20370,18205,18331,19291,18918,17081,17841,18277
1027022,BRA,Brazil,Rondônia,0.01001,6372,6327,6190,6391,6659,6833,6875,7000,6919,6851,7053,7059,7185,7820,8029,8687,8366,9107,9954,10041,11111,11689,11755,10687,10712,10576,10441,10997,11147,11096,11302,11805,12094
1027023,BRA,Brazil,Roraima,0.00329,8424,8365,8183,8449,8803,9033,9089,9255,9148,9058,9324,9332,9499,8770,8423,8694,9440,9592,9949,9890,10751,10670,10194,10957,10793,10360,10128,10569,10115,9881,9990,10435,10690
1027024,BRA,Brazil,Santa Catarina,0.00801,12040,11956,11696,12076,12582,12911,12991,13228,13074,12946,13327,13338,13576,13810,14530,14809,15303,16144,17193,16399,17978,18536,18710,19189,19846,18682,17571,18073,18386,18894,18950,19794,20278
1027025,BRA,Brazil,Sergipe,0.00433,6837,6790,6642,6858,7145,7332,7378,7512,7425,7352,7568,7574,7710,7572,7856,7813,8217,8584,9184,8335,9306,9372,9661,9551,9293,8792,8115,8120,8045,8141,7706,8049,8246
1027026,BRA,Brazil,São Paulo,0.0048,16603,16488,16129,16653,17351,17804,17915,18241,18030,17853,18377,18393,18721,18459,18685,19573,20109,21492,21816,21748,22742,23076,23094,23314,23227,22348,21545,21461,21175,21416,20212,21112,21628
1027027,BRA,Brazil,Tocantins,0.01192,5387,5349,5233,5403,5629,5776,5812,5918,5850,5792,5962,5967,6074,6493,6545,6288,6504,7499,8121,7841,8626,8791,9056,9554,9630,9766,9745,10040,10003,10478,10801,11282,11557
1033001,CAN,Canada,Alberta,0.01029,41636,40245,40110,40709,42059,42727,44430,46776,45834,48124,55853,56711,54675,58815,62538,68500,70749,70788,75362,62706,66029,69777,70318,73689,77493,66361,61170,64358,65045,64130,53003,55470,56533
1033002,CAN,Canada,British Columbia,0.00533,35106,33933,33819,34324,35462,36025,35573,36364,36502,37333,38519,38244,39008,39610,41210,42585,44169,44500,43418,42165,42273,42869,42607,42711,43511,44562,45812,47044,47938,48598,47649,49866,50822
1033003,CAN,Canada,Manitoba,0.00628,29783,28788,28691,29120,30085,30563,31426,32225,33871,34250,34752,35251,36154,35646,36428,36921,38796,39868,39873,39485,39863,40227,41715,42236,42224,43310,43197,43872,43804,42949,41929,43880,44721
1033004,CAN,Canada,New Brunswick,0.00617,27566,26646,26556,26953,27846,28288,28189,28099,29486,31374,31751,32215,32753,33251,34017,34568,35343,36234,35327,36179,36659,36844,36530,35995,35920,37416,37935,38393,38960,38965,38104,39877,40641
1033005,CAN,Canada,Newfoundland and Labrador,0.01596,23281,22503,22427,22763,23518,23891,23265,23601,25402,27644,30622,31120,35824,38234,39595,43706,47393,54434,56498,45438,50853,56397,53074,56021,54543,50078,50217,52393,53155,53821,48133,50373,51338
1033006,CAN,Canada,Northwest Territories,0.00156,62069,59996,59793,60687,62699,63694,65493,67158,70588,71379,75034,86733,85379,98274,108523,103327,101165,102531,106017,87193,101492,95999,87709,87639,91515,90577,84068,84673,84535,80731,75696,79219,80736
1033007,CAN,Canada,Nova Scotia,0.00502,25989,25121,25037,25411,26253,26670,26423,27303,28721,30436,31215,32289,33367,34251,34275,34634,34408,34655,34690,35012,35741,35250,35023,35255,35648,36885,37218,37451,37817,38178,37915,39680,40440
1033008,CAN,Canada,Nunavut,0.00975,36725,35498,35378,35907,37098,37687,38778,36731,35846,36081,37040,37290,39351,37693,39030,38656,39646,40024,44948,44275,52365,52532,55283,55604,55637,56314,58903,66318,67081,71403,84427,88356,90049
1033009,CAN,Canada,Ontario,0.00343,37468,36216,36094,36634,37848,38449,38488,39850,41637,43391,44216,44356,45524,44802,44846,44861,44975,44959,43251,43209,43854,43935,44296,44116,44839,47086,48070,48168,48549,48841,46719,48894,49830
1033010,CAN,Canada,Prince Edward Island,0.00701,24175,23368,23289,23637,24421,24808,25561,25295,26663,27721,28367,28420,30149,29849,30523,31188,31648,32085,31390,33117,33678,33287,33674,34260,34097,35746,36594,37087,36766,37650,36981,38702,39444
1033011,CAN,Canada,Quebec,0.00471,30615,29592,29493,29934,30926,31417,31264,32219,33435,35173,35815,36353,37402,37349,37669,37391,37569,38010,37171,37751,37856,38105,38396,38613,38835,40246,40937,41428,42267,43094,41598,43534,44368
1033012,CAN,Canada,Saskatchewan,0.01132,31864,30800,30696,31155,32188,32699,35015,34743,35661,36597,38849,37887,39109,40526,43362,45602,45809,49833,60833,54514,54994,61948,62711,64779,62558,60328,56205,57315,58169,56582,52447,54887,55939
1033013,CAN,Canada,Yukon,0.00586,45155,43647,43500,44150,45614,46338,47680,45163,44075,44364,47301,49833,48263,47256,48458,49722,51844,53113,56520,59450,61000,62159,61509,62218,62053,59359,61031,59792,59659,57786,59956,62746,63948
1034001,CHE,Switzerland,Aargau,0,55507,54380,54003,53299,53987,53230,52866,53545,54606,55324,58344,61325,59405,55850,55757,56709,57189,57400,56748,54098,53143,53868,53493,53520,54826,53927,54467,55408,56040,56043,54503,57005,57995
1034002,CHE,Switzerland,Appenzell A&I Rh.,-0.0018,46938,45567,44607,44186,42784,42954,44159,46266,48775,51185,56461,56039,53523,49235,50850,51394,47132,42347,36699,35186,36790,37565,37692,38482,40434,40417,41019,41041,42022,42101,41650,43562,44319
1034003,CHE,Switzerland,Basel-Land,-0.00114,56392,56496,56120,57057,57356,56445,56561,57803,59481,59389,62647,64236,62825,59906,60115,61656,59018,55899,51788,49915,50275,51004,50276,50153,52361,52923,53216,54314,54233,53470,52638,55054,56011
1034005,CHE,Switzerland,Bern w/ Jura,0.0082,48185,47458,46745,46268,46560,46898,46183,46371,46871,47346,49034,51497,51544,49976,51457,52019,58192,64461,70037,67824,68322,69519,69514,69693,72007,71463,71485,72644,74120,74609,72473,75799,77117
1034006,CHE,Switzerland,Freiburg,-0.00112,51596,50879,50184,49185,48233,46806,45658,45393,45412,45301,46326,48200,47314,44836,44881,45589,45946,46085,45531,43170,42938,43238,42731,43455,44720,44336,44183,45061,45602,45645,44614,46662,47473
1034007,CHE,Switzerland,Genf,0.00493,71006,68495,66024,65197,63007,62758,63029,64556,66579,68699,68856,64574,63823,69509,70891,72417,77369,82237,86077,81964,82606,82517,83524,83268,84053,82484,82780,84846,88011,87595,83049,86862,88371
1034008,CHE,Switzerland,Glarus,-0.00517,58249,56649,56980,59150,62895,61559,62843,65401,68509,68446,69721,64612,63664,76816,80897,84398,72455,59354,44755,42829,42766,43468,43343,44341,45588,45535,45329,47531,46632,47687,45320,47400,48224
1034009,CHE,Switzerland,Graubnden,4.2e-4,50883,50947,52430,50770,48829,48300,48735,50147,51954,51729,53139,54065,53084,51366,53202,56877,54827,52355,48976,48118,48266,49273,49724,50268,51353,50678,51144,51718,52862,53752,52062,54452,55398
1034010,CHE,Switzerland,Luzern,0.00135,50150,49032,48291,47632,47899,47406,46675,46855,47351,47330,49907,52282,51508,48493,49317,50603,50510,50147,49005,46909,48477,48884,48927,49326,50850,50999,51788,52868,53490,53553,53000,55433,56397
1034011,CHE,Switzerland,Neuenburg,0.00505,50293,48188,47903,46722,47887,47201,47100,47932,49117,49476,50872,49900,51918,54276,56044,57361,57949,58271,57722,53139,53239,57356,58799,58692,60543,61289,60348,62619,65382,65762,61702,64534,65656
1034012,CHE,Switzerland,Nidwalden,-0.00412,58268,57297,57359,59476,56655,54020,58161,63540,69593,70069,78214,72163,69820,73745,79259,84456,71410,57141,41354,40329,42596,43206,43802,45149,47041,50009,48251,47926,48046,46883,44279,46311,47116
1034013,CHE,Switzerland,Obwalden,2.6e-4,45647,45095,44377,44107,42928,43429,41782,40931,40306,40405,43580,46364,45091,44038,44652,45688,45666,45403,44439,42878,43881,44033,43908,42636,43183,43418,44395,44966,45053,46315,44999,47065,47883
1034014,CHE,Switzerland,Schaffhausen,0.00132,53471,51927,52012,54164,54584,54418,55052,56791,58985,58399,60674,61967,62139,60801,62430,63528,62012,60072,57132,54651,57539,58006,58291,58195,58192,57338,57839,58725,60358,60394,59593,62328,63412
1034015,CHE,Switzerland,Schwyz,-0.00444,52588,52595,51907,51479,51491,50174,53540,58038,63131,61232,62891,63621,63033,54860,57126,57817,53165,47932,41732,41171,40580,40155,40200,40407,41383,42039,42207,43220,43632,43818,43108,45087,45870
1034016,CHE,Switzerland,Solothurn,-4.5e-4,52024,50030,49425,48025,45276,49512,48824,49090,49689,50241,51607,54457,54328,51946,53117,53984,53078,51834,49747,47087,47270,47781,47655,47521,48843,48644,48514,49307,50225,50079,48187,50398,51274
1034017,CHE,Switzerland,St. Gallen,0.00399,49508,48346,48689,48672,49094,49012,48198,48325,48773,49582,52398,54943,53519,50183,51067,51704,54792,57794,60054,57180,57838,58819,57378,57839,59523,58815,59620,60622,61281,61775,60072,62830,63922
1034018,CHE,Switzerland,Tessin,-0.00105,47929,47489,47232,47122,48566,48064,47337,47535,48053,47899,47752,46666,46005,46481,46985,47635,47098,46278,44717,42430,43235,44127,44185,44130,45077,44147,44884,45321,46033,46117,45286,47365,48188
1034019,CHE,Switzerland,Thurgau,0.00559,49052,48383,47246,47402,47680,47275,47093,47842,48940,49478,51696,54322,53169,50637,51215,51765,55658,59513,62639,60060,60410,61665,61674,62415,64226,63693,63706,63737,66383,66897,63513,66428,67583
1034020,CHE,Switzerland,Uri,-0.00506,45395,45073,46192,47961,47584,46804,47185,48511,50217,50762,52943,55123,55059,50466,51381,52679,46818,40329,32933,32478,31814,33104,33414,33956,34618,34721,35079,36014,36352,36483,36010,37663,38318
1034021,CHE,Switzerland,Waadt,-0.00492,55450,54138,52901,53529,54943,54654,54128,54665,55585,57554,59226,60075,59453,59489,59603,60964,55047,48456,40829,40766,40460,40531,40221,39605,40157,40888,41023,41744,43138,43604,42029,43958,44722
1034022,CHE,Switzerland,Wallis,0.00902,43566,42402,42617,41078,38402,38422,39224,40822,42762,42816,43848,46277,45251,42096,42669,44236,49581,55015,59860,58182,59435,59812,62860,60013,62269,61190,64908,63045,66137,65387,63133,66030,67178
1034023,CHE,Switzerland,Zrich,0.00874,71134,69396,68902,66914,68322,68763,69186,70991,73345,74293,76573,74530,74848,76522,78015,79290,87543,95873,103126,100280,106673,105749,106104,108845,105755,109297,110239,107490,109288,110735,108439,113416,115387
1034024,CHE,Switzerland,Zug,0.00325,104220,98940,93235,91882,96205,90717,90239,91543,93506,95395,95605,95030,95695,103449,106722,108042,108938,109320,108059,103879,103103,104068,104763,104202,107621,107021,108296,110685,115853,112750,107881,112833,114794
1035001,CHL,Chile,Antofagasta,0.01209,34630,36706,40128,42086,43518,46701,49151,52042,53490,52663,54600,55640,56743,58746,61985,64903,68106,70873,72772,69946,82204,78008,78998,73954,75068,67357,62907,67826,69035,66365,75706,83775,85356
1035002,CHL,Chile,Araucanía,0.01441,4946,5242,5731,6010,6215,6669,7019,7432,7639,7521,7797,7946,8103,8389,8852,9269,9726,10121,10393,9968,10579,11198,11575,12101,12252,12997,13675,13676,14361,14587,13713,15175,15461
1035003,CHL,Chile,Arica y Parinacota,0.01184,6793,7200,7871,8255,8536,9161,9641,10208,10492,10330,10710,10914,11131,11523,12159,12731,13359,13902,14275,14089,13473,14478,14741,15630,15760,16035,16604,16761,16796,16639,15189,16808,17126
1035004,CHL,Chile,Atacama,0.01471,12643,13401,14651,15366,15888,17051,17945,19001,19529,19227,19935,20314,20717,21448,22631,23696,24866,25876,26569,25606,31757,36244,35178,35495,34562,31920,33566,34996,33463,32013,33795,37397,38102
1035005,CHL,Chile,Aysén,0.01653,9037,9579,10471,10983,11356,12187,12826,13581,13958,13743,14248,14519,14807,15330,16175,16937,17772,18495,18990,19940,20535,21847,20993,24301,29800,24897,29386,32799,31915,32902,26092,28873,29418
1035006,CHL,Chile,Biobío (Región),0.01306,6785,7191,7862,8245,8526,9150,9629,10196,10479,10318,10697,10901,11117,11509,12144,12716,13343,13885,14257,13749,13327,14889,15302,15532,16259,17199,17325,17241,18210,18279,16818,18610,18962
1035007,CHL,Chile,Coquimbo,0.01288,8453,8960,9795,10273,10623,11400,11998,12703,13057,12855,13328,13582,13851,14340,15130,15843,16625,17300,17764,16593,20314,22348,21732,20484,19743,18804,18892,19525,19947,20149,19984,22113,22531
1035008,CHL,Chile,Los Lagos,0.01657,5851,6201,6779,7110,7352,7890,8304,8792,9037,8897,9224,9400,9586,9925,10472,10965,11506,11974,12294,12247,12042,13336,13484,15073,16714,17019,17796,19239,19904,20315,18693,20686,21076
1035009,CHL,Chile,Los Ríos,0.01545,5785,6132,6704,7031,7270,7802,8211,8694,8936,8798,9121,9295,9479,9814,10355,10843,11378,11840,12157,11785,12623,13123,13740,14498,15312,16162,16673,16560,17451,17361,16256,17988,18328
1035010,CHL,Chile,Magallanes and Chilean Antarctica,0.01335,11192,11863,12968,13601,14064,15093,15884,16819,17286,17019,17645,17981,18338,18985,20032,20975,22010,22904,23518,23010,23340,24428,25711,26197,27391,27454,29388,29208,29778,31716,26237,29034,29582
1035011,CHL,Chile,Maule,0.01152,7069,7492,8191,8591,8883,9533,10033,10623,10918,10749,11145,11357,11582,11991,12652,13248,13902,14467,14854,13929,13263,14409,15318,15256,15445,17054,17102,16532,17758,17713,17118,18942,19300
1035012,CHL,Chile,O'Higgins,0.01381,8715,9238,10099,10592,10952,11753,12370,13098,13462,13254,13741,14003,14281,14785,15600,16334,17140,17837,18315,18414,19835,20685,20554,20511,21332,22071,22291,22116,22759,22682,22860,25297,25774
1035013,CHL,Chile,Santiago Metropolitan Region,0.01411,10875,11527,12601,13216,13666,14666,15435,16343,16797,16538,17146,17473,17819,18448,19465,20382,21387,22256,22853,22473,22826,24281,26701,27826,27793,28551,28762,28042,28545,28084,24301,26891,27399
1035014,CHL,Chile,Tarapacá,0.0109,19900,21093,23060,24185,25008,26837,28245,29906,30738,30263,31376,31974,32608,33758,35620,37297,39137,40727,41819,41043,44736,41662,34070,35664,35841,32768,31166,33601,34112,34336,35606,39401,40145
1035015,CHL,Chile,Valparaíso,0.01414,8222,8715,9527,9992,10332,11088,11670,12356,12700,12503,12963,13210,13472,13948,14717,15410,16170,16827,17278,17399,18423,19177,20157,20915,20097,20262,20484,20393,20108,19935,18582,20563,20951
1036001,CHN,China,Anhui,0.04029,944,1013,1138,1269,1379,1631,1750,1891,2031,2169,2248,2465,2628,2827,3111,3305,3693,4222,4698,5384,6250,7234,7959,8735,9459,9998,10852,11758,13036,13873,14201,15183,15618
1036002,CHN,China,Beijing,0.03073,4257,4569,5134,5515,6020,6500,6851,7706,8824,9927,10924,12081,13578,14772,15936,16962,18566,20682,20726,21596,22325,22852,24051,25535,26864,28637,30650,32616,35101,37060,37354,40864,42034
1036003,CHN,China,Chongqing,0.0417,1083,1162,1306,1487,1728,2015,2180,2412,2540,2651,2788,3051,3403,3760,4109,4434,4835,5515,6309,7095,8007,9238,10159,11052,12159,13219,14488,15370,15918,17029,17816,19057,19602
1036004,CHN,China,Fujian,0.03606,1667,1789,2010,2442,3041,3329,3620,3990,4318,4647,4889,5109,5439,5787,6106,6510,7267,8424,9118,10333,11624,12699,13732,14791,16035,17039,18388,20061,22024,23532,23917,25877,26618
1036005,CHN,China,Gansu,0.03432,909,976,1097,1097,1123,1177,1392,1454,1592,1701,1818,1921,2054,2231,2447,2636,3006,3413,3643,3891,4396,4994,5482,6004,6475,6535,6805,6971,7482,7951,8157,8929,9185
1036006,CHN,China,Guangdong,0.03068,2434,2613,2936,3492,3824,4145,4328,4617,4879,5160,5597,5999,6520,7248,7760,8627,9680,10803,11353,11980,12735,13269,13563,14226,15079,16250,17306,18256,18979,19920,20143,21478,22092
1036007,CHN,China,Guangxi,0.0346,981,1052,1183,1361,1566,1683,1752,1786,1954,2000,2032,2175,2342,2471,2699,2901,3273,3752,4073,4470,5152,5891,6270,6707,7199,7781,8282,8728,9263,9800,10066,10926,11238
1036008,CHN,China,Guizhou,0.04529,670,719,808,848,894,930,968,1023,1063,1146,1205,1290,1372,1497,1595,1876,2120,2528,2932,3287,3673,4246,4913,5608,6318,7190,7847,8620,9364,10017,10548,10999,11314
1036009,CHN,China,Hainan,0.02951,1789,1921,2158,2579,2753,2579,2527,2531,2658,2833,2969,3145,3387,3573,3705,3866,4291,4773,5249,5732,6649,7423,8036,8646,9354,10001,10683,11169,11687,12354,12615,13945,14343
1036010,CHN,China,Hebei,0.03235,1346,1445,1624,1766,1947,2145,2340,2553,2695,2840,3042,3256,3461,3788,4201,4618,5076,5708,6164,6635,7215,7855,8257,8467,8685,9066,9610,9928,10186,10775,10991,11807,12145
1036011,CHN,China,Heilongjiang,0.02714,1571,1686,1895,2038,2320,2473,2720,2915,2952,3019,3282,3435,3584,3822,4072,4478,4846,5208,5641,5735,6185,6914,7611,8142,8423,8251,8452,8596,8882,9428,9655,10285,10580
1036012,CHN,China,Henan,0.03897,956,1026,1152,1281,1445,1679,1880,1995,2088,2175,2380,2562,2733,2978,3400,3947,4434,5139,5709,6163,6838,7393,7908,8408,9056,9657,10265,10951,11792,12452,12445,12767,13132
1036013,CHN,China,Hubei,0.04003,1291,1386,1557,1622,1752,1870,2038,2221,2377,2454,2673,2952,3133,3383,3663,4077,4590,5394,6094,7015,8085,9199,10151,11130,12241,13103,14120,15130,16531,17573,16767,18861,19400
1036014,CHN,China,Hunan,0.03871,1050,1127,1266,1372,1540,1711,1873,2010,2099,2220,2441,2631,2837,3064,3384,3667,4076,4754,5370,6072,6844,7622,8350,9065,9862,10870,11577,12223,12733,13769,14230,15017,15447
1036015,CHN,China,Jiangsu,0.0392,2044,2194,2465,2968,3397,3728,4004,4261,4519,4814,5138,5538,6053,6761,7438,8622,9682,10986,12086,13455,15049,16286,17251,18476,19811,21629,23016,24479,25695,26722,27609,30128,30990
1036016,CHN,China,Jiangxi,0.0389,969,1040,1168,1260,1391,1475,1632,1769,1854,1981,2118,2245,2456,2680,2992,3297,3773,4313,4783,5251,6015,6870,7422,8113,8806,9429,10172,10749,11707,12517,12985,14387,14798
1036017,CHN,China,Jilin,0.03013,1478,1586,1783,1941,2142,2242,2447,2542,2690,2841,2902,3042,3194,3200,3410,3680,4122,4865,5351,6035,6663,7491,8299,8922,9448,9604,10000,10273,10446,10894,11505,12018,12361
1036018,CHN,China,Liaoning,0.0262,2430,2608,2931,3444,3574,3504,3654,3967,4233,4540,4881,5166,5477,5670,5771,6187,6865,7808,8523,8999,9091,9897,10573,11161,11556,11708,11692,12029,12709,13291,13341,14163,14568
1036019,CHN,China,Nei Mongol,0.03998,1254,1346,1513,1664,1812,1921,2107,2264,2431,2638,2840,3100,3432,4044,4628,5283,6002,6935,7747,8808,9483,10142,11005,11761,12480,13343,14049,14657,15460,16304,16301,19206,19756
1036020,CHN,China,Ningxia Hui,0.03622,1144,1228,1380,1475,1605,1756,1856,1945,2072,2206,2348,2597,2800,3104,3346,3522,3957,4700,5611,6194,7123,7992,8455,8921,9266,9540,10020,10950,11536,12035,12520,13829,14225
1036021,CHN,China,Qinghai,0.03506,1258,1351,1518,1624,1723,1789,1796,1874,1990,2128,2244,2483,2729,2927,3110,3319,3727,4258,4905,5138,5821,6421,6959,7618,8109,8786,9680,10110,10894,11449,11570,12429,12784
1036022,CHN,China,Shaanxi,0.04184,1034,1110,1247,1361,1419,1510,1629,1743,1830,1987,2170,2370,2595,2850,3211,3723,4322,4987,5846,6530,7523,8603,9711,10640,11480,11751,12256,13225,14210,15006,14988,16599,17074
1036023,CHN,China,Shandong,0.03478,1683,1806,2030,2206,2601,2904,3189,3392,3583,3818,4044,4327,4685,4836,5464,6222,7103,7908,8727,9507,10149,10753,11499,12358,13071,14157,14715,15088,15412,16013,16344,17762,18270
1036024,CHN,China,Shanghai,0.02467,5402,5798,6515,7597,8390,9122,9835,10718,11423,12285,13235,13797,14440,15796,16911,17751,19107,20787,20911,21992,22635,22760,23236,24310,25881,27502,30148,31973,33893,35118,35680,38226,39320
1036025,CHN,China,Shanxi,0.03492,1225,1315,1478,1560,1598,1790,1975,2148,2295,2354,2499,2677,2983,3488,3952,4384,4867,5702,6421,6354,7251,8091,8521,8594,8620,8461,8439,9878,10583,11103,11616,14301,14710
1036026,CHN,China,Sichuan,0.03899,972,1043,1172,1273,1369,1550,1678,1833,1931,2044,2164,2311,2481,2651,2913,3174,3603,4214,4743,5284,6053,6925,7682,8315,8951,9357,10010,10978,12011,12741,13200,14079,14482
1036027,CHN,China,Tianjin,0.03099,2949,3165,3557,3983,4539,4975,5546,5975,6334,6745,7090,7534,8072,9034,9682,10989,11608,12344,13681,14435,15410,16284,17247,18115,18867,19110,19784,20905,22249,23265,22998,24768,25477
1036028,CHN,China,Xinjiang Uygur,0.03073,1630,1750,1966,2036,2277,2394,2411,2659,2776,2900,3219,3416,3563,3974,4186,4561,5061,5489,5928,6004,7042,7849,8583,9391,10116,9954,9941,10892,11914,12265,12198,13727,14119
1036029,CHN,China,Xizang,0.0383,966,1037,1165,1115,1150,1201,1270,1429,1648,1882,1997,2287,2567,2779,2986,3140,3513,3898,4144,4606,4906,5321,5902,6655,7368,8022,8698,9379,10243,10879,11896,12384,12739
1036030,CHN,China,Yunnan,0.03593,1069,1148,1290,1394,1473,1570,1786,1874,1999,2052,2102,2177,2305,2442,2682,2836,3182,3669,4018,4385,4808,5472,6221,7024,7605,8090,8707,9451,10334,11299,11843,12577,12937
1036031,CHN,China,Zhejiang,0.0347,2112,2267,2547,3062,3621,4148,4506,4826,5124,5505,5881,6332,7127,8177,8823,9447,10567,11849,12416,13233,14571,15323,15842,16530,17258,18457,19471,20506,21678,22626,22923,24807,25517
1041001,COL,Colombia,Antioquia,0.00856,9427,9285,9518,9588,10048,10014,10871,11237,10713,10110,10255,10055,10438,10749,11118,11680,12234,12909,12536,12391,12564,13144,13521,14004,14656,15255,15631,15374,15438,15787,14901,16365,17443
1041002,COL,Colombia,Atlantico,0.0077,6998,6954,7263,7434,6658,7118,8725,9055,8907,8302,8281,8300,8299,8691,9309,7990,8495,9293,9189,9279,9093,9274,9929,10601,11387,12096,12245,12111,11942,11926,10972,12050,12844
1041003,COL,Colombia,Bogota,0.01098,12205,11785,12204,13310,14667,14380,14841,14968,14863,12778,12687,12744,12953,13012,13626,16739,17439,18287,18197,18506,18884,19243,19879,20919,21922,23014,23368,23602,23917,24325,22388,24588,26208
1041004,COL,Colombia,Bolivar,0.01092,5704,6008,7082,6418,5910,6536,7135,7000,7443,7049,7423,7592,8117,8440,9214,7760,8317,8909,8914,8666,9230,10055,10319,11241,11206,11427,11833,11997,11942,12144,10517,11551,12312
1041005,COL,Colombia,Boyaca,0.0164,6627,6851,6374,7350,6467,7273,7296,7512,7216,7014,7246,7486,7465,8102,8050,9018,9500,10663,11473,11385,11913,13291,13537,13983,14610,15059,15198,15008,15417,15718,14559,15990,17043
1041006,COL,Colombia,Caldas,0.00582,6591,7049,7130,8007,7859,8803,7790,8392,8446,7674,7974,8151,8933,9231,9710,7549,8187,8602,8592,8449,8596,8563,8622,9108,9754,10306,10768,10882,10987,11384,11120,12213,13018
1041007,COL,Colombia,Caqueta,0.00592,5198,4884,4466,4607,4499,5314,6014,6555,7921,6339,7105,6376,5910,6215,6343,4135,4221,4546,4688,4881,4842,4973,5631,6106,6651,6811,7060,7050,7073,7139,6772,7437,7927
1041008,COL,Colombia,Cauca,0.01175,5249,5006,5236,5052,4768,4706,4371,4401,4622,4676,4999,5037,5274,5617,5676,4938,5211,5366,5548,5687,6028,6127,6534,7112,7743,8346,8631,8450,8332,8563,8130,8929,9517
1041009,COL,Colombia,Cesar,0.0123,5732,5745,5467,5535,5647,6839,7032,6864,6980,6810,6717,7470,7314,8355,8704,8517,9072,9121,10213,10185,10170,11441,11455,10584,10371,10601,11520,12300,12364,11195,8629,9477,10101
1041010,COL,Colombia,Choco,0.00955,4357,3549,3279,3125,3115,3146,3737,3733,3874,3614,3596,3497,3561,3514,4019,3827,3913,3916,3966,4670,6059,7004,6434,5356,5236,5684,6276,5493,4931,5225,5524,6066,6466
1041011,COL,Colombia,Cordoba,0.00319,5288,5391,5343,5280,5249,4718,5437,5631,6190,5786,5782,5460,5704,6357,7068,4893,5150,5808,5321,5214,5278,5312,5598,5895,6289,6413,6476,6551,6572,6820,6603,7252,7730
1041012,COL,Colombia,Cundinamarca,0.0053,11352,11248,11667,12551,13769,15122,9536,9707,9391,8727,8977,9874,9744,9854,9750,12841,13042,13726,14053,14079,14231,14518,14596,14735,14890,15318,15546,14697,14131,13859,12638,13880,14794
1041013,COL,Colombia,Huila,0.00824,7208,7542,7289,7030,7395,7495,7582,7359,6847,6819,7451,7174,6833,7249,7726,8068,8141,8333,9011,8643,9158,10018,9911,10203,10617,10544,10541,10245,10145,10525,9955,10933,11654
1041014,COL,Colombia,La Guajira,-0.00227,13834,14097,12269,10990,10627,11219,8521,8536,8164,7566,7479,8337,7064,7896,7991,8132,8505,8222,9739,9568,9196,9859,9762,9058,8847,8747,8842,9323,9420,8103,5572,6119,6522
1041015,COL,Colombia,Magdalena,0.00586,4596,4425,4900,4734,5381,5291,5502,5539,5669,5338,5107,5161,5185,5282,5415,4925,4963,5172,5491,5834,5868,5806,6036,6420,6343,6717,6997,6939,6886,6885,6411,7041,7505
1041016,COL,Colombia,Meta,0.01547,9365,9949,9472,9561,9342,9859,10982,11103,10312,10357,10883,10082,10182,10228,10456,12526,13985,14227,18476,19130,25269,35201,36736,37800,32067,25219,20195,21640,23723,24525,19607,21534,22952
1041017,COL,Colombia,Narino,0.00832,3823,3743,3495,3928,3786,3801,4297,4268,4433,4227,4140,4382,4673,4752,4863,4280,4636,4743,4629,4736,4708,4884,5118,5427,5713,6163,6624,6341,6352,6621,6470,7105,7573
1041018,COL,Colombia,Norte de Santander,0.00492,5344,5230,4972,5169,4926,5008,5545,5627,5672,5669,5653,6023,5962,5806,5870,4913,5387,5703,5972,6114,6116,6172,6218,6579,6917,7207,7468,7302,7227,7038,6482,7119,7588
1041019,COL,Colombia,Nuevos Departamentos,0,9855,11295,10432,10513,9866,12272,16363,15458,14530,19170,21957,17151,16749,16984,17235,14991,15221,14760,16699,14949,15792,18627,18620,19130,18082,14754,12775,13040,13910,13876,11224,12327,13139
1041020,COL,Colombia,Quindio,0.00919,9584,10952,10872,9921,9767,10055,7320,8295,7963,7278,6820,6607,6892,6489,6285,6727,7498,7735,7727,7758,7936,8279,8753,8915,9087,9825,10371,10455,10280,10551,9939,10916,11635
1041021,COL,Colombia,Risaralda,0.00974,9506,9519,9875,9815,9303,8724,7810,8153,8208,7319,6982,7008,7347,7384,7919,7850,8470,8626,8633,8836,8943,8915,9178,9884,10623,11111,11519,11671,11749,12122,11487,12616,13447
1041022,COL,Colombia,Santander,0.01335,9415,9277,9399,9095,9444,8939,11235,11304,11152,11239,11492,11833,11633,12424,13012,12444,13362,14289,15088,14373,15722,16881,17182,17983,20378,20102,20053,20260,20379,20866,18238,20030,21350
1041023,COL,Colombia,Sucre,0.00922,3859,3524,3852,3881,3842,3788,4369,4485,4656,4323,4094,3874,3948,3968,4127,3809,4110,4419,4467,4722,4656,4830,5151,5490,5897,6145,6311,6339,6268,6340,5915,6496,6924
1041024,COL,Colombia,Tolima,0.00894,7345,7520,7842,7896,8127,8004,7870,8633,8479,7682,7508,7398,7373,6895,7286,7385,7921,8600,8987,8683,8742,9270,9504,9884,10450,10668,10981,11022,11022,11314,10727,11782,12558
1041025,COL,Colombia,Valle del Cauca,0.00633,9575,9619,10008,10487,11439,12333,11835,11763,11739,11013,10686,11009,10822,10700,11000,10297,11055,11833,11699,11941,12025,12134,12474,13013,13725,14394,14852,14811,14957,15423,14694,16138,17201
1045001,CUB,Cuba,Camagüey,0.01903,4970,4825,3137,1822,969,552,560,696,963,1172,1172,1379,1587,2002,2072,2418,2766,7614,6581,6725,7078,7324,7570,7817,8063,8310,8548,8463,8522,8685,8164,8667,9135
1045002,CUB,Cuba,Ciego de Ávila,0.01903,4700,4563,2966,1723,916,522,529,658,910,1108,1108,1304,1500,1893,1959,2287,2616,7199,6223,6359,6693,6925,7158,7391,7624,7858,8083,8003,8058,8212,7720,8195,8638
1045003,CUB,Cuba,Cienfuegos,0.01903,2788,2707,1760,1022,544,310,314,390,540,657,657,774,890,1123,1162,1357,1552,4271,3692,3773,3970,4108,4246,4385,4523,4661,4795,4748,4780,4872,4580,4862,5124
1045004,CUB,Cuba,Ciudad de la Habana,0.01903,16308,15833,10293,5979,3180,1812,1837,2283,3159,3846,3845,4525,5207,6568,6798,7935,9076,24981,21593,22066,23223,24031,24839,25647,26456,27266,28048,27769,27962,28496,26787,28437,29974
1045005,CUB,Cuba,Granma,0.01903,3022,2934,1908,1108,589,336,341,423,585,713,713,839,965,1217,1260,1471,1682,4630,4002,4090,4304,4454,4603,4753,4903,5053,5198,5147,5182,5281,4965,5270,5555
1045006,CUB,Cuba,Guantánamo,0.01903,2726,2646,1720,999,532,303,307,382,528,643,643,756,870,1098,1136,1326,1517,4175,3609,3688,3882,4017,4152,4287,4422,4557,4688,4641,4674,4763,4477,4753,5010
1045007,CUB,Cuba,Holguín,0.01903,4390,4262,2771,1610,856,488,495,615,850,1035,1035,1218,1402,1768,1830,2136,2443,6725,5813,5940,6252,6469,6686,6904,7122,7340,7550,7475,7527,7671,7211,7655,8069
1045008,CUB,Cuba,Isla de la Juventud,0.01903,4971,4826,3138,1823,969,552,560,696,963,1172,1172,1379,1587,2002,2072,2419,2767,7615,6582,6726,7079,7325,7572,7818,8065,8312,8550,8465,8524,8686,8166,8668,9137
1045009,CUB,Cuba,La Habana,0.01903,16308,15833,10293,5979,3180,1812,1837,2283,3159,3846,3845,4525,5207,6568,6798,7935,9076,24981,21593,22066,23223,24031,24839,25647,26456,27266,28048,27769,27962,28496,26787,28437,29974
1045010,CUB,Cuba,Las Tunas,0.01903,1122,1089,708,411,219,125,126,157,217,264,264,311,358,452,468,546,624,1718,1485,1518,1597,1653,1708,1764,1819,1875,1929,1910,1923,1960,1842,1956,2061
1045011,CUB,Cuba,Matanzas,0.01903,5290,5136,3339,1940,1032,588,596,741,1025,1248,1247,1468,1689,2131,2205,2574,2944,8104,7005,7158,7533,7795,8057,8320,8582,8845,9099,9008,9071,9244,8690,9225,9723
1045012,CUB,Cuba,Mayabeque,0.01903,16308,15833,10293,5979,3180,1812,1837,2283,3159,3846,3845,4525,5207,6568,6798,7935,9076,24981,21593,22066,23223,24031,24839,25647,26456,27266,28048,27769,27962,28496,26787,28437,29974
1045013,CUB,Cuba,Pinar del Río,0.01903,4894,4752,3089,1794,954,544,551,685,948,1154,1154,1358,1563,1971,2040,2382,2724,7497,6481,6623,6970,7212,7455,7697,7940,8183,8418,8334,8392,8552,8040,8535,8996
1045014,CUB,Cuba,Sancti Spíritus,0.01903,4429,4300,2795,1624,864,492,499,620,858,1044,1044,1229,1414,1784,1846,2155,2465,6784,5864,5993,6307,6526,6746,6965,7185,7405,7617,7542,7594,7739,7275,7723,8140
1045015,CUB,Cuba,Santiago de Cuba,0.01903,3192,3099,2014,1170,622,355,360,447,618,753,752,886,1019,1285,1330,1553,1776,4889,4226,4319,4545,4703,4861,5019,5178,5336,5489,5435,5472,5577,5243,5565,5866
1045016,CUB,Cuba,Villa Clara,0.01903,4592,4458,2898,1684,895,510,517,643,889,1083,1082,1274,1466,1849,1914,2234,2556,7034,6080,6213,6539,6766,6994,7221,7449,7677,7897,7819,7873,8023,7542,8007,8439
1048001,CZE,Czech Republic,Jihoceck kraj,0.00683,22467,19912,19797,19794,20482,21951,22900,22830,22903,22825,23653,23913,24131,25018,25959,27818,29520,29786,29294,28574,28985,28583,28762,28900,28971,29943,30557,31602,32369,33337,32019,32753,32965
1048002,CZE,Czech Republic,Jihomoravsk kraj,0.01023,23709,21012,20891,20888,21044,21951,22900,22634,22515,22444,23278,24275,24486,25540,26300,27818,29693,31508,32935,31500,31836,32287,32668,33616,33982,35698,35801,36763,38069,39220,38035,40525,40787
1048003,CZE,Czech Republic,Karlovarsk kraj,0.00334,22515,19954,19839,19836,20696,22362,22303,21464,21157,21113,22151,21920,22535,22934,23226,24017,24341,25482,25134,24615,24471,24429,23925,23645,23736,24383,24370,25786,25854,25885,24063,24426,24584
1048004,CZE,Czech Republic,Kraj Vysocina,0.00755,21536,19086,18976,18974,19867,21541,22502,22830,22515,22825,24029,24275,24131,24497,25617,26782,27794,29269,29814,28918,29698,28230,28453,28417,28698,29711,30492,32018,31962,33337,32796,33123,33337
1048005,CZE,Czech Republic,Krlovhradeck kraj,0.01157,19912,17647,17546,17544,18169,19490,20312,19512,19410,19972,21213,22463,22712,23281,23739,25745,27448,28753,28081,27369,27322,29537,29274,29082,30198,31534,32981,36113,35626,36670,35318,37749,37993
1048006,CZE,Czech Republic,Libereck kraj,0.0065,21417,18980,18871,18869,19621,21131,21506,21854,21157,21874,22902,23369,23244,22239,23056,25572,26585,26515,26348,24787,25659,26263,26343,26213,26730,28121,28716,29796,30740,31572,29691,30533,30730
1048007,CZE,Czech Republic,Moravskoslezsk kraj,0.00858,21822,19340,19229,19226,19419,20310,21506,20878,19992,19591,19899,20471,20760,21370,23568,26091,27276,28753,29814,27369,28510,29380,29214,28163,28938,30204,30798,32085,32980,32356,30079,32753,32965
1048008,CZE,Czech Republic,Olomouck kraj,0.00904,20390,18071,17966,17964,18289,19284,20511,19903,19021,19211,20274,20471,20583,21196,22543,23153,24168,25482,26174,24959,25896,26493,26401,26125,26804,27929,28853,30517,31147,31964,31049,32753,32965
1048009,CZE,Czech Republic,Pardubick kraj,0.00843,21608,19150,19039,19037,19418,20515,21108,21073,21157,21113,21776,22282,22535,23281,24251,25227,27276,28753,28601,26852,27560,28631,26907,27205,28011,29579,30230,31674,32369,32552,32019,32753,32965
1048010,CZE,Czech Republic,Plzensk kraj,0.0088,23971,21245,21122,21120,21260,22157,23498,22830,22127,22444,23653,24456,24664,26061,28008,29201,31074,31852,29988,28746,29935,31627,30457,31521,32646,33799,34681,35972,36440,36474,34348,36454,36690
1048011,CZE,Czech Republic,Praha,0.01544,40398,35803,35596,35592,36501,38774,41022,42537,44642,46790,49559,53079,55006,57855,60286,64622,68880,73518,75750,70918,73413,72335,70887,70501,70134,76494,77477,81449,90185,91774,85967,91227,91818
1048012,CZE,Czech Republic,Stredocesk kraj,0.01063,19172,16991,16893,16891,18218,20310,21108,21269,21933,23015,24216,24637,25196,25713,26984,27991,30728,32024,32415,29779,29935,30926,30704,30266,31684,32779,34403,36415,35830,38043,34154,35714,35945
1048013,CZE,Czech Republic,Zlnsk kraj,0.00903,21870,19383,19271,19268,19249,19900,20511,21269,20574,20352,21213,21920,22002,22586,23056,24708,26585,27892,29814,28574,28272,27881,28054,28189,28258,29206,29805,30825,33794,35102,32990,34974,35200
1048014,CZE,Czech Republic,⁄steck˝ kraj,0.00794,21727,19256,19144,19142,20243,22157,22701,21659,21157,20923,21025,21195,21647,23107,23909,25227,26758,27720,28081,27885,27560,28952,28499,28691,30725,31268,31897,33318,28297,29611,27556,28497,28681
1049001,DEU,Germany,Ahrweiler,0.00616,23232,24236,24509,24106,24591,24892,25021,25434,25943,26417,27150,26792,26966,26140,27036,27310,28068,28239,29067,28797,29724,31367,31750,32339,32822,33405,34240,34775,35627,35523,34279,35326,35683
1049002,DEU,Germany,Aichach-Friedberg,0.00407,27570,28761,29086,28607,29183,29541,29694,30183,30787,31349,32220,32879,34279,33280,31711,31522,33261,33684,33864,33807,35267,37709,34875,34547,34999,35445,36104,36941,37526,37625,36705,37826,38208
1049003,DEU,Germany,Alb-Donau-Kreis,0.00641,28192,29410,29742,29252,29842,30207,30364,30864,31482,32057,32947,32919,32144,31341,31574,32162,34349,37120,38988,35160,38334,39725,38662,40100,40818,40133,41334,41804,43184,44782,42639,43942,44386
1049004,DEU,Germany,Altenburger Land,0.00919,17078,17816,18017,17720,18077,18298,18393,18696,19071,19419,19958,20196,20256,21107,21621,21479,22812,24336,25238,24197,24882,26919,26465,26709,28873,28153,29094,29727,29672,30048,29289,30184,30489
1049005,DEU,Germany,Altenkirchen (Westerwald),0.00473,26300,27437,27747,27289,27839,28180,28326,28793,29370,29906,30736,30299,29570,28909,29761,30381,31594,32186,33530,30800,32665,34431,33714,34098,34633,35177,35725,36248,36672,36623,34944,36011,36375
1049006,DEU,Germany,Altmarkkreis Salzwedel,0.00787,20293,21170,21409,21056,21480,21743,21856,22216,22661,23075,23715,24235,25231,26387,26693,26677,27919,31213,28068,27232,28544,31204,32826,33146,33117,31888,32534,33125,32144,32906,32896,33901,34244
1049007,DEU,Germany,AltÔøΩtting,0.00481,48701,50805,51379,50532,51551,52182,52452,53316,54384,55377,56915,56475,55083,53039,53319,55674,60730,63626,66859,60307,69854,71534,67294,63142,65297,66668,65894,67522,66617,64036,62837,64756,65411
1049008,DEU,Germany,Alzey-Worms,0.00551,23383,24393,24669,24262,24751,25054,25184,25599,26112,26588,27327,26782,27332,27899,27381,27847,29527,31214,30088,29616,31001,32464,33817,34078,34182,32970,32475,32348,33743,33417,31980,32957,33291
1049009,DEU,Germany,"Amberg, Kreisfreie Stadt",0.0071,50744,52937,53535,52653,53714,54372,54653,55554,56666,57701,59303,60762,63405,60237,55429,57494,58292,60146,64389,64172,62985,70252,73448,72381,73949,74073,74701,79358,82867,84337,85016,87613,88499
1049010,DEU,Germany,Amberg-Sulzbach,0.00638,24238,25285,25571,25149,25656,25970,26105,26535,27066,27560,28326,28905,30189,28434,28775,28110,29546,31580,31060,29434,30465,34005,33984,34714,36316,34846,36067,37244,37528,37356,36579,37696,38077
1049011,DEU,Germany,Ammerland,0.00719,26503,27648,27960,27500,28054,28397,28545,29015,29596,30136,30973,32049,31768,29164,30660,29981,31279,32604,33868,33409,34335,37643,37401,38345,39080,39301,39583,41402,41495,42354,42157,43445,43884
1049012,DEU,Germany,Anhalt-Bitterfeld,0.0102,21231,22149,22399,22030,22474,22749,22867,23243,23709,24142,24812,25149,25693,26602,26471,28263,30471,33146,35608,30123,35022,29954,33732,37089,36749,37171,38095,38547,39243,41461,39825,41041,41456
1049013,DEU,Germany,"Ansbach, Kreisfreie Stadt",0.00726,50236,52407,52998,52125,53176,53827,54106,54997,56098,57123,58709,60821,63246,62650,62316,65968,67896,66926,66394,63726,71947,75125,75722,77587,76159,77759,78641,79857,78600,78451,76801,79147,79947
1049014,DEU,Germany,"Ansbach, Landkreis",0.00646,27372,28555,28877,28401,28974,29328,29480,29966,30566,31124,31989,33122,32856,32587,32778,32952,33925,33566,35270,35228,37825,39843,40122,40862,41192,40283,41357,41835,42244,42228,41247,42507,42937
1049015,DEU,Germany,"Aschaffenburg, Kreisfreie Stadt",0.00839,62940,65660,66401,65307,66623,67439,67788,68905,70285,71568,73556,80094,76946,79424,80244,87540,99854,99203,92335,88358,93245,104657,105185,100781,99123,100257,105616,99616,97819,100224,87386,90055,90965
1049016,DEU,Germany,"Aschaffenburg, Landkreis",0.00316,34816,36321,36731,36126,36854,37305,37498,38116,38879,39589,40689,41529,43540,42205,40522,40362,41342,44515,44543,41513,40601,44482,42609,42755,42620,41450,42898,45168,45579,45723,43905,45246,45703
1049017,DEU,Germany,"Augsburg, Kreisfreie Stadt",0.00201,54575,56934,57576,56628,57769,58476,58779,59747,60944,62057,63780,66128,65637,63337,64718,64188,66491,67613,67390,62636,63309,65779,67003,64655,64760,67607,66232,65774,66262,67118,62949,64872,65527
1049018,DEU,Germany,"Augsburg, Landkreis",0.00653,26971,28137,28454,27986,28550,28899,29049,29528,30119,30669,31520,31993,32541,32461,33621,34726,35191,34693,34449,32504,35291,38197,39356,38661,39440,38881,39926,40594,41494,41730,40524,41762,42184
1049019,DEU,Germany,Aurich,0.00644,22845,23832,24101,23704,24182,24478,24605,25010,25511,25977,26698,26986,26115,25958,26096,26136,26984,27918,28742,28563,29270,30939,31968,32168,33970,34504,34896,36101,35560,35827,34923,35990,36354
1049020,DEU,Germany,Bad DÔøΩrkheim,0.00383,22839,23826,24094,23698,24175,24471,24598,25003,25504,25969,26691,26513,26567,25665,26229,26535,26443,27480,28434,27913,27830,28573,29034,28982,28888,29679,29747,30600,30008,29676,28601,29475,29773
1049021,DEU,Germany,Bad Kissingen,0.00564,29656,30938,31287,30771,31391,31776,31940,32467,33117,33721,34658,35424,34883,35407,34795,35077,35969,37016,37311,36221,36301,39725,39797,39976,40925,43053,43123,43047,43723,44063,43166,44484,44934
1049022,DEU,Germany,Bad Kreuznach,0.00533,28647,29885,30223,29725,30324,30695,30854,31362,31990,32574,33479,33347,34042,33430,34890,35001,36302,36885,37344,35609,36608,38262,38561,38876,39639,39351,39824,40641,40074,39910,38322,39493,39892
1049023,DEU,Germany,Bad TÔøΩlz-Wolfratshausen,0.00296,31487,32848,33218,32671,33329,33737,33912,34471,35161,35803,36798,37835,37891,36794,36609,37071,37997,38311,38036,35004,36132,37955,38035,38872,39568,39568,38625,39710,40393,40168,39832,41049,41464
1049024,DEU,Germany,"Baden-Baden, Stadtkreis",0.00607,52564,54836,55455,54541,55640,56321,56613,57546,58698,59770,61430,62039,62990,63920,65046,64554,66442,68478,70908,68541,70899,73719,77287,72734,74769,73412,72882,73321,74542,75334,71256,73433,74175
1049025,DEU,Germany,"Bamberg, Kreisfreie Stadt",0.00479,60742,63367,64082,63027,64297,65084,65421,66499,67831,69069,70987,77785,76348,75615,71940,74249,78574,79549,79960,74541,79714,81821,80136,82114,81050,82067,84106,86348,86118,84363,83073,85610,86476
1049026,DEU,Germany,"Bamberg, Landkreis",0.00806,21428,22354,22607,22234,22682,22960,23079,23459,23929,24366,25042,27181,27483,26561,27761,27722,29210,28976,28312,28042,30206,32815,33372,34269,34566,35507,35011,35213,35285,35945,35104,36176,36542
1049027,DEU,Germany,Barnim,0.00579,20330,21209,21448,21095,21520,21783,21896,22257,22703,23117,23759,23887,23764,22927,22744,23186,23738,23998,24820,24556,25328,26747,27630,27801,28984,28996,29352,29692,29977,30415,29320,30216,30521
1049028,DEU,Germany,Bautzen,0.00816,21347,22269,22520,22149,22596,22872,22991,23370,23838,24273,24947,25343,25647,25842,25786,26858,27791,28948,29274,28844,29256,32066,31713,32317,33200,33464,34047,35243,35240,36428,35894,36990,37364
1049030,DEU,Germany,"Bayreuth, Landkreis",0.00329,23760,24787,25067,24654,25150,25458,25590,26012,26533,27017,27768,25508,24482,24814,23978,23764,25204,25631,26100,25116,25555,27705,27216,27294,28248,28201,28764,29330,29492,30063,29677,30583,30893
1049031,DEU,Germany,Berchtesgadener Land,0.00553,30640,31965,32325,31793,32433,32830,33001,33544,34216,34841,35808,36798,36121,35187,35259,35472,36502,37501,38476,37570,38656,40513,40270,40955,41778,42909,44251,44939,44696,46326,44130,45478,45938
1049032,DEU,Germany,BergstraÔøΩe,0.00416,30217,31523,31879,31354,31985,32377,32545,33081,33744,34360,35314,36958,36833,38366,39934,41091,40412,41278,42166,35613,40069,39801,39062,38787,38266,38344,38345,38224,38896,39028,37849,39006,39400
1049033,DEU,Germany,Berlin,0.00593,36937,38533,38968,38326,39098,39577,39782,40438,41248,42001,43167,42989,42213,41290,40894,41513,42869,43859,45297,44427,46464,49530,48897,48682,49498,50509,52336,53962,55536,56664,54872,56548,57120
1049034,DEU,Germany,Bernkastel-Wittlich,0.00678,27911,29117,29445,28960,29544,29906,30061,30556,31168,31737,32618,32381,33044,34279,34197,34137,35554,36656,37658,36756,37838,39706,39976,40633,41638,42238,43801,42769,42072,42732,42053,43338,43776
1049035,DEU,Germany,Biberach,0.01011,38558,40225,40679,40009,40815,41315,41529,42213,43058,43844,45062,45895,47122,46800,48808,51461,53776,56790,58850,54371,57831,62791,66304,63262,64443,67476,68216,69454,71134,73118,69613,71740,72465
1049036,DEU,Germany,"Bielefeld, Kreisfreie Stadt",0.00453,40156,41891,42364,41666,42506,43026,43249,43961,44842,45660,46929,48120,46340,45576,45334,46392,47038,49739,50076,48406,48262,50774,51121,51861,53067,53019,53365,54644,55633,55939,54745,56418,56988
1049037,DEU,Germany,Birkenfeld,0.0052,27359,28541,28863,28388,28960,29314,29466,29952,30552,31109,31973,32216,32122,31194,32236,31915,33067,33674,34474,33433,34674,35812,36358,36138,37447,38068,38544,39336,39513,39787,37920,39078,39473
1049038,DEU,Germany,"Bochum, Kreisfreie Stadt",0.00343,35597,37135,37554,36936,37680,38141,38339,38971,39751,40477,41601,38398,38957,39408,38956,39036,40862,41109,41048,39222,42836,43154,42492,43904,45462,44351,44188,44065,45222,45992,45254,46636,47108
1049039,DEU,Germany,Bodenseekreis,0.00725,42292,44120,44618,43883,44767,45315,45550,46301,47228,48090,49426,52557,48924,48974,50727,51906,55072,58109,58072,48896,57513,64874,63468,63983,64156,63397,68456,69898,68983,66940,64308,66272,66942
1049040,DEU,Germany,"Bonn, Kreisfreie Stadt",0.0039,81446,84966,85925,84509,86212,87267,87720,89165,90951,92611,95183,95878,110961,91393,92480,91748,101742,103479,105244,106426,105078,107801,100512,104903,95857,96500,97290,100180,109169,99676,98696,101711,102739
1049041,DEU,Germany,Borken,0.0068,32490,33894,34277,33712,34391,34812,34993,35569,36282,36944,37970,37740,36657,36234,36975,37570,39068,40482,42126,40340,42799,46150,46799,46956,48010,48842,49504,50638,50389,51430,50088,51618,52140
1049042,DEU,Germany,"Bottrop, Kreisfreie Stadt",0.00476,22146,23103,23364,22979,23442,23729,23852,24245,24731,25182,25881,26101,25138,24357,24423,26285,26609,27051,29786,27912,28614,28600,29430,27712,26549,27215,28249,29331,31843,31770,30621,31557,31876
1049043,DEU,Germany,"Brandenburg an der Havel, Kreisfreie Stadt",0.00768,27395,28579,28902,28426,28999,29354,29506,29992,30592,31151,32016,32238,32982,33924,34346,34404,36513,37253,38987,37817,39237,40603,41092,40701,41440,42630,42568,41396,43517,43927,42340,43633,44074
1049044,DEU,Germany,"Braunschweig, Kreisfreie Stadt",0.00708,65265,68086,68854,67720,69084,69930,70293,71451,72882,74212,76273,75779,76149,76574,77858,80246,84180,89109,94918,88694,91939,97296,95448,92671,96215,93304,99961,101254,101185,109119,102055,105173,106236
1049045,DEU,Germany,Breisgau-Hochschwarzwald,0.00514,28036,29248,29578,29091,29677,30040,30196,30694,31308,31880,32765,33598,32517,32376,32012,31718,33475,34112,34622,32466,34829,37584,37997,38633,39891,39675,40087,39979,40084,41003,39303,40503,40913
1049046,DEU,Germany,"Bremen, Kreisfreie Stadt",0.00354,52279,54538,55154,54245,55338,56015,56306,57234,58380,59445,61097,62600,63459,63675,63470,63603,66478,67806,68171,60707,63859,66221,68203,67803,68579,68288,68138,68698,68344,67341,64763,66741,67416
1049047,DEU,Germany,"Bremerhaven, Kreisfreie Stadt",0.00491,35747,37292,37713,37092,37839,38302,38501,39135,39919,40648,41776,42275,41482,43666,42748,45948,47930,47775,47810,44552,45963,48251,49648,47199,47063,46580,47919,48724,47773,47146,46451,47870,48354
1049048,DEU,Germany,Burgenlandkreis,0.00674,22139,23095,23356,22971,23434,23721,23844,24237,24722,25173,25873,25812,27879,27486,27490,26077,28662,30254,29901,27832,29959,31475,33559,32115,32359,32317,33577,33975,33746,34905,32991,33998,34342
1049049,DEU,Germany,BÔøΩblingen,0.00659,55755,58165,58821,57852,59018,59741,60050,61040,62262,63399,65160,70181,66049,66178,63145,56382,64441,75994,72791,60353,75061,81666,80038,82236,82952,89727,88409,90802,89783,82603,81381,83867,84715
1049050,DEU,Germany,BÔøΩrde,0.00981,21069,21979,22227,21861,22302,22575,22692,23066,23528,23957,24622,25813,26889,26479,26564,27827,29084,31646,34713,30304,33048,35442,37065,37482,37475,36945,37255,38144,37718,39449,37600,38749,39140
1049051,DEU,Germany,Calw,0.00536,27374,28557,28879,28403,28976,29330,29483,29968,30568,31126,31991,31465,31198,31244,31527,32427,33754,34224,34533,31702,34124,37469,38641,37526,38101,37822,38302,39310,39084,39335,37564,38711,39103
1049052,DEU,Germany,Celle,0.00334,31435,32794,33164,32617,33275,33682,33857,34415,35104,35745,36737,34357,33731,32249,31513,31408,33678,34996,35895,34758,35786,37476,39584,39316,39928,39484,38936,39228,40439,40441,38614,39794,40196
1049053,DEU,Germany,Cham,0.00828,29739,31024,31374,30857,31479,31864,32029,32557,33209,33815,34755,34781,36341,35581,35314,35838,38642,40469,40156,40415,40710,45028,44297,43009,46274,46851,47834,49373,50624,51344,50842,52395,52924
1049054,DEU,Germany,"Chemnitz, Kreisfreie Stadt",0.00574,33121,34553,34943,34367,35060,35489,35673,36261,36987,37662,38708,39939,40628,40665,40837,41403,44099,45461,43835,41841,43017,45764,46152,46575,47176,46324,47019,48317,48889,49570,47630,49085,49581
1049055,DEU,Germany,Cloppenburg,0.00742,28724,29966,30304,29804,30405,30777,30937,31447,32076,32662,33569,36377,34584,32954,34405,34737,36547,37113,38594,37848,41871,42933,44609,43504,44571,44680,45364,46746,45266,46367,46219,47631,48113
1049056,DEU,Germany,"Coburg, Kreisfreie Stadt",0.01248,61942,64619,65348,64272,65567,66370,66714,67813,69171,70434,72390,63820,63953,62598,78761,76008,91356,101075,98666,103254,98461,104945,113035,111675,113183,118147,128065,131863,130079,131459,127746,131648,132979
1049057,DEU,Germany,"Coburg, Landkreis",0.00251,30215,31521,31877,31352,31983,32375,32543,33079,33741,34357,35312,36618,32467,30987,30074,29418,30613,32019,31523,31121,32450,33252,34588,34152,35551,36173,36122,36650,36858,37067,35700,36791,37163
1049058,DEU,Germany,Cochem-Zell,0.00607,27203,28379,28699,28226,28795,29147,29299,29781,30378,30932,31791,33072,33037,32988,32846,33252,34081,35213,35298,35484,35886,35846,35444,35720,37037,37640,38871,40204,41429,42864,42179,43467,43907
1049059,DEU,Germany,Coesfeld,0.00538,27026,28194,28512,28042,28607,28957,29108,29587,30180,30731,31584,31536,30524,30785,31048,31764,32640,34710,32935,32315,33153,35598,36276,35882,36545,36496,38312,39000,38605,39272,38845,40032,40437
1049060,DEU,Germany,"Cottbus, Kreisfreie Stadt",0.0054,33113,34544,34934,34358,35051,35480,35664,36251,36977,37652,38698,39463,39201,40995,42309,41841,42266,43113,44343,42170,42856,43854,44095,44691,45897,47169,47097,47649,47456,48093,46998,48434,48924
1049061,DEU,Germany,Cuxhaven,0.00575,21255,22173,22423,22054,22498,22774,22892,23269,23735,24168,24840,24990,24500,24702,24953,24757,25589,26520,26274,25214,25852,27137,29090,29502,31309,30667,29701,30512,31462,32525,32698,33697,34038
1049062,DEU,Germany,Dachau,0.00609,25882,27000,27305,26855,27396,27732,27876,28335,28902,29430,30247,33335,33450,32654,31918,33419,31942,33624,32887,31377,32712,34861,35739,35678,36748,36812,38470,39221,39428,40046,38050,39212,39608
1049063,DEU,Germany,Dahme-Spreewald,0.00889,25179,26267,26564,26126,26652,26979,27119,27565,28117,28631,29426,29202,29059,28717,29932,33490,43956,43597,44740,44051,45199,45872,45396,45899,46862,44209,44830,44729,44951,43914,42722,44027,44472
1049064,DEU,Germany,"Darmstadt, Kreisfreie Stadt",0.00428,78317,81702,82624,81263,82900,83915,84350,85740,87457,89054,91527,96001,96699,92309,95509,94619,95523,94092,95075,93258,95217,100941,99413,98784,97613,95801,105450,108464,105877,108016,107466,110749,111868
1049065,DEU,Germany,Darmstadt-Dieburg,0.00584,26259,27394,27703,27247,27796,28136,28282,28748,29323,29859,30688,31540,31629,31211,31310,30926,32105,33673,34446,31589,33952,36483,36049,35627,36930,37864,37424,38130,38810,38961,37370,38512,38901
1049066,DEU,Germany,Deggendorf,0.00627,36166,37729,38154,37526,38282,38751,38952,39593,40386,41123,42266,41483,41086,40687,43220,41779,42525,43610,45396,43825,46366,47821,49887,49659,52499,53210,53156,53866,54956,55055,54838,56513,57085
1049067,DEU,Germany,"Delmenhorst, Kreisfreie Stadt",0.00432,23122,24121,24393,23992,24475,24775,24903,25313,25820,26292,27022,27007,27230,26595,28014,28063,29500,30154,29452,28460,28405,29842,30311,29185,29669,30811,30920,31097,30958,31273,31421,32381,32708
1049068,DEU,Germany,"Dessau-RoÔøΩlau, Kreisfreie Stadt",0.00814,24833,25906,26198,25767,26286,26608,26746,27186,27731,28237,29021,30179,32176,31354,31094,32497,34211,34245,36086,36462,36058,38663,39340,38835,39565,39439,39298,40799,39873,40191,40624,41865,42288
1049069,DEU,Germany,Diepholz,0.00543,28465,29695,30030,29536,30131,30500,30658,31163,31787,32367,33266,33537,32789,32429,33709,32910,34644,35504,37006,33867,36444,40233,40158,39646,40648,39897,41113,42337,40663,41169,38974,40165,40571
1049070,DEU,Germany,Dillingen a.d. Donau,0.00791,28914,30163,30504,30001,30606,30980,31141,31654,32288,32877,33791,33216,32798,32713,32859,33373,35887,35245,36914,37456,38811,42573,41611,43694,45599,45821,46122,47337,47960,47210,47645,49101,49597
1049071,DEU,Germany,Dingolfing-Landau,0.01184,44028,45931,46450,45684,46605,47175,47420,48201,49167,50064,51455,65427,64009,65679,67738,69242,71623,76590,65929,66221,79097,88415,83028,83340,93579,93259,92248,96885,81491,85380,78497,80895,81713
1049072,DEU,Germany,Dithmarschen,0.00391,32920,34342,34730,34158,34846,35273,35456,36040,36761,37433,38472,39411,38075,35974,49286,34476,37579,34185,37489,34343,36368,38342,39686,39787,40292,41998,42601,45933,46455,45904,44212,45563,46023
1049073,DEU,Germany,Donau-Ries,0.0099,37331,38944,39384,38735,39516,39999,40207,40869,41688,42449,43628,43179,46167,45709,46197,48432,51815,53878,55364,55966,56300,59991,62988,63601,64411,66090,66473,67353,66981,67338,66458,68488,69181
1049074,DEU,Germany,Donnersbergkreis,0.00634,23989,25026,25308,24891,25393,25704,25837,26263,26789,27278,28035,27863,27887,27574,28353,29286,29385,31931,31606,27101,31861,34437,34219,35571,37196,39173,39169,38957,39015,38314,33457,34479,34827
1049075,DEU,Germany,"Dortmund, Kreisfreie Stadt",0.00588,34862,36369,36779,36173,36902,37354,37548,38166,38931,39641,40742,42654,42464,43636,45339,46082,44710,46985,46884,45643,46371,48769,49381,48757,48947,49415,49705,51086,52937,53599,51761,53342,53881
1049076,DEU,Germany,"Dresden, Kreisfreie Stadt",0.00505,37924,39563,40010,39350,40143,40635,40846,41518,42350,43123,44321,46944,49358,51457,53196,50989,51709,51986,50042,47153,48445,48886,48358,49288,50123,53004,52994,53809,55034,56002,54422,56085,56652
1049077,DEU,Germany,"Duisburg, Kreisfreie Stadt",0.00527,35969,37523,37946,37321,38073,38539,38739,39378,40166,40899,42035,41967,41603,43500,44432,46186,46043,49240,51183,45767,45972,49764,49353,47683,48515,47756,45821,47984,49005,46956,43376,44701,45153
1049078,DEU,Germany,DÔøΩren,0.00422,30010,31307,31660,31138,31766,32155,32322,32854,33512,34124,35071,33613,33022,32678,33430,33269,34754,35110,36699,34764,35568,37846,38752,38869,39220,39315,39206,39671,39929,40465,40089,41313,41731
1049079,DEU,Germany,"DÔøΩsseldorf, Kreisfreie Stadt",0.00198,87787,91581,92615,91089,92925,94062,94550,96108,98032,99822,102594,108283,104574,104417,105496,104510,106510,112555,115641,106326,106664,107333,104449,107207,107678,107326,106927,108889,112171,110352,107119,110391,111507
1049080,DEU,Germany,Ebersberg,0.00503,31336,32690,33059,32514,33169,33575,33750,34306,34993,35631,36621,37196,37131,36619,38313,38634,39840,41187,41898,39991,39425,42104,39845,39868,41967,42471,43012,44650,44512,42671,42326,43619,44060
1049081,DEU,Germany,Eichsfeld,0.01214,17441,18195,18400,18097,18462,18688,18784,19094,19476,19832,20383,20614,20919,22279,22929,23514,24642,26217,26643,25462,27183,30001,31630,32027,32252,33225,34318,35138,35017,35072,33763,34795,35146
1049082,DEU,Germany,EichstÔøΩtt,0.00849,26895,28058,28374,27907,28469,28818,28967,29444,30034,30582,31432,32397,31704,31606,32535,32058,33056,33977,36003,34219,37998,40125,39554,41172,42471,44301,45558,46834,47955,48294,46742,48170,48657
1049083,DEU,Germany,Eifelkreis Bitburg-PrÔøΩm,0.00609,26586,27735,28048,27585,28141,28486,28634,29105,29688,30230,31070,31322,32338,32634,33469,32168,33589,35583,35645,34511,35900,37173,38774,39421,36376,36871,36804,37565,38539,39464,38245,39413,39811
1049084,DEU,Germany,"Eisenach, Kreisfreie Stadt",0.00347,42305,44133,44631,43896,44780,45328,45563,46314,47242,48104,49440,48217,57477,58691,55572,50735,54236,52119,39474,40522,44028,49116,45335,46821,56860,57766,56746,56592,53140,51681,48165,49636,50138
1049085,DEU,Germany,Elbe-Elster,0.00815,20274,21150,21389,21036,21460,21723,21836,22195,22640,23053,23694,23376,23883,23681,23618,24614,25152,25708,27024,26713,27429,29726,30200,31182,31890,31696,31725,33253,33299,33973,33853,34887,35240
1049086,DEU,Germany,"Emden, Kreisfreie Stadt",0.00564,59652,62230,62932,61895,63142,63915,64247,65305,66613,67829,69713,73377,63432,61917,59345,61996,66823,68462,63813,58235,74122,81347,80924,80145,85278,76081,97202,93996,98392,99448,86749,89399,90302
1049087,DEU,Germany,Emmendingen,0.00596,29555,30832,31180,30666,31284,31667,31831,32356,33004,33606,34540,33843,32856,31983,32654,32588,34051,34871,36600,33429,35934,38591,38675,39353,40865,42379,41566,43160,43945,44490,43594,44925,45380
1049088,DEU,Germany,Emsland,0.00776,34911,36420,36831,36224,36954,37406,37600,38220,38985,39697,40799,40130,39066,40986,43695,42603,45990,47855,50020,46547,48760,52541,53600,52442,52498,52448,54792,57329,56199,57534,54649,56318,56888
1049089,DEU,Germany,Ennepe-Ruhr-Kreis,0.00499,29651,30933,31282,30766,31386,31771,31935,32462,33112,33716,34653,34188,34250,34395,35054,35394,36901,38406,39987,36608,38088,40286,40117,40047,41584,40718,40789,41071,41062,41020,39105,40299,40707
1049090,DEU,Germany,Enzkreis,0.00508,29155,30415,30758,30251,30861,31239,31401,31918,32557,33152,34072,33829,33903,33820,34725,35947,36856,37089,36540,32142,35050,38619,38341,37683,39145,40119,40363,40940,41455,41413,38671,39853,40256
1049091,DEU,Germany,Erding,0.00575,28281,29503,29836,29345,29936,30303,30460,30962,31582,32158,33051,32969,32826,32635,33537,33595,34998,34576,35482,34463,36929,39517,41131,40655,40725,40918,41431,42543,41589,42382,40157,41384,41803
1049092,DEU,Germany,"Erfurt, Kreisfreie Stadt",0.00334,42869,44722,45227,44482,45378,45934,46172,46933,47872,48746,50100,49897,50104,48709,48572,47355,50565,51346,50061,48672,49879,53561,52903,56370,57054,55313,54866,53828,53797,54831,54015,55665,56228
1049093,DEU,Germany,"Erlangen, Kreisfreie Stadt",0.00751,83449,87056,88038,86588,88333,89414,89878,91358,93188,94889,97525,82832,86453,91466,96093,90714,96614,100867,111385,111746,106217,121654,125788,120852,123145,126834,122823,122992,130775,133296,136115,140273,141691
1049094,DEU,Germany,Erlangen-HÔøΩchstadt,0.00748,30606,31928,32289,31757,32397,32793,32963,33506,34177,34801,35768,34045,36436,36623,36665,38713,39608,41633,40229,38161,42158,43992,45892,46666,49349,50442,52648,51935,51937,51523,46783,48212,48699
1049095,DEU,Germany,Erzgebirgskreis,0.00875,18618,19422,19641,19318,19707,19948,20052,20382,20790,21170,21758,22076,23186,23465,24179,24454,25525,25797,26180,24845,26544,28103,28835,28715,29563,30064,30831,31661,31916,32148,31346,32303,32630
1049096,DEU,Germany,"Essen, Kreisfreie Stadt",0.00538,43131,44995,45503,44753,45655,46214,46454,47219,48165,49044,50406,51876,52208,53412,52641,50786,53189,56532,61522,60637,60935,62890,58169,57110,57685,57257,56947,58046,59388,59380,58084,59858,60464
1049097,DEU,Germany,Esslingen,0.00439,42168,43991,44487,43754,44636,45183,45417,46165,47090,47949,49281,51810,48540,48893,48139,47901,50868,52981,54066,46251,50667,54506,55225,53909,55040,56478,55967,58357,58035,56572,53288,54915,55471
1049098,DEU,Germany,Euskirchen,0.00408,27637,28831,29156,28676,29254,29612,29766,30256,30862,31425,32298,31649,32384,33535,33550,33408,34412,35872,35265,32398,33374,35154,34652,35389,35394,35048,36500,37601,37696,37230,36459,37572,37952
1049099,DEU,Germany,"Flensburg, Kreisfreie Stadt",0.00374,43086,44948,45456,44707,45608,46166,46405,47170,48114,48993,50354,49232,51798,52207,54386,54519,56311,55329,55149,52016,53502,55887,56102,55248,54319,55786,55575,57182,56408,58174,56122,57836,58421
1049100,DEU,Germany,Forchheim,0.00657,22540,23514,23780,23388,23859,24151,24277,24676,25171,25630,26342,26182,26649,26516,26476,26473,28047,27961,28462,27803,28397,30814,31369,31789,33312,36545,36482,40508,41454,44477,43119,44436,44885
1049101,DEU,Germany,"Frankenthal (Pfalz), Kreisfreie Stadt",0.0044,35864,37414,37837,37213,37963,38428,38627,39264,40050,40781,41914,43473,42501,41869,41304,42619,44442,46796,48045,45638,46555,47359,47893,47283,47212,46127,45046,43590,45768,48535,46605,48029,48515
1049102,DEU,Germany,"Frankfurt (Oder), Kreisfreie Stadt",0.00638,34334,35818,36222,35625,36343,36788,36979,37588,38341,39041,40125,41277,42145,42822,41805,42755,43952,44866,53101,50978,52858,54252,50050,47821,48203,49667,48712,49522,50204,51342,50740,52290,52818
1049103,DEU,Germany,"Frankfurt am Main, Kreisfreie Stadt",0,112440,117299,118623,116669,119020,120477,121102,123097,125562,127854,131405,136793,134639,135578,135820,134928,138633,138563,139695,131927,130963,135404,133237,132541,133569,129205,128811,127801,127208,127624,119545,123197,124443
1049104,DEU,Germany,"Freiburg im Breisgau, Stadtkreis",0.00452,51736,53972,54581,53682,54764,55434,55722,56640,57774,58829,60463,60659,64303,60596,59723,59966,61057,62248,62337,61058,64181,68130,67033,67207,68506,67576,67715,68980,70241,72931,72166,74371,75123
1049105,DEU,Germany,Freising,0.00507,49682,51829,52414,51551,52590,53233,53509,54391,55480,56493,58062,60564,60378,58292,61791,62095,64665,66225,63597,63078,66309,68419,66689,67331,66383,70735,69849,68003,67324,67296,58758,60553,61165
1049106,DEU,Germany,Freudenstadt,0.00574,35999,37555,37979,37353,38106,38573,38773,39411,40201,40935,42072,40666,39144,38800,38588,39964,44018,46172,47219,40289,46302,50044,49029,48457,50312,50805,51716,53231,53667,54191,50763,52314,52842
1049107,DEU,Germany,Freyung-Grafenau,0.00741,24034,25073,25356,24938,25441,25752,25886,26312,26839,27329,28088,28963,28436,27401,28122,28980,29340,30318,30580,28793,30277,32826,33469,36082,36933,38050,38312,39251,40995,41385,41626,42898,43331
1049108,DEU,Germany,Friesland,0.00317,27686,28883,29209,28728,29306,29665,29819,30310,30917,31482,32356,32986,31990,31156,29530,29963,29647,29577,30869,28687,30561,31724,32801,32267,34215,35817,36078,37147,36729,36667,34677,35736,36097
1049109,DEU,Germany,Fulda,0.00556,35102,36619,37033,36423,37157,37611,37806,38429,39199,39915,41023,43445,43977,43793,42392,42806,44836,46994,46829,45486,47354,48274,47995,48755,49058,49817,49767,51538,50830,50817,48806,50297,50806
1049110,DEU,Germany,FÔøΩrstenfeldbruck,0.00572,24544,25604,25893,25467,25980,26298,26434,26870,27408,27908,28683,29174,30298,28977,29025,29651,29788,29959,30807,29855,31066,33072,33113,33060,34935,34853,35135,35786,36400,36458,36040,37141,37517
1049111,DEU,Germany,"FÔøΩrth, Kreisfreie Stadt",0.00196,40886,42653,43134,42423,43278,43808,44035,44761,45657,46491,47782,47802,50096,48680,48473,47486,49593,49668,47754,45806,43861,45333,45546,45390,46655,47405,47780,49738,50782,50510,49547,51061,51577
1049112,DEU,Germany,"FÔøΩrth, Landkreis",0.00591,21408,22334,22586,22214,22661,22939,23058,23437,23907,24343,25019,26414,25692,25006,25101,25743,26358,26862,28925,26842,28226,29841,29866,29400,30307,30771,30957,31495,31699,31420,30198,31120,31435
1049113,DEU,Germany,Garmisch-Partenkirchen,0.00287,32193,33585,33964,33404,34077,34494,34673,35245,35950,36607,37623,36199,34948,34456,34684,34367,34935,35631,35458,34814,37682,37007,38006,37953,38525,39937,39557,40401,40763,41746,40020,41242,41659
1049114,DEU,Germany,"Gelsenkirchen, Kreisfreie Stadt",0.00424,32033,33417,33794,33238,33907,34323,34501,35069,35771,36424,37436,36576,34940,34843,36642,37309,40060,42032,42135,39836,43516,43904,43421,42564,40969,40940,40492,41594,41440,42230,40364,41597,42018
1049115,DEU,Germany,"Gera, Kreisfreie Stadt",0.00603,26287,27423,27733,27276,27825,28166,28312,28779,29355,29891,30721,31046,32096,32375,31871,31279,32586,33616,33731,32989,35503,36493,36087,36792,38223,38381,37895,39545,38607,39201,38901,40089,40495
1049116,DEU,Germany,Germersheim,0.00997,28046,29258,29588,29101,29687,30050,30206,30704,31319,31890,32776,34945,35668,37468,37869,36761,42116,44226,42808,34264,44523,48720,47391,45992,47316,52545,51373,52162,50188,45900,42070,43356,43794
1049117,DEU,Germany,"GieÔøΩen, Landkreis",0.00229,39353,41054,41517,40833,41656,42166,42385,43083,43946,44748,45991,47180,46823,46507,46378,45941,47496,48860,49378,44604,45678,47427,46987,46401,47665,47258,48537,48645,49082,49126,47505,48956,49451
1049118,DEU,Germany,Gifhorn,0.00573,19133,19960,20185,19852,20252,20500,20607,20946,21366,21756,22360,22179,22051,21161,22335,22577,23739,23536,23935,24256,24356,26114,26502,27103,28106,29838,28609,28562,28305,28180,27561,28403,28690
1049119,DEU,Germany,Goslar,0.00493,27705,28902,29229,28747,29326,29685,29839,30331,30938,31503,32378,33312,31199,30811,34094,33073,34527,34248,34616,32004,34438,36813,37040,36579,36983,37332,38739,39817,40065,39084,37581,38729,39121
1049120,DEU,Germany,Gotha,0.00784,23074,24071,24343,23942,24424,24723,24852,25261,25767,26237,26966,27664,26119,27748,28519,29072,30808,31805,32475,30805,31467,34530,34713,35095,36353,36293,36877,37930,38036,38605,37310,38450,38838
1049121,DEU,Germany,Grafschaft Bentheim,0.00552,30263,31571,31927,31401,32034,32426,32594,33131,33795,34412,35368,32247,31469,30886,31875,31647,34640,35910,37377,35282,36540,40683,41644,42151,43895,43771,41879,42499,42824,44066,43644,44977,45432
1049122,DEU,Germany,Greiz,0.0066,19275,20108,20334,19999,20402,20652,20759,21101,21524,21917,22526,23114,22671,23469,23542,22678,24321,24737,24340,23167,24933,26126,26642,27291,28459,28153,29810,31577,32264,31957,29944,30859,31170
1049123,DEU,Germany,GroÔøΩ-Gerau,0.0013,51642,53874,54482,53585,54665,55334,55621,56537,57669,58722,60353,56304,56486,58130,57154,56376,59404,60122,56703,51817,54108,60393,54756,53983,58503,56282,61450,62599,61614,61033,55062,56744,57317
1049124,DEU,Germany,GÔøΩnzburg,0.00669,40407,42153,42629,41927,42772,43295,43520,44237,45123,45946,47223,46437,48033,47522,46751,48488,52009,53319,56216,54432,56739,57486,58657,58225,59326,58185,59680,63932,61442,63222,59993,61825,62450
1049125,DEU,Germany,GÔøΩppingen,0.00379,34195,35673,36075,35481,36196,36639,36829,37436,38186,38883,39963,39626,39291,39433,38628,38021,39806,41297,42047,37506,39906,42252,42590,43634,44571,46479,45579,45900,45320,44269,41114,42370,42798
1049126,DEU,Germany,GÔøΩrlitz,0.01194,18082,18863,19076,18762,19140,19374,19475,19796,20192,20561,21132,21594,22923,23019,23851,24419,25764,28540,28756,28863,30200,31926,32854,33203,33949,34313,34717,35637,36795,38010,36935,38063,38448
1049127,DEU,Germany,GÔøΩtersloh,0.00609,44047,45951,46469,45704,46625,47196,47440,48222,49188,50085,51477,52174,50985,49640,50865,51705,54671,57317,57318,54478,56181,60653,60887,62081,63683,62060,63403,63003,64567,66269,66320,68346,69037
1049128,DEU,Germany,GÔøΩttingen,0.00571,32831,34250,34637,34066,34753,35178,35361,35943,36663,37332,38369,37997,37779,38269,39288,39860,41986,44147,42582,39914,41725,45057,44976,45479,46160,45539,46498,47317,47910,47969,46936,48370,48859
1049129,DEU,Germany,"Hagen, Kreisfreie Stadt",0.00349,36509,38087,38517,37882,38646,39119,39321,39969,40770,41514,42667,41077,40731,40112,40874,42611,44000,47432,47677,42844,45197,47950,47022,46323,46971,46114,45590,46649,47063,45629,42631,43933,44377
1049130,DEU,Germany,"Halle (Saale), Kreisfreie Stadt",0.00436,31117,32462,32828,32287,32938,33341,33514,34066,34748,35383,36366,37339,39098,38319,39540,38335,38716,37990,38473,38889,39355,40484,40990,40575,40895,41319,41038,41239,41918,42632,42664,43967,44411
1049131,DEU,Germany,Hamburg,0.00318,66524,69399,70183,69026,70417,71279,71649,72829,74288,75644,77745,80447,79977,79090,79895,80902,81272,82076,83620,79120,81545,83655,83874,85183,84834,86113,85642,87890,87196,88950,82882,85414,86278
1049132,DEU,Germany,Hameln-Pyrmont,0.00465,34450,35939,36345,35746,36466,36913,37104,37715,38471,39173,40261,39174,39009,34958,37423,38496,41225,40390,44317,41717,44037,46364,45641,44895,46270,45848,46477,46657,46569,47676,46759,48187,48674
1049133,DEU,Germany,"Hamm, Kreisfreie Stadt",0.00642,26605,27755,28068,27606,28162,28507,28655,29127,29710,30253,31093,30728,31100,30808,32638,33551,34949,36357,38823,36931,38376,39431,38821,38305,39238,38275,38501,38983,39301,40051,38715,39898,40301
1049134,DEU,Germany,Harburg,0.00591,21881,22827,23085,22704,23162,23445,23567,23955,24435,24881,25572,24713,24778,24841,25136,25131,26334,26761,27912,26697,27633,29831,30532,29950,30561,31301,31397,32256,32607,33381,32312,33299,33636
1049135,DEU,Germany,Harz,0.006,21694,22631,22887,22510,22963,23244,23365,23750,24225,24668,25353,25672,25264,24975,25987,26952,28243,29630,28578,26493,27182,29121,29391,29800,30336,30847,31306,31738,32252,33181,31385,32344,32671
1049136,DEU,Germany,Havelland,0.00582,19107,19932,20157,19825,20225,20472,20578,20917,21336,21726,22329,22882,23092,22400,22559,22217,23274,23954,24622,23437,23216,24784,26098,26520,27570,27147,27860,28625,28493,28697,27932,28786,29077
1049137,DEU,Germany,HaÔøΩberge,0.00483,30115,31416,31771,31247,31877,32267,32435,32969,33629,34243,35194,35845,34396,32683,34240,33858,35891,36058,35304,34097,35545,37722,38564,39767,39951,40204,42130,42625,43392,43312,42019,43303,43740
1049138,DEU,Germany,Heidekreis,0.00634,30026,31323,31677,31155,31783,32172,32339,32871,33530,34142,35090,35049,35327,38056,37633,35973,37932,39224,37875,36587,37732,40855,41975,42436,43855,43828,43156,44391,45665,46738,45800,47199,47676
1049139,DEU,Germany,"Heidelberg, Stadtkreis",0.00227,63249,65983,66728,65628,66951,67770,68122,69244,70631,71920,73918,74507,73748,71499,69220,68782,73670,73125,75895,72841,73822,74333,77703,76416,77284,75620,74306,76394,76519,77507,75407,77710,78496
1049140,DEU,Germany,Heidenheim,0.00319,39250,40946,41408,40726,41547,42056,42274,42970,43831,44631,45870,45889,43927,42621,43602,43757,45933,47167,47145,47549,46884,49976,49721,45843,45978,47702,48766,50489,49767,49945,49206,50709,51221
1049141,DEU,Germany,"Heilbronn, Landkreis",0.01163,38698,40371,40826,40154,40963,41464,41679,42366,43214,44003,45226,46067,44734,46229,46637,48282,53918,55808,56914,52840,55601,62003,66149,70559,71791,72333,70878,74271,77494,79081,75244,77542,78326
1049142,DEU,Germany,"Heilbronn, Stadtkreis",0.00165,64541,67330,68090,66968,68318,69154,69512,70658,72073,73388,75427,76659,72877,64453,64292,65144,67608,66870,67623,64494,70286,73222,73053,73633,73688,75484,72670,73526,75884,77432,72918,75146,75905
1049143,DEU,Germany,Heinsberg,0.00604,22592,23568,23834,23441,23914,24207,24332,24733,25228,25689,26402,26318,26992,26652,26841,27571,27690,28551,28836,27469,27737,29958,31277,31830,32458,32722,33215,34359,34854,35220,33857,34892,35244
1049144,DEU,Germany,Helmstedt,0.00323,21649,22584,22839,22463,22916,23196,23316,23700,24175,24616,25300,25582,23517,23032,23458,23770,23501,24759,26155,24964,26219,27421,27820,28546,27605,26872,26833,26865,27655,27490,26807,27626,27906
1049145,DEU,Germany,Herford,0.00294,35899,37451,37873,37249,38000,38465,38665,39302,40089,40820,41954,41361,41760,41715,41524,42065,41543,42631,42219,40333,40270,41931,42643,43778,44426,44800,44906,45465,45419,46355,44724,46090,46556
1049146,DEU,Germany,"Herne, Kreisfreie Stadt",0.00615,22426,23395,23659,23269,23738,24029,24153,24551,25043,25500,26208,27032,27048,27096,26876,27386,28161,28216,32014,28674,30317,32829,31684,30583,30320,30551,30512,30936,33345,34769,34300,35348,35706
1049147,DEU,Germany,Hersfeld-Rotenburg,0.00699,34549,36042,36449,35848,36571,37018,37210,37823,38581,39285,40376,41386,41212,41521,42905,42400,44055,46797,48084,47207,49151,50927,50707,51454,52417,52242,47765,49521,49247,51348,49690,51208,51726
1049148,DEU,Germany,Herzogtum Lauenburg,0.00202,26371,27510,27821,27362,27914,28256,28402,28870,29448,29986,30819,28167,29132,27556,27490,30648,35336,36229,28850,27986,28063,29539,29973,30469,30213,29985,30284,31548,31646,32088,30946,31892,32214
1049149,DEU,Germany,Hildburghausen,0.0085,18422,19219,19436,19115,19501,19739,19842,20169,20572,20948,21530,22364,22666,22722,23562,23508,24935,25896,25593,23859,25484,27659,28163,28313,29223,30210,31438,31181,30717,30571,30546,31479,31797
1049150,DEU,Germany,Hildesheim,0.00472,27723,28921,29247,28766,29345,29704,29858,30350,30958,31523,32399,32007,33163,33650,33406,33435,33790,33764,35313,33303,34572,36933,37808,36269,37528,37523,37816,38598,38210,39124,38164,39329,39727
1049151,DEU,Germany,Hochsauerlandkreis,0.00557,33741,35199,35596,35010,35715,36153,36340,36939,37678,38366,39432,38341,39222,38169,38758,38852,40313,42040,42455,40693,42394,45719,44968,45324,46854,47366,47702,49330,49570,50637,47993,49459,49959
1049152,DEU,Germany,Hochtaunuskreis,0.00184,53345,55650,56278,55351,56466,57158,57454,58401,59570,60658,62342,63120,62759,63224,62809,64435,68014,71522,69833,63582,64478,62003,61750,61123,62606,63201,62935,66485,66117,64389,62283,64186,64835
1049153,DEU,Germany,"Hof, Kreisfreie Stadt",0.00387,45647,47620,48157,47364,48318,48910,49163,49973,50974,51905,53346,57223,56515,54678,55919,54008,55068,56687,56006,54838,57908,62177,63269,60737,60198,59789,58533,58099,57483,57539,56531,58258,58847
1049154,DEU,Germany,"Hof, Landkreis",0.00882,25591,26697,26998,26553,27088,27420,27562,28016,28577,29099,29907,30818,30490,30199,30678,30775,32085,32240,34358,35173,37720,40271,40780,41658,42110,44043,46519,46997,47352,47096,45299,46683,47154
1049155,DEU,Germany,Hohenlohekreis,0.00745,41978,43792,44286,43557,44435,44978,45212,45957,46877,47733,49058,49500,48592,48006,48796,50066,53247,56088,56301,52611,55382,60551,62116,61400,63043,63010,64839,66488,67776,69357,67258,69313,70013
1049156,DEU,Germany,Holzminden,0.00525,29271,30536,30881,30372,30984,31363,31526,32045,32687,33284,34208,33206,33502,32837,31929,32188,34369,35889,36234,34608,38239,37889,38465,40139,38673,39085,41810,41550,41925,42133,41601,42872,43305
1049157,DEU,Germany,HÔøΩxter,0.00495,27068,28238,28556,28086,28652,29003,29153,29633,30227,30779,31633,31356,30437,30658,30998,31023,32368,33839,33428,32177,32659,34999,35359,35603,36113,37230,36854,38255,38231,38236,37184,38320,38707
1049158,DEU,Germany,Ilm-Kreis,0.01273,18928,19746,19969,19640,20036,20281,20386,20722,21137,21523,22121,22831,22646,23901,25169,25493,27446,27896,30888,30519,32868,34339,32667,32760,36097,36855,37811,39646,39054,40379,38993,40184,40590
1049159,DEU,Germany,"Ingolstadt, Kreisfreie Stadt",0.01358,75123,78370,79254,77948,79519,80493,80910,82243,83890,85421,87794,96318,94604,99274,98536,104271,119295,118616,104702,104016,122987,145531,162265,184051,178715,186203,178534,174971,171351,181112,162594,167561,169255
1049160,DEU,Germany,"Jena, Kreisfreie Stadt",0.00767,36259,37826,38253,37623,38381,38851,39053,39696,40491,41230,42375,44496,42340,43864,42951,44839,47324,49327,47751,45460,48906,52357,51870,53975,56062,56072,57806,59151,60118,60476,59069,60874,61489
1049161,DEU,Germany,Jerichower Land,0.00776,21332,22254,22506,22135,22581,22857,22976,23354,23822,24257,24931,25124,27085,26413,27245,28331,28012,29443,30434,28118,28959,31013,32143,32308,33396,32410,32756,33581,34617,35408,34734,35795,36157
1049162,DEU,Germany,"Kaiserslautern, Kreisfreie Stadt",0.00339,50005,52166,52755,51886,52931,53579,53857,54744,55841,56860,58439,56157,56279,59370,59774,56539,58774,59393,59462,56724,58196,61486,60151,59801,65339,65112,66709,64211,64789,65078,62511,64420,65072
1049163,DEU,Germany,"Kaiserslautern, Landkreis",0.00619,18631,19436,19655,19332,19721,19963,20066,20397,20805,21185,21773,21991,22147,21824,22356,22210,22851,23234,25085,23043,24375,25623,25793,25953,26336,27793,27945,27862,27933,28262,27569,28411,28698
1049164,DEU,Germany,"Karlsruhe, Landkreis",0.00587,34835,36340,36751,36145,36873,37325,37518,38137,38900,39610,40711,41101,41382,39466,39146,40251,43315,45309,48441,44447,46224,48948,48503,47253,49095,49961,49595,50405,51239,51771,47873,49335,49834
1049165,DEU,Germany,"Karlsruhe, Stadtkreis",0.00337,68314,71266,72071,70883,72312,73197,73576,74789,76286,77679,79836,81429,79191,78497,82291,82072,86947,87716,85680,81389,83827,85263,85172,83610,86529,87606,86692,88460,90020,89666,87850,90533,91448
1049166,DEU,Germany,"Kassel, Kreisfreie Stadt",0.00424,51231,53446,54049,53158,54229,54893,55178,56087,57210,58255,59873,61898,63002,64273,62989,62091,66008,68044,67903,63820,63096,65957,65610,65206,67979,67226,68317,70251,69423,69925,65895,67908,68594
1049167,DEU,Germany,"Kassel, Landkreis",0.00406,29089,30346,30689,30183,30791,31168,31330,31846,32484,33077,33996,32508,33324,35318,34058,33044,33988,33380,34106,32053,34611,37380,36448,36794,37581,37769,44961,41296,40917,41034,36535,37651,38032
1049168,DEU,Germany,"Kaufbeuren, Kreisfreie Stadt",0.0036,39355,41056,41519,40835,41658,42168,42387,43085,43948,44750,45993,45417,46248,43168,43064,43595,44021,45807,46891,46580,46278,49806,50960,48547,50199,49904,51252,51287,52658,49985,49039,50537,51048
1049169,DEU,Germany,Kelheim,0.00575,30184,31489,31844,31320,31951,32342,32509,33045,33707,34322,35275,37466,36777,35523,36988,35774,36988,36882,38259,36643,41193,42908,41507,41962,43044,43417,44127,44541,43100,43015,42438,43735,44177
1049170,DEU,Germany,"Kempten (AllgÔøΩu), Kreisfreie Stadt",0.00771,49462,51599,52182,51322,52356,52997,53272,54150,55234,56242,57804,60360,61873,63172,64672,65003,69773,70827,69993,65660,71152,74802,76020,77826,76794,75394,74930,72914,71150,72444,69805,71937,72664
1049171,DEU,Germany,"Kiel, Kreisfreie Stadt",0.00317,49869,52024,52611,51745,52787,53433,53711,54595,55689,56705,58280,59220,55965,57575,56880,57175,59317,57947,60488,59703,58438,61062,60353,61623,62003,60987,61599,63085,64412,64651,62856,64776,65430
1049172,DEU,Germany,Kitzingen,0.00723,30219,31525,31881,31356,31987,32379,32547,33083,33746,34362,35316,35108,35675,36192,36383,37329,39504,39694,40526,39503,41868,46340,43836,44578,44724,46355,48206,50671,47274,48677,46459,47878,48362
1049173,DEU,Germany,Kleve,0.00719,25719,26831,27134,26687,27225,27558,27701,28157,28721,29245,30057,30995,32268,30877,30731,30622,31758,33242,36087,34117,33826,36620,36826,37597,38635,38114,39661,41109,41207,42195,40697,41940,42364
1049174,DEU,Germany,"Koblenz, Kreisfreie Stadt",0.00154,77154,80489,81397,80056,81670,82669,83098,84467,86159,87731,90168,87974,90476,92290,93950,94047,96495,94273,92648,89076,88876,91223,91575,92427,92197,91473,90819,93083,91835,93834,90484,93248,94190
1049175,DEU,Germany,Konstanz,0.00542,33437,34882,35275,34694,35393,35827,36013,36606,37339,38021,39077,40598,38334,38965,37796,39105,41633,43452,43953,41256,42425,44634,45326,46835,46635,46005,46718,46977,47266,47859,48108,49578,50079
1049176,DEU,Germany,"Krefeld, Kreisfreie Stadt",0.00216,44239,46150,46671,45902,46827,47401,47646,48431,49401,50303,51700,50879,52330,51033,54637,53626,52431,55753,54395,48526,50787,53583,52825,50788,50631,50752,51260,54755,55705,54517,53169,54794,55347
1049177,DEU,Germany,Kronach,0.00445,32065,33451,33828,33271,33941,34357,34535,35104,35807,36461,37473,38126,40019,36595,39210,38897,42110,42956,40883,38910,40596,43054,42050,41277,43432,43656,43205,43372,44147,44435,41774,43050,43485
1049178,DEU,Germany,Kulmbach,0.00747,29310,30576,30921,30412,31025,31405,31568,32088,32730,33328,34253,35440,35313,35058,34478,35230,35993,37582,38529,40059,40398,41960,44403,44210,44503,45107,46461,47047,47536,47394,46287,47701,48183
1049179,DEU,Germany,Kusel,0.00283,19026,19848,20072,19741,20139,20386,20492,20829,21246,21634,22235,22259,22085,21634,21605,21094,21585,22086,23279,22607,22558,22955,22981,23231,22637,23003,23347,23765,23800,24014,23440,24156,24400
1049180,DEU,Germany,KyffhÔøΩuserkreis,0.00836,17742,18509,18718,18409,18780,19010,19109,19424,19813,20174,20735,20105,20136,20111,20825,20477,21185,22705,24039,23053,24520,26194,26513,27448,28743,28430,28744,30089,30079,30264,29706,30614,30923
1049181,DEU,Germany,"KÔøΩln, Kreisfreie Stadt",0.00315,62488,65189,65925,64839,66145,66955,67302,68411,69781,71055,73028,75862,73880,72635,73608,71275,74916,77329,73821,72340,72729,73369,73081,75013,78105,82134,80635,81051,81151,80044,75245,77543,78327
1049182,DEU,Germany,Lahn-Dill-Kreis,0.00462,33899,35364,35764,35174,35883,36322,36511,37112,37855,38547,39617,38896,38712,39339,41487,41942,43660,45456,46905,41525,42407,45630,44664,43904,44834,45395,45483,45694,46297,46755,44365,45721,46183
1049183,DEU,Germany,"Landau in der Pfalz, Kreisfreie Stadt",0.00439,41898,43709,44202,43474,44350,44893,45126,45869,46788,47642,48965,48069,47810,49482,51274,52018,53377,53352,52590,52112,51770,53581,54088,54825,55619,55753,57174,56676,56952,56952,55234,56922,57497
1049184,DEU,Germany,Landkreis Rostock,0.00635,22641,23619,23886,23492,23965,24259,24385,24786,25283,25744,26459,26463,26222,25606,25441,25578,26298,27334,28531,27935,29468,33266,31445,31893,32198,31958,32326,34857,34142,35818,34863,35928,36291
1049185,DEU,Germany,Landsberg am Lech,0.00598,31130,32476,32842,32301,32952,33355,33528,34081,34763,35398,36381,36588,35554,35266,35602,36403,36929,38757,39422,38472,39612,42209,42458,45123,43362,43699,45410,45805,46738,47338,46091,47499,47979
1049187,DEU,Germany,"Landshut, Landkreis",0.00657,32846,34266,34653,34082,34769,35194,35377,35960,36680,37349,38387,37237,39269,36119,35318,37160,39224,41921,44371,43490,47041,48766,46314,46753,47505,45482,48057,48422,49999,49659,50580,52125,52652
1049188,DEU,Germany,Leer,0.00559,25196,26285,26581,26143,26670,26997,27137,27584,28136,28650,29446,30903,29601,28555,29235,30465,31518,34136,32731,32615,33098,33918,33994,35494,35363,35110,33838,34962,34527,35332,34110,35152,35507
1049189,DEU,Germany,Leipzig,0.01065,19034,19857,20081,19750,20148,20395,20501,20838,21256,21644,22245,22711,23735,24175,24876,24934,26870,27999,29485,28620,29708,30845,31400,31715,32751,32453,34562,35586,35489,37005,36901,38028,38412
1049190,DEU,Germany,"Leipzig, Kreisfreie Stadt",0.00674,32553,33960,34343,33777,34458,34880,35060,35638,36352,37015,38043,38873,39497,39382,39365,39434,42289,42937,42488,41073,42931,47494,48283,48716,50023,49500,49043,50062,50005,51167,49147,50648,51160
1049191,DEU,Germany,"Leverkusen, Kreisfreie Stadt",-0.00127,62340,65034,65768,64685,65988,66796,67142,68249,69615,70886,72855,67063,71979,70961,71198,67461,64032,67108,63640,57468,63469,67573,65447,59805,61078,61055,63182,67717,69728,67871,60057,61892,62518
1049192,DEU,Germany,Lichtenfels,0.00612,32104,33492,33870,33312,33983,34399,34577,35147,35851,36505,37519,39400,39901,41360,42988,43122,46266,43897,43989,42435,45288,48525,46308,45813,46003,47145,47034,48748,49083,46838,45959,47363,47841
1049193,DEU,Germany,Limburg-Weilburg,0.00605,27378,28562,28884,28408,28981,29335,29488,29973,30574,31132,31996,32671,32569,32811,33380,33395,34523,35785,36609,35020,35843,37292,37060,37246,38051,38772,39524,40686,41548,42023,40919,42169,42595
1049194,DEU,Germany,Lindau (Bodensee),0.00573,33142,34574,34965,34389,35082,35511,35695,36283,37010,37685,38732,40481,41092,38525,37962,38043,39862,38324,40708,38586,40923,45192,45887,48306,49257,49669,50723,50778,51289,51678,47813,49273,49771
1049195,DEU,Germany,Lippe,0.00426,30455,31771,32129,31600,32237,32631,32801,33341,34009,34629,35591,35371,34635,33826,33883,34587,36036,37682,37374,34529,35877,38036,38652,38892,39902,39789,39717,40603,41124,41406,40218,41446,41865
1049196,DEU,Germany,Ludwigsburg,0.00566,43138,45002,45510,44760,45662,46221,46461,47226,48172,49052,50414,52407,51770,50975,50338,51065,54023,55952,56484,50630,54565,57583,59242,59545,59762,60302,61434,63375,63252,60523,56501,58227,58815
1049197,DEU,Germany,"Ludwigshafen am Rhein, Kreisfreie Stadt",0.00374,86814,90566,91588,90079,91895,93020,93502,95042,96946,98716,101457,95168,96868,92790,101633,96719,100862,104092,100853,95687,110182,115542,116125,110707,110170,117173,116679,115993,107863,105627,97878,100868,101888
1049198,DEU,Germany,Ludwigslust-Parchim,0.00861,19532,20376,20606,20266,20675,20928,21036,21383,21811,22209,22826,24544,24052,23912,23589,23636,24579,26482,26838,26350,27210,29465,30080,30027,30729,30263,31164,33178,32913,34188,34167,35211,35567
1049199,DEU,Germany,"LÔøΩbeck, Kreisfreie Stadt",0.00426,42831,44682,45186,44442,45337,45892,46130,46890,47829,48703,50055,50602,50699,51858,50441,51247,51585,52777,52970,50696,52832,54272,55323,55468,52812,53898,51948,58062,58364,59628,58105,59880,60485
1049200,DEU,Germany,LÔøΩchow-Dannenberg,0.0066,22633,23611,23878,23484,23958,24251,24377,24778,25274,25736,26451,26354,26761,26457,27774,27681,29915,29486,30334,28363,29465,31382,31710,32397,34038,33297,34810,35330,35008,34383,33679,34708,35059
1049201,DEU,Germany,"LÔøΩneburg, Landkreis",0.0051,26887,28049,28365,27898,28460,28809,28958,29435,30025,30573,31422,31408,30677,30705,30953,31370,31228,32465,32865,31369,32375,35618,34609,35295,36255,36787,36711,37017,38033,39024,38440,39615,40015
1049202,DEU,Germany,LÔøΩrrach,0.00295,36979,38577,39013,38370,39143,39622,39828,40484,41295,42049,43216,42025,42346,41510,42018,41411,43289,43871,44597,41052,43051,46040,46820,46623,47323,46510,44860,45398,45769,45877,43500,44828,45282
1049203,DEU,Germany,"Magdeburg, Kreisfreie Stadt",0.00408,35367,36895,37312,36697,37437,37895,38091,38719,39494,40215,41332,42288,43506,43781,43631,42897,44801,45387,46067,45791,45823,46208,46841,46405,47735,46517,46102,46808,46982,47810,46791,48221,48708
1049204,DEU,Germany,Main-Kinzig-Kreis,0.00401,35333,36860,37276,36662,37401,37859,38055,38682,39457,40177,41293,42200,40975,41919,40216,40700,42947,42866,42242,40912,42941,46403,45239,43936,43607,43810,46504,47227,49303,48842,46987,48423,48912
1049205,DEU,Germany,Main-Spessart,0.006,33454,34899,35293,34712,35411,35845,36031,36624,37358,38040,39096,42133,40965,38605,38634,39514,40234,42624,42932,39232,44987,46754,46419,45890,47087,45855,47841,49191,49680,49951,48614,50099,50605
1049206,DEU,Germany,Main-Tauber-Kreis,0.00538,36997,38596,39031,38388,39162,39641,39847,40503,41315,42069,43237,41966,41606,41650,42197,43737,45444,45806,47144,44472,48543,51110,50925,49955,49594,50637,49811,52705,53230,53853,52049,53639,54181
1049207,DEU,Germany,Main-Taunus-Kreis,0.00129,65759,68601,69375,68232,69607,70459,70824,71991,73433,74773,76850,79138,70924,71800,71368,69698,71916,75433,76866,70990,69788,76491,73892,75159,75893,76238,74784,74641,73753,76361,72776,74999,75757
1049208,DEU,Germany,"Mainz, Kreisfreie Stadt",0,71040,74110,74946,73712,75197,76118,76512,77773,79330,80779,83022,83000,78789,76173,74388,73564,73586,76156,76158,77480,78617,80055,80797,80648,78178,75660,76428,76238,76062,75390,74853,77140,77919
1049209,DEU,Germany,Mainz-Bingen,0.00873,28809,30054,30393,29892,30494,30868,31028,31539,32171,32758,33668,33127,33449,31905,33357,36407,37004,37201,39225,39064,40342,42107,45014,43976,46355,48107,48733,47876,48610,49541,48692,50180,50687
1049210,DEU,Germany,"Mannheim, Stadtkreis",0.00487,64066,66835,67589,66475,67815,68645,69001,70138,71542,72848,74872,77029,80748,82199,80059,80017,81902,82987,84949,77765,80845,87115,85732,87578,86263,87494,87854,90937,92082,89660,85240,87843,88731
1049211,DEU,Germany,Mansfeld-SÔøΩdharz,0.00706,18000,18778,18990,18677,19054,19287,19387,19706,20101,20468,21036,20943,21300,20145,20662,20911,22185,22411,23265,22818,24348,25100,26285,26957,26734,26577,26951,27526,28104,29036,28426,29294,29590
1049212,DEU,Germany,Marburg-Biedenkopf,0.006,34843,36349,36759,36154,36882,37334,37528,38146,38910,39620,40720,41655,41330,40046,41081,42685,43386,45244,46825,43046,44900,47289,46751,47537,48989,47268,48302,51680,51870,52664,52245,53841,54385
1049213,DEU,Germany,Mayen-Koblenz,0.00566,29217,30479,30823,30316,30927,31305,31467,31986,32626,33222,34145,33962,34208,34775,35225,34690,35689,36804,37505,35609,36303,39414,39731,40623,41107,42115,41991,42315,41922,42156,41529,42797,43230
1049214,DEU,Germany,Mecklenburgische Seenplatte,0.00633,24980,26060,26354,25919,26442,26765,26904,27348,27895,28404,29193,29709,29526,30695,31175,30536,32295,33118,32966,32737,32970,34338,34995,35546,36070,35581,35646,37750,36793,38362,38121,39285,39683
1049215,DEU,Germany,MeiÔøΩen,0.00771,23297,24304,24579,24174,24661,24963,25092,25506,26016,26491,27227,27924,28010,27425,28101,28607,30527,31092,32450,30262,32253,34635,35146,35236,36541,36951,37648,38260,37758,37747,36198,37304,37681
1049216,DEU,Germany,"Memmingen, Kreisfreie Stadt",0.00667,54444,56796,57437,56491,57630,58335,58638,59604,60797,61907,63627,66433,66842,67445,67224,68751,72543,74237,76425,71193,72023,76181,79685,78378,82528,81626,81976,81953,81801,82158,78349,80743,81559
1049217,DEU,Germany,Merzig-Wadern,0.0039,27509,28698,29022,28544,29119,29475,29628,30116,30719,31280,32149,32428,32446,32634,32696,33551,33853,35606,36459,34185,36065,34831,35642,34519,35540,34377,34971,36674,36485,36454,34190,35234,35591
1049218,DEU,Germany,Mettmann,0.00551,38102,39749,40198,39535,40332,40826,41038,41714,42549,43326,44529,45328,44591,44094,44765,46739,47862,51406,52251,49193,49598,52951,51772,50617,51399,51611,52512,55559,54994,55811,52908,54524,55075
1049219,DEU,Germany,Miesbach,0.00786,30194,31499,31854,31329,31961,32352,32520,33055,33717,34333,35286,35703,36126,34887,35005,35600,37372,40054,41574,40341,40982,43533,45034,44313,46520,47391,48379,48908,49401,52007,49876,51400,51920
1049220,DEU,Germany,Miltenberg,0.00685,29724,31009,31359,30842,31464,31849,32014,32542,33193,33799,34738,37419,36021,37998,37327,38648,39646,40547,38992,36821,39785,43161,43171,43059,44418,44205,45676,46370,46593,45898,45676,47072,47547
1049221,DEU,Germany,Minden-LÔøΩbbecke,0.00507,39140,40832,41293,40612,41431,41938,42155,42850,43708,44506,45742,43682,44126,44634,43725,45435,46082,47907,49254,46141,47401,51379,51226,50934,52798,52949,54632,55368,56141,56680,55068,56750,57324
1049222,DEU,Germany,Mittelsachsen,0.00916,21268,22187,22437,22068,22512,22788,22906,23283,23750,24183,24855,25367,26348,27051,27915,28450,31641,32985,34752,31682,33970,35516,34381,33859,34969,34971,36139,36533,36598,37084,35924,37022,37396
1049223,DEU,Germany,MÔøΩhldorf a. Inn,0.00659,30502,31821,32180,31650,32287,32683,32852,33393,34062,34684,35647,35759,36446,36942,36452,36814,37979,39331,38228,38398,41869,44511,43751,44146,44734,43587,44912,46495,46515,47451,46191,47602,48083
1049224,DEU,Germany,"MÔøΩlheim an der Ruhr,Kreisfreie Stadt",0.00581,35175,36695,37109,36498,37233,37689,37884,38508,39280,39997,41108,42996,42553,41970,41618,45355,47294,51549,53281,49842,47381,48941,49842,46680,49018,46529,45049,46498,48972,47692,46002,47408,47887
1049225,DEU,Germany,"MÔøΩnchen, Kreisfreie Stadt",0.00297,84502,88154,89149,87680,89447,90542,91012,92511,94364,96086,98755,99682,99088,94680,97347,96541,98750,100946,96375,92376,93826,98431,99868,100992,102301,103698,105327,109988,108959,110840,105899,109134,110237
1049226,DEU,Germany,"MÔøΩnchen, Landkreis",0.0034,114053,118982,120325,118343,120727,122205,122839,124863,127363,129688,133290,141181,138534,135256,134290,138868,138144,143564,140296,137242,134694,149964,145589,140513,139484,139654,145619,148064,149627,152668,146491,150966,152492
1049227,DEU,Germany,"MÔøΩnchengladbach, Kreisfreie Stadt",0.00426,33690,35146,35543,34957,35662,36098,36285,36883,37622,38309,39373,41953,40418,38614,38469,38763,39704,42698,42297,40238,41054,43049,44049,43308,43978,44694,45254,46553,45876,45708,44260,45612,46073
1049228,DEU,Germany,"MÔøΩnster, Kreisfreie Stadt",0.00293,67202,70106,70897,69729,71135,72005,72379,73571,75045,76415,78537,79604,79592,80791,82512,82915,87235,88685,91766,79370,77758,76999,75559,72191,73019,72929,72076,74411,74878,75766,74249,76517,77291
1049229,DEU,Germany,MÔøΩrkisch-Oderland,0.00303,22777,23761,24029,23633,24109,24405,24531,24935,25435,25899,26618,25764,26072,25439,26098,25287,25937,25890,27332,26357,26210,26212,26554,27065,27667,27719,27933,29078,28976,29704,29162,30053,30357
1049230,DEU,Germany,MÔøΩrkischer Kreis,0.00472,35868,37418,37841,37217,37967,38432,38631,39268,40054,40785,41918,41369,40566,39700,40160,40972,43313,44073,45090,40983,43328,46190,46608,47704,47924,49441,49024,50218,49763,48890,46156,47566,48046
1049231,DEU,Germany,Neckar-Odenwald-Kreis,0.00547,29601,30880,31228,30714,31333,31716,31881,32406,33055,33658,34593,35706,35391,34370,33818,33979,35330,37254,37592,35197,37816,40396,41398,42248,41863,42096,41955,43124,41544,41898,40144,41371,41789
1049232,DEU,Germany,Neu-Ulm,0.00556,35382,36911,37328,36713,37453,37911,38108,38735,39511,40232,41350,42467,42118,41170,42435,42859,45338,46769,47247,41662,43471,46732,47000,47861,48302,48372,51389,52428,52895,52098,48340,49817,50320
1049233,DEU,Germany,Neuburg-Schrobenhausen,0.00677,32594,34003,34386,33820,34501,34924,35105,35683,36398,37062,38092,39706,39425,40220,40473,40473,42743,43654,45169,44005,46939,48023,48327,45777,45794,46617,47940,50125,50504,50970,50603,52149,52676
1049234,DEU,Germany,Neumarkt i. d. OPf.,0.00871,30362,31674,32031,31504,32138,32532,32701,33239,33905,34524,35483,34422,35889,34020,35379,37109,37967,38373,40781,42091,45138,47251,46432,48765,51150,51986,52748,54163,52627,51525,50838,52391,52921
1049235,DEU,Germany,"NeumÔøΩnster, Kreisfreie Stadt",0.00626,38050,39694,40142,39481,40277,40770,40981,41656,42490,43266,44468,44254,44077,46050,44100,44350,46788,48380,48712,47397,48077,51253,51184,52760,54749,54718,55271,57587,58091,58035,58005,59777,60382
1049236,DEU,Germany,Neunkirchen,0.00411,25688,26798,27100,26654,27191,27524,27666,28122,28685,29209,30020,29260,29318,29012,29591,31074,31317,31990,31503,28478,30705,32918,34031,31860,33646,33073,34641,34680,34234,33976,32333,33321,33657
1049237,DEU,Germany,Neustadt a. d. Aisch-Bad Windsheim,0.00627,26740,27896,28211,27746,28305,28652,28800,29275,29861,30406,31251,30953,30827,29411,29699,29617,30536,31803,33046,31989,32830,35214,35834,36457,37650,37689,38570,41007,40416,41490,40571,41810,42233
1049238,DEU,Germany,Neustadt a. d. Waldnaab,0.00767,25350,26445,26744,26303,26833,27162,27302,27752,28308,28825,29625,30499,30950,29747,29229,30115,29428,31457,32154,31138,32729,35108,36691,38030,40370,41379,41398,42272,43660,43841,42169,43457,43896
1049239,DEU,Germany,"Neustadt an der WeinstraÔøΩe, Kreisfreie Stadt",0.00339,31963,33344,33720,33165,33833,34247,34425,34992,35693,36344,37354,37349,37298,38912,39407,38312,39024,39165,39713,38090,38391,40045,40742,41548,40910,41101,41409,41952,42020,42334,40821,42068,42493
1049240,DEU,Germany,Neuwied,0.00392,32786,34203,34589,34020,34705,35130,35312,35894,36613,37281,38317,37115,36685,36394,36303,37464,39055,40732,40545,37354,38462,40617,40791,40168,41161,40926,41172,43843,44420,44837,43697,45031,45487
1049241,DEU,Germany,Nienburg (Weser),0.00522,29435,30707,31053,30542,31157,31538,31702,32224,32870,33470,34399,34485,33275,30136,31741,30843,33077,33774,34854,32524,34702,37156,39224,40501,41914,41998,40675,41572,41171,42089,40786,42032,42456
1049242,DEU,Germany,Nordfriesland,0.00547,32946,34370,34758,34185,34874,35301,35484,36069,36791,37462,38503,39101,37787,37715,37915,37345,38485,39916,41634,41138,42294,42959,45430,44213,46147,46528,46700,47646,45915,48644,47371,48819,49312
1049243,DEU,Germany,Nordhausen,0.00634,22491,23463,23728,23337,23808,24099,24224,24623,25116,25575,26285,26012,25580,25313,25629,25830,26270,27688,29809,27734,28941,30596,32077,32360,34108,33411,35225,35497,35119,35423,33954,34991,35344
1049244,DEU,Germany,Nordsachsen,0.00681,23799,24828,25108,24695,25192,25501,25633,26055,26577,27062,27814,27965,27999,28183,28753,28021,28804,29895,31700,31051,32312,33604,33763,34209,34565,35384,36486,36980,36950,37884,36431,37544,37924
1049245,DEU,Germany,Nordwestmecklenburg,0.00695,20752,21648,21893,21532,21966,22235,22350,22718,23173,23596,24252,24597,24761,24413,24606,25263,27642,28394,28361,26856,27295,30063,29306,30553,31101,30947,30589,32114,32212,34008,31776,32746,33077
1049246,DEU,Germany,Northeim,0.00563,26416,27557,27868,27409,27962,28304,28451,28919,29498,30037,30871,31424,31289,29442,30634,30376,31423,32888,33620,33372,33769,36534,36278,36678,37860,37490,39137,39755,38510,37931,36612,37730,38112
1049247,DEU,Germany,"NÔøΩrnberg, Kreisfreie Stadt",0.00513,56984,59446,60117,59127,60318,61057,61373,62385,63634,64796,66595,66275,67328,64114,69026,66167,68106,69855,70565,67597,70565,74836,75839,76233,77143,76713,79604,82316,82376,83315,78362,80755,81572
1049248,DEU,Germany,NÔøΩrnberger Land,0.00564,29541,30817,31165,30652,31269,31652,31816,32340,32988,33590,34523,34787,33298,34111,33077,34592,35910,37035,38735,36501,38214,40929,41423,41619,42427,42810,42645,43148,42842,42946,40809,42055,42480
1049249,DEU,Germany,OberallgÔøΩu,0.00628,28434,29663,29998,29504,30098,30467,30625,31129,31753,32332,33230,34316,34468,33332,33033,34368,35732,35327,36299,35233,37115,39764,39234,39897,41308,41092,42392,43416,44255,43991,42059,43344,43782
1049250,DEU,Germany,Oberbergischer Kreis,0.00557,33522,34971,35366,34783,35484,35918,36104,36699,37434,38118,39176,39636,38345,37344,37856,38809,40729,43193,43661,38747,41076,45024,45377,45422,46844,47809,47688,48283,48451,48704,46221,47633,48115
1049251,DEU,Germany,"Oberhausen, Kreisfreie Stadt",0.00452,28767,30011,30349,29849,30451,30824,30983,31494,32125,32711,33619,32769,35276,33914,35039,34592,36400,34269,36044,35865,35026,38557,37320,39611,39351,39240,37509,35082,37110,35842,34979,36048,36412
1049252,DEU,Germany,Oberhavel,0.00757,22135,23091,23352,22967,23430,23717,23840,24233,24718,25169,25868,29008,28969,30720,28782,29211,32352,34507,33372,29648,30954,33559,32970,33831,35749,34702,35197,36113,35316,35694,35007,36077,36442
1049253,DEU,Germany,Oberspreewald-Lausitz,0.01003,20146,21017,21254,20904,21325,21586,21698,22056,22497,22908,23544,24448,25477,26510,25052,26462,28406,30636,30250,28573,29651,31880,32267,33153,34259,36000,36529,37855,38231,37669,35837,36932,37305
1049254,DEU,Germany,Odenwaldkreis,0.00478,26007,27131,27437,26985,27528,27865,28010,28471,29042,29572,30393,31331,31715,31619,33748,33474,33114,33968,33092,30453,32906,35438,34782,34399,35735,35615,36359,34738,35560,35571,34095,35136,35491
1049255,DEU,Germany,Oder-Spree,0.00529,23984,25021,25303,24886,25388,25699,25832,26258,26783,27272,28030,27714,27841,27716,27885,28418,29471,30074,29286,27710,28634,30017,30677,31349,32489,32546,33204,34745,35683,36477,35960,37058,37433
1049256,DEU,Germany,"Offenbach am Main, Kreisfreie Stadt",-0.00294,52661,54936,55556,54641,55742,56425,56717,57652,58806,59880,61543,61737,58862,58125,58339,57099,56546,56401,55118,52296,56085,56981,56309,54381,54302,53321,51542,50536,49857,49109,47066,48504,48994
1049257,DEU,Germany,"Offenbach, Landkreis",0.00618,38125,39773,40221,39559,40356,40850,41062,41738,42574,43351,44555,44833,45403,47140,46522,47650,48767,50021,49716,49207,50698,53101,51497,52691,51324,55884,56310,57537,55464,54185,51771,53352,53892
1049258,DEU,Germany,"Oldenburg (Oldenburg), Kreisfreie Stadt",0.0038,48260,50346,50914,50076,51085,51710,51978,52835,53893,54876,56401,57567,57284,55144,55427,55727,57345,58702,58060,57918,59150,61308,61485,60993,61462,60723,62114,62514,63308,64509,63714,65660,66324
1049259,DEU,Germany,"Oldenburg, Landkreis",0.00492,23579,24598,24876,24466,24959,25264,25395,25814,26331,26811,27556,27233,26359,25955,26773,26436,29553,29235,29601,26564,28024,30116,30384,31083,32788,32182,31410,32632,33007,33737,32858,33862,34204
1049260,DEU,Germany,Olpe,0.0067,34668,36166,36574,35972,36697,37146,37339,37954,38714,39420,40515,40624,40703,40974,41809,42607,44728,46369,46467,42675,45064,48441,51411,50942,51747,50589,53088,54779,55330,54414,51101,52662,53194
1049261,DEU,Germany,Ortenaukreis,0.0047,39858,41581,42050,41357,42191,42707,42929,43636,44510,45322,46581,46807,46806,46357,47425,47766,50233,51789,52113,47865,49926,53971,51802,52116,52889,52997,54240,54589,55591,55874,52970,54588,55140
1049262,DEU,Germany,"OsnabrÔøΩck, Kreisfreie Stadt",0.00411,50793,52988,53586,52704,53766,54424,54706,55607,56721,57756,59360,56445,56253,55156,57277,56166,58680,60285,61614,58207,60361,67483,65958,65670,67923,68060,66278,67170,67287,68765,67218,69271,69971
1049263,DEU,Germany,"OsnabrÔøΩck, Landkreis",0.00759,25715,26826,27129,26682,27220,27553,27696,28152,28716,29240,30052,30415,30370,30739,31333,32129,33824,35082,35785,32970,35282,37825,38085,38319,38909,39327,40046,40790,40753,41695,41524,42793,43225
1049264,DEU,Germany,Ostalbkreis,0.00882,34732,36233,36642,36038,36764,37214,37407,38024,38785,39493,40590,41439,39559,41427,42127,43785,45859,49457,48248,43066,48830,53950,54940,55295,57423,56376,56567,59756,60517,60452,58565,60354,60964
1049265,DEU,Germany,OstallgÔøΩu,0.00582,32168,33558,33937,33378,34050,34467,34646,35217,35922,36578,37594,37843,40173,36656,37425,37706,39159,38383,40802,38807,41470,44112,46064,46131,45736,46026,47193,47784,48696,49756,46388,47805,48288
1049266,DEU,Germany,Osterholz,0.00424,20205,21079,21317,20965,21388,21650,21762,22120,22563,22975,23613,24594,24190,24268,24658,23844,25008,24650,24763,23540,24689,26036,25957,25914,26713,26321,27067,27615,27658,27967,27125,27953,28236
1049267,DEU,Germany,Ostholstein,0.0041,26556,27704,28017,27555,28111,28455,28602,29073,29656,30197,31036,31825,31124,29991,29087,29564,29412,29825,29876,29062,29677,31436,32845,33427,34097,34440,34635,36044,36081,36927,35836,36931,37304
1049268,DEU,Germany,Ostprignitz-Ruppin,0.00779,22443,23413,23678,23288,23757,24048,24172,24571,25063,25520,26229,27216,28428,26624,27207,26693,27739,28275,30039,29559,30372,31946,33135,33717,35093,34976,34759,35689,35921,37780,36974,38103,38489
1049269,DEU,Germany,Paderborn,0.00513,34440,35928,36334,35735,36455,36902,37093,37704,38459,39161,40249,39529,39243,38124,39383,39774,41897,45233,45775,42828,43176,44886,45912,46372,48293,47143,48308,48856,48656,48654,46384,47801,48285
1049271,DEU,Germany,"Passau, Landkreis",0.00576,27785,28986,29313,28830,29411,29771,29925,30418,31027,31594,32471,33036,33353,31597,32665,32224,33473,34690,35615,33756,35850,38639,38994,38192,38801,38839,39491,40922,41371,41108,38911,40100,40505
1049272,DEU,Germany,Peine,0.00412,22733,23715,23983,23588,24063,24357,24484,24887,25385,25849,26567,26795,26347,25069,27004,25578,27917,30455,32171,27829,28017,30119,30200,29548,30750,29886,29012,28865,29944,29457,28465,29335,29631
1049273,DEU,Germany,Pfaffenhofen a. d. Ilm,0.00958,28601,29837,30174,29677,30275,30646,30804,31312,31939,32522,33425,34670,38283,36852,37112,36012,38912,38498,40340,38769,55316,56736,52277,51927,50903,54456,55959,61632,49305,48443,52400,54001,54547
1049274,DEU,Germany,"Pforzheim, Stadtkreis",0.00376,43913,45811,46328,45565,46483,47052,47296,48075,49038,49933,51320,50945,49415,48499,49549,50734,52942,53772,53948,50377,56517,59235,61666,63179,59468,57237,55470,55199,54842,54571,54595,56263,56832
1049275,DEU,Germany,Pinneberg,0.00336,31044,32385,32751,32211,32861,33263,33435,33986,34667,35300,36280,38406,36729,36256,35960,37908,37842,38973,38779,37054,37988,39748,39748,39321,39575,38613,39790,39927,40186,40241,37926,39085,39480
1049276,DEU,Germany,"Pirmasens, Kreisfreie Stadt",0.00384,38893,40574,41032,40356,41170,41674,41890,42580,43432,44225,45454,45640,45322,45239,44667,46846,46312,46067,46858,47400,49076,49041,50444,50532,51553,50684,51581,50668,50438,51077,48931,50426,50935
1049277,DEU,Germany,PlÔøΩn,0.00435,20213,21086,21324,20973,21396,21658,21770,22129,22572,22984,23622,23453,23167,23235,23337,23088,23815,24409,24632,24157,24892,27944,26463,27104,26970,25553,25900,27126,26792,28509,27309,28143,28427
1049278,DEU,Germany,"Potsdam, Kreisfreie Stadt",0.00443,42741,44588,45091,44348,45242,45796,46033,46792,47729,48600,49950,49286,48654,49041,49588,50223,50776,51254,52585,54175,54178,55294,55168,54372,55620,56240,56438,57367,57818,59031,57644,59405,60006
1049279,DEU,Germany,Potsdam-Mittelmark,0.0055,23462,24476,24752,24344,24835,25139,25269,25685,26200,26678,27419,26062,25852,25283,26168,25799,26345,27395,27830,26957,27193,28873,29657,31346,32650,32575,33191,33921,34650,35958,35288,36366,36733
1049280,DEU,Germany,Prignitz,0.01045,19496,20339,20568,20229,20637,20890,20998,21344,21771,22169,22784,24139,24603,24069,24978,25720,27163,28044,28662,27847,29686,32194,33352,33916,35531,35266,34419,36285,35740,36685,37005,38135,38521
1049281,DEU,Germany,Rastatt,0.00674,38159,39808,40257,39594,40392,40886,41098,41775,42612,43390,44595,48133,46789,48157,49038,49650,52070,53556,52412,44275,52548,56844,54835,53843,55758,56952,58042,59485,59522,56578,51412,52982,53518
1049282,DEU,Germany,Ravensburg,0.00672,38787,40464,40920,40246,41057,41560,41775,42464,43314,44105,45330,47429,50013,49413,48372,47209,47954,48695,50715,47197,51086,54584,54443,54570,54537,56418,57529,59148,60810,63619,61906,63797,64442
1049283,DEU,Germany,Recklinghausen,0.00706,22558,23533,23798,23406,23878,24170,24296,24696,25191,25650,26363,28202,28348,27631,29571,29389,29988,30586,32599,31485,32984,34710,33668,32994,32633,33078,33914,34895,35319,35620,34464,35516,35875
1049284,DEU,Germany,Regen,0.00731,27250,28428,28748,28275,28845,29198,29349,29833,30430,30986,31846,32293,32764,31575,32021,32320,33864,35135,34769,32949,35402,38182,39471,39833,40483,41858,42164,43013,44293,45992,44416,45772,46235
1049285,DEU,Germany,"Regensburg, Kreisfreie Stadt",0.00552,84125,87761,88751,87289,89048,90138,90605,92098,93942,95657,98314,93232,91622,95146,99221,99537,103320,112665,114170,103662,116232,121271,117961,115865,119548,118565,116244,123322,117461,117078,112392,115825,116996
1049286,DEU,Germany,"Regensburg, Landkreis",0.00759,21676,22613,22868,22491,22944,23225,23346,23730,24206,24647,25332,25161,25959,26450,26793,27355,28327,29020,29859,26345,28370,30631,31424,32163,33125,33147,33941,34393,34432,34601,33644,34672,35022
1049287,DEU,Germany,Region Hannover,0.00482,44209,46119,46640,45871,46796,47368,47614,48399,49368,50269,51665,51370,51377,51226,50693,54126,56956,56750,57734,55079,56712,60338,60052,58389,59085,58378,60700,60794,61847,62705,60491,62339,62969
1049288,DEU,Germany,Regionalverband SaarbrÔøΩcken,0.00557,42969,44826,45332,44585,45483,46040,46279,47041,47983,48859,50216,49745,48990,50060,52122,55404,57006,59250,57917,53323,55745,62797,60097,60762,60689,60443,59906,60656,60488,58894,56315,58035,58622
1049289,DEU,Germany,Rems-Murr-Kreis,0.00311,37115,38719,39156,38511,39287,39768,39974,40633,41447,42203,43375,42768,42190,41056,41236,41155,43997,43909,44202,40133,42745,45492,45122,45424,45878,46147,46270,47425,48053,48062,46097,47505,47985
1049290,DEU,Germany,"Remscheid, Kreisfreie Stadt",0.00327,38719,40392,40848,40175,40985,41486,41702,42389,43238,44027,45250,45357,43086,45638,44445,44489,46227,47690,48571,42630,44529,48648,49279,48238,50029,48759,48680,48607,48723,50201,47120,48559,49050
1049291,DEU,Germany,Rendsburg-EckernfÔøΩrde,0.00381,29878,31170,31521,31002,31627,32014,32180,32710,33365,33974,34918,36412,35931,35487,33286,33194,33648,33860,35424,32912,33112,35855,39279,37346,37484,37074,37256,39314,39040,41344,41036,42290,42717
1049292,DEU,Germany,Reutlingen,0.00489,39331,41031,41494,40810,41632,42142,42361,43058,43921,44723,45965,46458,46663,45539,47048,44985,47526,48887,50252,44132,47890,50991,50945,52607,54534,53690,54465,55243,54715,55332,51921,53507,54048
1049293,DEU,Germany,Rhein-Erft-Kreis,0.00556,33246,34683,35074,34497,35192,35623,35807,36397,37126,37804,38854,39190,38914,39728,39828,40334,42118,43095,42538,41348,41221,44160,45734,45131,45429,46680,47873,49857,48130,48241,45464,46853,47326
1049294,DEU,Germany,Rhein-HunsrÔøΩck-Kreis,0.00692,30348,31660,32017,31490,32124,32518,32686,33225,33890,34509,35467,33995,33848,33936,35009,34698,36564,37210,38971,36320,39582,42015,42016,42160,45221,45250,44963,47395,48590,48259,47211,48653,49145
1049295,DEU,Germany,Rhein-Kreis Neuss,0.00592,37108,38711,39148,38503,39279,39760,39966,40625,41438,42195,43367,46507,47704,46790,49783,49728,50930,52563,52768,50826,50498,51617,53491,52436,52664,53797,53957,55254,55041,52935,50044,51573,52094
1049296,DEU,Germany,Rhein-Lahn-Kreis,0.00472,25628,26736,27038,26592,27128,27460,27603,28057,28619,29142,29951,29850,30822,29796,30186,29384,30656,30918,30529,29874,31210,32713,33360,33365,33331,34021,34080,35221,35765,36680,36554,37670,38051
1049297,DEU,Germany,Rhein-Neckar-Kreis,0.00578,32664,34076,34461,33893,34576,34999,35181,35760,36476,37142,38174,40347,40363,38711,38631,39850,41785,43639,44496,42112,43526,46659,44379,44651,45046,45442,45635,46717,46893,50350,48124,49594,50096
1049298,DEU,Germany,Rhein-Pfalz-Kreis,0.00572,18207,18994,19208,18891,19272,19508,19609,19932,20331,20703,21278,21345,21608,21497,21752,20779,21752,22847,23577,22666,23645,24171,24558,25666,25760,27547,26585,26065,26904,26765,25909,26700,26970
1049299,DEU,Germany,Rhein-Sieg-Kreis,0.00487,27400,28584,28907,28431,29004,29359,29511,29997,30598,31156,32022,31083,31628,32538,32101,32725,32719,33883,35151,33411,34706,37414,37674,38456,39232,38478,37093,38021,37911,38082,36828,37953,38337
1049300,DEU,Germany,Rheingau-Taunus-Kreis,0.00374,25697,26807,27110,26663,27201,27534,27676,28132,28696,29220,30031,30124,30271,30640,31551,31536,31611,32505,32882,29925,30817,32663,32649,32426,32797,33021,32749,34640,34022,34508,33383,34403,34751
1049301,DEU,Germany,Rheinisch-Bergischer Kreis,0.00252,28634,29872,30209,29711,30310,30681,30840,31348,31976,32559,33464,32716,32699,32004,31403,32659,32459,32913,32933,31512,31142,33141,33055,32909,34011,34253,34946,35707,37798,38703,35462,36545,36914
1049302,DEU,Germany,RhÔøΩn-Grabfeld,0.00728,31100,32444,32810,32270,32920,33323,33496,34048,34730,35364,36346,36078,36387,36897,37747,37675,37838,38963,40633,40148,41190,44266,46752,46338,49002,50679,50835,52614,55383,55585,56493,58219,58807
1049304,DEU,Germany,"Rosenheim, Landkreis",0.00757,27519,28709,29033,28554,29130,29486,29639,30127,30731,31292,32161,32965,33013,33134,33799,33795,35461,36531,38122,36388,37611,40998,41749,41799,43004,42911,42798,43485,44244,45311,44169,45519,45979
1049305,DEU,Germany,"Rostock, Kreisfreie Stadt",0.00528,34508,36000,36406,35806,36528,36975,37167,37779,38536,39239,40329,38387,38786,37662,38124,38021,38515,40102,41635,40930,43370,42617,43546,45583,48574,47825,47614,50662,48536,52317,48460,49941,50446
1049306,DEU,Germany,Rotenburg (WÔøΩmme),0.0075,27377,28560,28882,28406,28979,29333,29486,29971,30572,31130,31994,31819,30711,30242,31147,31387,33661,36208,36255,34134,36046,38888,40534,42462,42520,41991,42306,43866,43067,43746,44698,46063,46529
1049307,DEU,Germany,Roth,0.00661,25905,27025,27330,26880,27421,27757,27901,28360,28928,29457,30275,30546,31041,30450,31153,31499,32212,33218,32330,31993,34008,36642,37641,37560,37043,37145,38438,39352,39965,40911,40319,41551,41971
1049308,DEU,Germany,Rottal-Inn,0.00548,30719,32047,32408,31875,32517,32915,33086,33631,34304,34930,35901,34838,35429,35625,36307,36159,36977,36969,37590,37147,39847,43109,42361,42024,43040,43250,42744,43779,45119,45132,44552,45913,46378
1049309,DEU,Germany,Rottweil,0.00549,39931,41657,42127,41433,42268,42786,43007,43716,44591,45405,46667,47675,46390,45753,45702,46238,47829,49449,50356,44725,49523,52866,54213,54492,56428,57721,57111,58726,59424,58672,53776,55418,55979
1049310,DEU,Germany,Saale-Holzland-Kreis,0.00762,19561,20406,20636,20296,20705,20959,21068,21415,21844,22242,22860,23733,23496,24061,24288,24666,25990,27499,27629,26646,27845,30176,30647,30598,31592,30193,29741,30987,31269,31795,31931,32907,33239
1049311,DEU,Germany,Saale-Orla-Kreis,0.00984,21294,22214,22465,22095,22540,22816,22934,23312,23779,24213,24886,25347,27330,26843,27370,26719,28094,29634,29898,28919,31581,32710,34403,35100,36328,35261,35622,38414,39583,39954,39407,40611,41021
1049312,DEU,Germany,Saalekreis,0.00815,28271,29493,29826,29334,29925,30292,30449,30950,31570,32147,33039,33122,33065,34523,35407,36393,39427,39783,39637,37025,41932,43493,43332,42839,42521,43561,45136,47077,47691,47588,44433,45790,46253
1049313,DEU,Germany,Saalfeld-Rudolstadt,0.00855,20709,21604,21848,21488,21921,22190,22305,22672,23126,23548,24202,23239,24196,24209,25937,26008,28155,30865,31687,28353,29261,32298,32669,33415,33742,34133,34409,35328,35778,36308,34621,35679,36039
1049314,DEU,Germany,Saarlouis,0.00678,30219,31525,31881,31356,31987,32379,32547,33083,33746,34362,35316,38493,37013,35319,37615,40208,45794,48101,51744,41647,42009,42762,44755,41750,46528,48848,45601,44551,44066,43438,39863,41081,41496
1049315,DEU,Germany,Saarpfalz-Kreis,0.00563,38933,40615,41074,40397,41211,41716,41932,42623,43476,44270,45500,45980,46326,46791,48747,49115,50409,51907,52049,46494,51760,54219,54236,52017,53556,53032,52924,53681,53819,52762,50249,51784,52307
1049316,DEU,Germany,"Salzgitter, Kreisfreie Stadt",0.00697,44661,46591,47117,46341,47274,47853,48101,48894,49873,50783,52194,50665,49540,50274,57345,55574,57130,60380,59165,49860,57036,63781,65378,67449,69297,60972,69766,72730,75939,72882,62103,64000,64647
1049317,DEU,Germany,Salzlandkreis,0.01023,18490,19289,19507,19185,19572,19812,19914,20242,20648,21025,21609,22129,22360,23801,24663,23694,25551,27428,27622,26631,28412,29798,31405,32028,31327,31644,32763,34130,33563,35156,34489,35542,35902
1049318,DEU,Germany,Schaumburg,0.0037200000000000002,25763,26876,27179,26732,27270,27604,27747,28204,28769,29294,30108,30396,28699,29278,28445,28246,29850,30061,29147,27639,29026,30481,31440,31427,32684,33334,33506,33995,35099,34898,33974,35012,35366
1049319,DEU,Germany,Schleswig-Flensburg,0.00409,26405,27547,27857,27399,27951,28293,28439,28908,29487,30025,30859,30844,29075,28957,28727,28028,28827,29519,30385,30015,30077,31475,32268,32676,34111,33476,33598,35410,35507,36434,35630,36719,37090
1049320,DEU,Germany,Schmalkalden-Meiningen,0.00814,22536,23510,23776,23384,23855,24147,24272,24672,25166,25626,26338,26760,27408,28093,28977,29814,29752,30615,30316,28690,31171,33447,33662,33698,35064,36469,36990,37035,37069,37148,35460,36544,36913
1049322,DEU,Germany,Schwalm-Eder-Kreis,0.00687,27754,28953,29280,28798,29378,29738,29892,30384,30993,31559,32435,32157,32012,33331,34574,36047,36561,37754,37550,35773,37244,38943,39980,41484,40790,41906,41817,41698,41592,44209,43065,44381,44829
1049323,DEU,Germany,Schwandorf,0.00596,33118,34549,34939,34363,35056,35485,35669,36257,36983,37658,38704,39646,40467,38277,38464,40819,41338,41944,40993,38447,40206,42431,45214,46319,47365,46656,47740,48466,49255,49626,47772,49231,49729
1049324,DEU,Germany,Schwarzwald-Baar-Kreis,0.00528,36851,38443,38877,38237,39007,39485,39689,40343,41151,41902,43066,43830,41956,41652,41953,41707,44601,45682,47344,41947,45268,48676,48835,48922,51482,52071,51391,53138,53242,53051,50532,52076,52602
1049325,DEU,Germany,"Schweinfurt, Kreisfreie Stadt",0.00854,83263,86862,87842,86395,88136,89215,89678,91155,92980,94678,97307,100740,106826,102615,110283,119607,118434,122510,119047,101868,120386,133627,134890,132306,134830,132344,136801,144929,141582,133846,124951,128767,130069
1049326,DEU,Germany,"Schweinfurt, Landkreis",0.00507,22384,23352,23615,23226,23694,23984,24109,24506,24997,25453,26160,25604,26094,24400,25010,25682,27053,28002,30949,30586,30256,32247,31921,33287,33673,30602,29341,30050,30168,30105,29254,30148,30453
1049327,DEU,Germany,"Schwerin, Kreisfreie Stadt",0.00531,37386,39002,39442,38793,39574,40059,40266,40930,41750,42512,43692,45124,45489,45999,46780,48541,48115,47700,47914,47370,47769,50588,50938,50671,52821,52214,52035,53810,52906,55403,54709,56380,56950
1049328,DEU,Germany,SchwÔøΩbisch Hall,0.00825,35528,37064,37482,36865,37608,38068,38265,38896,39675,40399,41521,40925,41794,40351,41201,43334,45345,47567,48788,47534,49492,51265,52423,52524,53501,54196,54588,55859,61469,61659,61406,63281,63921
1049329,DEU,Germany,Segeberg,0.00225,34882,36389,36800,36194,36923,37375,37569,38188,38953,39664,40765,41277,39074,38231,38134,37639,39043,38156,40479,38217,36995,38422,39148,38738,40296,40566,41618,42270,42427,43442,42855,44164,44611
1049330,DEU,Germany,Siegen-Wittgenstein,0.00599,37076,38678,39115,38470,39245,39726,39932,40590,41403,42158,43329,43412,41705,42842,43005,44227,47685,49826,51691,47061,48130,52524,52491,51721,52544,53052,53139,54516,54886,54182,50454,51996,52521
1049331,DEU,Germany,Sigmaringen,0.00617,33520,34969,35364,34781,35482,35916,36102,36697,37432,38115,39174,38314,37200,37069,37748,38992,41657,42931,44024,40257,41793,45657,46333,46323,48304,48904,48516,50136,51535,50624,48616,50101,50607
1049332,DEU,Germany,Soest,0.00497,34538,36031,36438,35837,36560,37007,37199,37812,38569,39273,40364,41058,39356,38458,38259,38390,40225,40183,42507,41353,43549,46424,45144,45229,47164,47059,46554,47762,48345,49000,46973,48408,48897
1049333,DEU,Germany,"Solingen, Kreisfreie Stadt",0.00489,30667,31992,32353,31820,32461,32859,33029,33573,34245,34871,35839,35400,34419,34375,35397,36499,37219,39169,38914,35654,36766,38716,39970,40603,40930,41949,42035,42590,42971,43095,41443,42709,43141
1049334,DEU,Germany,Sonneberg,0.01384,17503,18259,18465,18161,18527,18754,18851,19162,19545,19902,20455,21829,22352,23102,26222,27128,26607,28946,30652,28700,31948,34353,33522,36300,35836,35958,37591,40126,39296,37269,35618,36706,37077
1049335,DEU,Germany,"Speyer, Kreisfreie Stadt",0.00589,47501,49554,50113,49288,50281,50897,51161,52003,53045,54013,55513,55136,56808,55392,55169,54815,56888,58191,62146,60065,60676,63641,64472,67290,69805,68682,68944,69669,70773,72371,65783,67792,68478
1049336,DEU,Germany,Spree-NeiÔøΩe,0.00962,25807,26922,27226,26777,27317,27651,27795,28253,28818,29344,30159,28944,29850,28175,28398,29184,33549,38244,42976,43095,47771,47306,47601,45568,44866,42780,43750,46296,48072,48303,45274,46657,47128
1049337,DEU,Germany,St. Wendel,0.00417,28190,29409,29740,29250,29840,30205,30362,30862,31480,32055,32945,32496,31728,30676,30238,31420,32780,31794,32480,32253,33163,34649,35892,35373,35485,35795,35970,40861,41508,40995,39314,40515,40924
1049338,DEU,Germany,Stade,0.00393,30826,32158,32521,31986,32630,33030,33201,33748,34424,35052,36026,37740,36569,34239,35583,37884,37272,37030,37500,35997,36760,38539,38507,39025,39598,40825,40761,40681,41071,42728,40014,41236,41653
1049339,DEU,Germany,Starnberg,0.00377,45944,47929,48470,47672,48632,49228,49483,50298,51305,52242,53693,51459,51405,50932,52567,55591,59071,62881,62382,56897,55174,59950,56523,55818,55934,55358,57869,61866,61158,61879,59601,61422,62043
1049340,DEU,Germany,Steinburg,0.00403,33276,34714,35106,34528,35224,35655,35840,36430,37160,37838,38889,39792,35308,35135,34298,38595,36726,37492,43207,38841,41198,40737,41581,41634,43323,42307,43128,41767,43550,46823,44766,46133,46600
1049341,DEU,Germany,Steinfurt,0.00654,28717,29958,30296,29797,30397,30769,30929,31438,32068,32653,33560,33366,33148,33003,33467,34166,35784,37813,37835,35375,37188,39987,40240,40023,41654,41823,42816,43620,44248,44358,44046,45391,45850
1049342,DEU,Germany,Stendal,0.00994,19775,20629,20862,20518,20932,21188,21298,21649,22082,22486,23110,23366,23764,23344,24019,23953,25315,26629,27251,26787,28101,29733,31166,31380,32466,32629,33052,34785,35436,36182,36559,37676,38057
1049343,DEU,Germany,Stormarn,0.00387,34918,36428,36839,36232,36962,37414,37608,38228,38994,39705,40808,40406,38830,38466,40849,42070,42192,42688,44876,41924,42086,43323,44562,42584,44197,44187,45073,46019,45799,46301,46761,48189,48676
1049344,DEU,Germany,"Straubing, Kreisfreie Stadt",0.00498,51817,54056,54666,53766,54849,55521,55809,56728,57864,58921,60557,62073,64253,63390,63271,65333,67517,67231,68839,64851,68645,69852,68167,67305,68184,70440,70775,72344,71533,74658,73609,75857,76624
1049345,DEU,Germany,Straubing-Bogen,0.00715,23346,24355,24630,24224,24712,25015,25145,25559,26071,26547,27284,28310,28486,27633,28626,27790,29701,29716,30626,29135,30921,33245,33642,34456,34643,36148,37002,37454,37549,38034,37272,38410,38798
1049346,DEU,Germany,"Stuttgart, Stadtkreis",0.00405,88403,92224,93264,91728,93576,94722,95213,96782,98720,100522,103314,110536,112338,114543,111852,108156,115743,118249,110168,98224,108890,115781,116941,114638,114874,119942,116677,119516,123509,119137,109837,113193,114337
1049347,DEU,Germany,StÔøΩdteregion Aachen,0.0043,36886,38480,38915,38274,39045,39523,39728,40382,41191,41943,43108,41626,43603,41353,42277,41482,41852,43822,44005,42199,44145,46266,47663,46019,48959,49202,49773,50743,51318,51617,49555,51069,51585
1049348,DEU,Germany,"Suhl, Kreisfreie Stadt",0.00649,30290,31599,31956,31430,32063,32455,32624,33161,33825,34443,35399,36901,37915,38490,38818,39724,41523,42241,38892,38283,39286,43389,43523,44177,44918,43428,43332,44700,46154,45530,40781,42027,42452
1049349,DEU,Germany,SÔøΩchsische Schweiz-Osterzgebirge,0.00761,19169,19998,20224,19890,20291,20540,20646,20986,21407,21797,22403,22541,23209,23683,23995,23602,24050,24982,25929,25140,25587,27685,28123,28703,29943,30246,30585,31463,31592,31845,30993,31940,32263
1049350,DEU,Germany,SÔøΩdliche WeinstraÔøΩe,0.00587,24403,25457,25745,25321,25831,26147,26283,26716,27251,27748,28519,28230,28604,28569,28978,28232,29714,30411,31194,30391,30792,32477,33406,34535,34452,35126,35922,36226,36526,37022,35583,36670,37041
1049351,DEU,Germany,SÔøΩdwestpfalz,0.0044,16081,16776,16966,16686,17022,17231,17320,17605,17958,18286,18794,18549,18512,18141,18034,18435,19016,19575,19718,18664,19242,20179,20724,20982,21133,21389,21547,21597,21872,21869,21535,22193,22417
1049352,DEU,Germany,SÔøΩmmerda,0.00793,19669,20519,20750,20408,20820,21075,21184,21533,21964,22365,22986,24632,26019,26483,28770,29178,27190,27304,25373,24388,25671,27033,29405,30882,30410,31975,32661,33867,34014,35056,32668,33666,34006
1049353,DEU,Germany,Teltow-FlÔøΩming,0.00674,30270,31578,31934,31408,32041,32433,32601,33139,33802,34419,35375,37155,35242,37080,42804,41109,33612,34299,35051,32662,36323,39605,41610,41281,44554,45066,46322,48252,48038,51310,47776,49236,49734
1049354,DEU,Germany,Tirschenreuth,0.00883,28050,29263,29593,29105,29692,30055,30211,30709,31324,31896,32782,32886,33990,33288,33410,33439,34544,35168,37146,36817,38071,39837,42879,42478,42277,44323,46224,47093,49217,53657,52711,54321,54870
1049355,DEU,Germany,Traunstein,0.00506,39148,40840,41301,40620,41439,41946,42163,42858,43716,44514,45751,42276,40389,39431,40408,39303,40482,42243,44195,43434,46175,50608,50116,50870,52650,51762,53528,54645,55096,54967,54394,56056,56622
1049356,DEU,Germany,"Trier, Kreisfreie Stadt",0.00155,48191,50274,50841,50004,51011,51636,51903,52759,53815,54797,56319,57104,57964,58533,60659,60462,61285,59743,61634,58029,57564,59486,58278,58025,60065,59230,58612,59355,59224,58493,57310,59061,59658
1049357,DEU,Germany,Trier-Saarburg,0.00483,18910,19727,19949,19621,20016,20261,20366,20702,21116,21502,22099,21279,21328,21425,21342,21462,21781,23000,22216,20863,22031,24150,24405,25710,25801,25707,26905,27006,27087,27402,26374,27180,27454
1049358,DEU,Germany,Tuttlingen,0.00739,39391,41093,41557,40872,41696,42206,42425,43124,43988,44791,46035,45894,44914,45059,46051,46983,51645,53216,55385,48145,54289,60071,61632,60565,62867,62809,64205,65753,66519,67186,58882,60681,61294
1049359,DEU,Germany,"TÔøΩbingen, Landkreis",0.00591,30787,32117,32480,31945,32588,32987,33158,33705,34380,35007,35980,36733,36081,34928,35125,35947,37733,38635,39711,36644,38894,41935,43054,43554,43914,44097,45493,45810,45707,45452,43843,45183,45639
1049360,DEU,Germany,Uckermark,0.00595,26647,27798,28112,27649,28206,28551,28699,29172,29756,30299,31141,32807,31784,30109,31023,31639,34592,33387,33174,30325,35062,34061,35687,37084,37395,39668,39713,41055,40078,40852,39156,40352,40760
1049361,DEU,Germany,Uelzen,0.00618,24827,25900,26192,25761,26280,26602,26740,27180,27724,28230,29015,28592,29250,28961,29343,28395,29271,30883,33211,31428,31393,33558,34852,34878,36993,35979,36759,37617,37440,37821,37311,38451,38840
1049362,DEU,Germany,"Ulm, Stadtkreis",0.00544,74119,77322,78195,76906,78456,79417,79828,81144,82769,84280,86620,86584,82093,84842,86440,89340,92353,98258,96905,91574,96945,104093,100988,102305,101637,104064,104173,103535,104177,105504,102406,105534,106601
1049363,DEU,Germany,Unna,0.00832,25233,26324,26621,26182,26710,27037,27177,27625,28178,28693,29489,29698,30729,29800,30971,32570,33567,35778,36886,35168,35887,38372,38699,38061,39763,39418,40556,41426,42096,41228,39081,40274,40682
1049364,DEU,Germany,Unstrut-Hainich-Kreis,0.00707,20986,21893,22140,21775,22214,22486,22603,22975,23435,23863,24526,26176,25290,24643,24920,25372,26414,26474,29416,26530,28364,29626,29757,30981,30928,31950,32462,33585,33527,33579,32478,33471,33809
1049365,DEU,Germany,UnterallgÔøΩu,0.00747,30818,32150,32512,31977,32621,33020,33192,33739,34414,35042,36016,37797,38034,36357,36061,36752,38497,38810,39149,38499,40174,43912,45237,45935,48754,47720,50330,51086,51545,51584,50022,51550,52071
1049366,DEU,Germany,Vechta,0.00784,36930,38526,38961,38319,39092,39570,39775,40431,41240,41993,43159,43808,44733,44264,44783,45173,47710,50001,51497,48367,51620,58196,58774,60122,58626,59038,59701,60382,59916,60443,60077,61912,62538
1049367,DEU,Germany,Verden,0.00371,32281,33676,34056,33495,34170,34588,34767,35340,36048,36706,37725,36385,36067,34864,34714,34508,36756,38931,38704,37582,38597,40088,40830,40948,41920,40887,40990,41510,41589,43361,41698,42972,43407
1049368,DEU,Germany,Viersen,0.00335,30185,31490,31845,31321,31952,32343,32511,33046,33708,34323,35277,34870,34018,33594,34834,35004,35077,35914,37673,35297,35094,36708,36445,36465,37929,38092,38193,38314,38630,39267,38549,39726,40128
1049369,DEU,Germany,Vogelsbergkreis,0.00565,25322,26416,26714,26274,26803,27131,27272,27721,28277,28793,29593,30298,30365,31094,31145,31227,31350,31907,32445,30570,31668,33690,34507,34800,35789,35812,36400,37056,36781,37083,36078,37180,37556
1049370,DEU,Germany,Vogtlandkreis,0.00668,22456,23426,23691,23300,23770,24061,24186,24584,25076,25534,26243,25440,26164,26463,27229,26788,28460,29265,29896,28729,29660,31454,31811,31957,32563,32977,33231,33965,34375,34838,34166,35210,35565
1049371,DEU,Germany,Vorpommern-Greifswald,0.00822,20314,21192,21431,21078,21503,21766,21879,22240,22685,23099,23741,24071,23979,24014,23993,24133,25234,26669,27545,27160,28232,29352,29546,30132,30932,31206,32004,33799,33673,34938,34389,35440,35798
1049372,DEU,Germany,Vorpommern-RÔøΩgen,0.00785,20593,21483,21725,21368,21798,22065,22179,22545,22996,23416,24066,24129,24941,25291,25957,25934,26569,28179,29859,29288,29770,31633,30740,30709,31303,31471,31614,33375,33406,35107,33530,34554,34904
1049373,DEU,Germany,Vulkaneifel,0.00581,28818,30063,30403,29902,30504,30878,31038,31549,32181,32769,33679,33766,33926,33662,33986,35276,34425,34929,36654,34992,36974,39091,38909,39606,40779,41737,42453,43613,44709,44379,41199,42458,42887
1049374,DEU,Germany,Waldeck-Frankenberg,0.00618,33478,34925,35319,34737,35437,35871,36057,36651,37385,38067,39125,40226,39780,39866,40819,40639,42246,42223,41797,40251,42310,45594,46296,46609,47091,48490,49764,50297,50870,51468,48831,50323,50832
1049375,DEU,Germany,Waldshut,0.00549,29476,30750,31097,30584,31201,31583,31746,32269,32916,33517,34447,34904,33347,33915,34636,34821,36722,36887,37741,34979,37560,39559,39463,40103,41289,41572,42073,42149,42013,41805,39843,41061,41476
1049376,DEU,Germany,Warendorf,0.005,30398,31712,32070,31542,32177,32571,32740,33279,33946,34565,35525,34573,34680,35011,35229,35208,36344,38733,38663,37546,38016,40631,41225,41521,41582,41133,41819,42717,41886,43022,42509,43808,44251
1049377,DEU,Germany,Wartburgkreis,0.00974,20408,21290,21530,21176,21602,21867,21980,22342,22790,23206,23850,24709,24380,24672,24931,26567,28334,28963,32501,27101,30482,33930,33991,33490,35253,36433,35200,36292,36041,37096,36834,37959,38343
1049379,DEU,Germany,Weilheim-Schongau,0.00731,34102,35576,35977,35385,36098,36540,36729,37334,38082,38777,39854,40899,42706,43717,45308,44006,45622,45861,45619,44351,44398,48233,48183,48262,50642,50441,53380,54396,55650,55416,55779,57483,58064
1049380,DEU,Germany,"Weimar, Kreisfreie Stadt",0.00414,30860,32194,32557,32021,32666,33066,33237,33785,34461,35090,36065,36191,34867,35067,34700,34278,35479,35369,36603,36105,38095,39468,40373,40549,40476,41030,40448,40735,41006,41179,41464,42731,43163
1049381,DEU,Germany,Weimarer Land,0.00967,17897,18670,18881,18570,18944,19176,19276,19593,19986,20350,20916,22844,23182,23327,24162,23698,24688,26482,26564,26020,26826,28391,30040,30299,31409,30993,31077,33132,33076,32010,31178,32131,32455
1049382,DEU,Germany,WeiÔøΩenburg-Gunzenhausen,0.00563,29332,30600,30945,30435,31049,31429,31592,32112,32755,33353,34280,34505,35805,36112,36337,35066,35435,36186,36653,35640,37249,40123,39457,40599,41877,41610,42275,43682,42765,42561,40885,42134,42560
1049383,DEU,Germany,Werra-MeiÔøΩner-Kreis,0.0025,26806,27965,28280,27814,28375,28722,28871,29347,29934,30481,31327,31766,31160,32517,31722,31703,32226,32903,32847,31109,31255,33310,33378,33423,33271,33634,33477,33904,33717,33902,33183,34197,34542
1049384,DEU,Germany,Wesel,0.00692,25178,26266,26563,26125,26651,26978,27118,27564,28116,28630,29425,29446,30319,29599,30735,31620,32209,32305,35393,33815,34413,36206,36623,36976,37797,37313,37701,38400,38719,39565,38335,39506,39906
1049385,DEU,Germany,Wesermarsch,0.0045,34392,35878,36283,35686,36405,36850,37041,37652,38406,39107,40193,42920,38287,36434,37918,41542,40951,41202,48516,44450,52932,46112,46918,40894,40765,42974,47295,48271,43417,44057,46336,47752,48234
1049386,DEU,Germany,Westerwaldkreis,0.00586,30622,31945,32305,31773,32414,32810,32980,33524,34195,34819,35786,35280,35681,34753,34645,35228,37526,39183,39024,37062,38414,38777,40167,40113,43424,44179,43727,44850,45242,46225,45819,47218,47696
1049387,DEU,Germany,Wetteraukreis,0.00583,27172,28346,28666,28194,28762,29114,29265,29747,30343,30897,31755,33073,33224,34307,34742,35234,35728,36751,37234,34149,35644,37911,37763,37602,38627,38096,38960,40093,39893,40121,38851,40038,40442
1049388,DEU,Germany,"Wiesbaden, Kreisfreie Stadt",0.00391,64410,67194,67952,66833,68179,69014,69372,70515,71927,73240,75274,76159,74711,78412,77949,77318,79226,81153,80286,77578,79035,81946,81815,81538,83979,83167,85035,86838,85175,87067,85137,87737,88624
1049389,DEU,Germany,"Wilhelmshaven, Kreisfreie Stadt",0.0028,44884,46824,47352,46572,47511,48092,48342,49138,50122,51037,52455,50922,46437,47844,50810,47811,51148,51853,54448,50589,51364,53355,53041,54242,54003,55149,54504,55259,56809,56242,54836,56511,57082
1049390,DEU,Germany,Wittenberg,0.00923,19574,20420,20650,20310,20719,20973,21082,21429,21858,22257,22875,22233,23646,23833,24848,24815,25579,26552,27998,26236,29088,31130,32138,32199,33779,34199,33950,33640,33615,34191,34942,36009,36373
1049391,DEU,Germany,Wittmund,0.00623,22870,23859,24128,23731,24209,24505,24632,25038,25539,26006,26728,27288,26297,26808,27346,27021,28396,28919,28312,27411,28505,30951,33393,33094,32815,33110,33679,35082,34748,37156,34547,35602,35962
1049392,DEU,Germany,WolfenbÔøΩttel,0.00665,18108,18891,19104,18789,19168,19402,19503,19824,20221,20591,21162,21322,20383,20821,20980,21025,22782,25070,25334,23265,24198,25939,26906,27074,27536,26952,27216,27219,27272,28163,27428,28266,28551
1049393,DEU,Germany,"Wolfsburg, Kreisfreie Stadt",0.00854,122230,127513,128952,126827,129383,130967,131646,133815,136495,138986,142847,153148,133186,136027,122872,143653,143730,152023,150787,130231,169100,194090,190360,187082,196041,161574,247454,227161,247734,257768,221849,228626,230938
1049394,DEU,Germany,"Worms, Kreisfreie Stadt",0.00608,34840,36345,36755,36150,36878,37330,37523,38142,38905,39616,40716,40707,40183,41649,42343,42695,45400,46300,43738,40659,43702,47172,52632,51946,51373,50712,49120,51247,51550,53413,51472,53044,53581
1049395,DEU,Germany,Wunsiedel i. Fichtelgebirge,0.00601,30476,31793,32152,31622,32260,32654,32824,33365,34033,34654,35617,37521,35273,34488,35069,35882,37610,37736,37131,37264,39917,42667,42398,43091,43991,44467,44929,46597,47212,49014,45232,46614,47085
1049396,DEU,Germany,"Wuppertal, Kreisfreie Stadt",0.0026,40214,41952,42425,41726,42567,43088,43312,44025,44907,45727,46997,44649,44213,43039,44269,44689,45143,45994,46624,45220,45620,48130,47494,47502,49403,49526,50991,50472,49559,49835,45766,47164,47641
1049397,DEU,Germany,"WÔøΩrzburg, Kreisfreie Stadt",0.00516,60723,63348,64062,63007,64277,65064,65401,66478,67810,69048,70965,70113,67950,67244,67348,67648,66961,66693,69207,68250,72890,78858,81063,83204,84875,86468,85392,87107,86743,88738,85669,88286,89178
1049398,DEU,Germany,"WÔøΩrzburg, Landkreis",0.00706,24561,25622,25911,25484,25998,26316,26452,26888,27427,27927,28703,30685,31824,32166,32399,33345,34570,36407,35602,32883,33616,35231,35699,34915,35853,37505,38559,39223,38724,38859,36618,37737,38118
1049399,DEU,Germany,Zollernalbkreis,0.00489,34149,35625,36027,35433,36147,36590,36780,37386,38134,38830,39909,39907,38954,38393,38185,39353,41182,42456,42571,38758,41784,44854,45136,45854,45970,45436,46135,47390,47713,47963,46596,48019,48504
1049400,DEU,Germany,"ZweibrÔøΩcken, Kreisfreie Stadt",0.00516,44379,46297,46820,46048,46976,47551,47798,48585,49558,50463,51865,50815,51143,49563,47627,49907,54702,61880,67537,60956,57185,57588,56108,59710,55886,59744,61790,61624,66726,64733,59669,61492,62113
1049401,DEU,Germany,Zwickau,0.00746,24771,25841,26133,25702,26220,26541,26679,27118,27661,28166,28949,30188,29898,30092,30791,30243,31263,33139,33113,32008,33752,36240,36519,36466,38957,40158,40770,42071,41617,42398,39567,40775,41187
1052001,DNK,Denmark,Bornholm,0.00448,28098,28416,28876,28783,30216,30969,31679,32568,33162,34019,35167,35572,35838,35370,35135,36360,38237,38732,37056,35585,35628,36691,37235,37087,38794,38884,38819,39185,39799,40438,39100,41571,42347
1052002,DNK,Denmark,City of Copenhagen,0.0039,56308,56945,57867,57681,60551,62060,63484,65266,66456,68173,70474,71139,69641,69558,72404,76834,75843,76655,74552,71127,76510,74298,73808,73370,75988,75507,76719,79423,80120,79689,76858,81716,83241
1052003,DNK,Denmark,Copenhagen suburbs,0.00706,54912,55533,56432,56251,59050,60522,61910,63648,64808,66482,68727,68877,67522,68628,72583,75654,76289,75261,77969,73273,75978,76364,77581,79915,80340,85474,85370,87675,89475,89063,86846,92335,94058
1052004,DNK,Denmark,East Jutland,0.00397,36357,36768,37364,37243,39097,40071,40991,42141,42910,44018,45504,45934,46440,45828,46338,46839,49491,49428,49069,47118,45922,46871,46212,45658,45682,45801,48521,49269,49972,51150,50345,53527,54526
1052005,DNK,Denmark,East Zealand,0.00468,28753,29078,29549,29454,30920,31691,32418,33328,33935,34812,35987,36153,37061,37546,39064,39753,40816,40318,36693,37860,37573,37830,37081,36766,36701,37646,38917,38586,39952,40427,39133,41606,42383
1052006,DNK,Denmark,Fyn,0.00279,32822,33193,33731,33623,35296,36176,37005,38044,38738,39738,41080,41329,41680,41232,41882,41639,43701,44054,44293,41879,40707,41609,40819,40722,40995,41173,42337,43251,43406,43607,42216,44884,45722
1052007,DNK,Denmark,North Jutland,0.00324,34857,35252,35823,35707,37484,38418,39300,40403,41140,42202,43627,43644,44817,44910,44397,44775,47562,48352,47362,44749,44035,44483,44793,44674,44421,45022,45965,47169,47306,47575,45566,48446,49350
1052008,DNK,Denmark,North Zealand,0.00398,33887,34270,34825,34713,36441,37349,38206,39278,39994,41027,42412,42044,41074,42036,43051,45349,45033,45153,45045,42324,41401,40676,41377,41842,41995,43750,44211,44600,46398,47270,46469,49406,50328
1052009,DNK,Denmark,South Jutland,0.00416,38764,39202,39837,39709,41685,42724,43704,44931,45750,46932,48516,48291,48714,48968,49616,49494,52682,53929,52929,49416,51009,52232,51992,52755,53252,53415,54036,53905,54738,55964,54390,57828,58907
1052010,DNK,Denmark,West Jutland,0.00382,39953,40404,41059,40927,42964,44034,45044,46309,47153,48371,50004,50120,50763,49988,51136,50109,54121,54366,52896,49273,48172,50600,49170,49928,50737,48871,53344,54283,54258,55504,54453,57895,58976
1052011,DNK,Denmark,West and South Zealand,0.00352,28884,29210,29684,29588,31060,31834,32565,33479,34089,34970,36150,36696,36950,36838,37235,37342,38968,38462,37246,33960,35032,35320,35917,35364,35503,37141,36587,37951,38427,39454,37842,40234,40985
1055001,ECU,Ecuador,Azuay,0.00487,9648,9826,9812,9798,9947,9909,9818,10278,10654,10189,10446,11013,11239,11287,11653,11789,12117,12108,11920,11694,11884,12413,12474,12682,12467,12994,12380,12683,13227,12969,11785,12134,12344
1055002,ECU,Ecuador,Bolivar,0.00181,4948,5040,5032,5025,5085,5048,4985,5543,6067,6097,5632,5324,5321,5539,5946,5771,5813,5913,5206,5527,5218,5412,5286,5324,5308,5907,5863,6269,6176,6056,5503,5666,5764
1055003,ECU,Ecuador,Caar,0.00547,4702,4789,4782,4775,4863,4859,4830,5346,5829,5838,6997,8378,8314,8411,8939,9081,9445,9560,7138,7345,6991,7705,7578,8050,7589,8035,7623,8172,7578,7431,6752,6952,7073
1055004,ECU,Ecuador,Carchi,-0.0052,8049,8198,8186,8174,8435,8540,8600,9147,9624,9335,8359,7612,7333,7267,7528,8137,8457,8690,6263,6683,6636,6809,7035,6659,6941,7238,6660,6502,6373,6249,5678,5846,5948
1055005,ECU,Ecuador,Chimborazo,0.00871,4247,4326,4320,4313,4350,4304,4235,4641,5016,4986,5067,5298,5384,5442,6184,6096,6290,6302,6022,6088,6016,6468,6316,6435,6899,7647,7710,7251,6925,6790,6170,6353,6463
1055006,ECU,Ecuador,Cotopaxi,0.00562,4676,4763,4756,4749,4930,5022,5087,5835,6555,6733,7282,8053,8372,8513,9076,9596,9691,9781,7088,7182,7531,7699,7907,7852,7656,8100,7549,7977,8295,8133,7391,7609,7741
1055007,ECU,Ecuador,El Oro,0.00188,9442,9617,9603,9589,9570,9366,9112,9208,9216,8512,8161,8043,8184,8341,9053,9604,10010,10171,9345,9463,8914,9898,10695,10789,11086,10625,9721,10380,10461,10257,9321,9596,9763
1055008,ECU,Ecuador,Esmeraldas,0.01065,7259,7394,7383,7372,7409,7303,7160,7698,8182,8009,7173,6534,6480,6611,7201,7439,7419,7673,13523,13086,12454,13192,11518,10849,11016,12547,13933,14082,13959,13687,12437,12805,13028
1055009,ECU,Ecuador,Galapagos,-0.02082,61736,62878,62788,62695,64846,65800,66413,66698,66325,60853,48439,37245,34614,33353,34647,37007,36320,35802,28268,27560,22849,21222,20817,19761,20292,19718,20597,21448,22012,21584,19613,20193,20543
1055010,ECU,Ecuador,Guayas,0.00428,9834,10016,10002,9987,10391,10605,10764,10743,10613,9671,9236,9064,9264,9448,9963,10346,10819,10902,11328,11172,11272,11782,12454,13159,13398,12811,12689,12570,12692,12445,11309,11643,11845
1055011,ECU,Ecuador,Imbabura,0.00321,7110,7241,7231,7220,7317,7276,7196,7433,7605,7181,6976,6971,6994,7393,8126,8006,8176,8187,7712,7924,8568,9278,9803,9565,9552,9310,8531,8494,8692,8522,7744,7973,8112
1055012,ECU,Ecuador,Loja,0.00696,3904,3976,3971,3965,4016,3992,3946,4334,4693,4672,5402,6301,6204,6305,6669,7116,7208,7302,7173,7184,6864,7444,7553,7565,7084,7488,6961,6622,6565,6438,5850,6023,6127
1055013,ECU,Ecuador,Los Rios,0.00672,5793,5900,5892,5883,6277,6561,6811,7059,7246,6864,6804,6941,6938,7122,7726,8153,8066,8244,7812,7927,8254,8690,8374,8681,9002,9350,8851,8966,8491,8326,7566,7790,7925
1055014,ECU,Ecuador,Manabi,0.00307,6584,6706,6696,6686,6826,6838,6814,7125,7378,7049,6496,6124,6098,6429,7266,7692,8060,8217,7316,7022,6978,7945,8102,8305,8066,8016,8217,8251,7879,7726,7020,7228,7353
1055015,ECU,Ecuador,Morona Santiago,7.5e-4,6275,6391,6382,6372,6345,6193,6009,6463,6871,6728,5635,4691,4959,4884,5192,5301,5319,5333,5439,5464,5606,6551,6406,5968,6001,6484,6254,6715,6601,6473,5882,6056,6161
1055016,ECU,Ecuador,Napo w/ Orellana,0,8507,8664,8652,8639,8690,8574,8414,8912,9341,9028,7632,6437,6525,6731,7107,7017,6873,6706,6840,6871,7049,8238,8056,7505,7546,8154,7864,8444,8301,8139,7396,7615,7747
1055017,ECU,Ecuador,Pastaza,-0.00653,9741,9921,9907,9892,9724,9365,8955,9548,10069,9787,8120,6664,6421,6438,6525,6632,6626,6573,5852,5616,5581,6355,6480,6642,6451,6412,6572,6599,6302,6179,5615,5781,5881
1055018,ECU,Ecuador,Pichincha,0.00834,10624,10821,10805,10789,10906,10816,10669,10546,10312,9294,9838,10680,11204,10984,11470,11814,11995,11841,14439,14049,14839,15506,16630,17562,18529,17581,16912,17015,16754,16428,14928,15370,15636
1055019,ECU,Ecuador,Sucumbios,0.00176,5016,5109,5102,5094,5192,5192,5165,5552,5899,5773,5213,4797,4903,5040,5563,5577,5464,5370,5058,5197,5620,6085,6430,6274,6265,6106,5595,5571,5701,5590,5079,5230,5320
1055020,ECU,Ecuador,Tungurahua,0.00778,6134,6248,6239,6230,6275,6200,6092,6719,7303,7295,7826,8596,8802,8707,9150,9504,9657,9888,8801,9171,8970,9542,10138,10061,10013,10602,9792,10195,10006,9811,8915,9179,9338
1055021,ECU,Ecuador,Zamora Chinchipe,-4.4e-4,7387,7524,7513,7502,7523,7398,7235,7726,8160,7942,7406,7078,7010,6942,7488,7469,7699,7547,7330,8168,7391,8150,8013,7243,7145,7801,7485,6935,7396,7252,6590,6785,6903
1056001,EGY,Egypt,Alexandria,0.00562,6834,6746,6885,7345,7894,8517,9204,9970,10786,11214,11698,11885,11335,10863,10471,10098,9922,9726,10218,10487,10804,10754,10747,10730,10787,11012,11257,11499,11887,12327,12548,12753,13387
1056002,EGY,Egypt,Assiut,0.01624,4494,4436,4528,4382,4280,4202,4135,4081,4023,4183,4363,4433,4954,5521,6153,6835,7719,8687,9127,9367,9650,9606,9600,9584,9635,9836,10055,10271,10618,11011,11208,11392,11958
1056003,EGY,Egypt,Aswan,0.0092,4970,4906,5007,5130,5310,5533,5787,6080,6392,6646,6932,7043,6988,6984,7041,7125,7374,7645,8032,8243,8492,8453,8448,8434,8479,8656,8848,9039,9344,9690,9863,10025,10523
1056004,EGY,Egypt,Behera,0.01843,4633,4573,4668,4824,5036,5289,5575,5901,6248,6496,6776,6885,7227,7629,8111,8642,9404,10238,10757,11040,11374,11321,11314,11296,11355,11593,11850,12105,12514,12977,13210,13426,14093
1056005,EGY,Egypt,Beni Suef,0.01643,4920,4856,4957,4804,4700,4623,4558,4508,4454,4631,4831,4908,5482,6105,6802,7553,8527,9595,10081,10346,10659,10609,10602,10586,10641,10864,11105,11344,11727,12161,12379,12582,13207
1056006,EGY,Egypt,Cairo,0,8230,8124,8292,8934,9687,10534,11462,12495,13595,14134,14744,14980,13729,12563,11470,10369,9418,8370,8793,9025,9298,9255,9249,9234,9283,9477,9687,9896,10230,10608,10798,10975,11521
1056007,EGY,Egypt,Dakahlia,0.00951,10322,10189,10399,9569,8822,8105,7379,6639,5848,6080,6342,6444,6806,7224,7719,8263,9030,9870,10370,10643,10964,10914,10907,10889,10947,11176,11424,11670,12064,12510,12734,12943,13586
1056008,EGY,Egypt,Damietta,0.00272,9470,9348,9541,9216,8983,8800,8639,8503,8358,8690,9065,9210,8928,8709,8560,8433,8485,8540,8972,9208,9487,9443,9437,9422,9471,9669,9884,10097,10438,10824,11018,11198,11755
1056009,EGY,Egypt,Fayoum,0.01627,4677,4617,4712,4654,4645,4666,4706,4766,4831,5022,5239,5323,5763,6253,6813,7422,8239,9136,9598,9851,10149,10102,10095,10079,10132,10344,10574,10802,11166,11579,11787,11980,12575
1056010,EGY,Egypt,Gharbia,0.01071,6310,6229,6358,6366,6442,6564,6716,6905,7106,7388,7707,7830,7917,8064,8287,8548,9018,9532,10015,10278,10589,10540,10533,10516,10572,10793,11032,11270,11651,12082,12298,12499,13121
1056011,EGY,Egypt,Giza,0.00741,6281,6200,6328,6504,6755,7060,7406,7804,8228,8554,8923,9066,8863,8724,8658,8619,8768,8929,9381,9628,9919,9873,9867,9851,9903,10110,10334,10557,10913,11317,11520,11708,12291
1056012,EGY,Egypt,Ismailia,0.009,6937,6848,6990,7027,7141,7306,7506,7749,8008,8326,8685,8824,8774,8790,8883,9011,9349,9717,10209,10477,10794,10744,10737,10720,10777,11002,11246,11489,11876,12316,12537,12742,13375
1056013,EGY,Egypt,Kafr El Sheikh,0.00997,7727,7628,7785,7508,7305,7142,6997,6871,6736,7003,7305,7422,7595,7828,8137,8488,9053,9671,10161,10428,10743,10694,10687,10670,10726,10950,11193,11435,11820,12258,12478,12682,13312
1056014,EGY,Egypt,Kaliobia,0.00977,4597,4538,4632,4934,5297,5709,6162,6669,7209,7495,7819,7944,7908,7931,8025,8151,8467,8812,9258,9501,9788,9743,9737,9722,9773,9977,10199,10418,10770,11168,11369,11555,12129
1056015,EGY,Egypt,Matrouh,0.01169,6501,6417,6550,6732,6992,7307,7666,8077,8516,8854,9236,9384,9456,9601,9835,10113,10636,11207,11775,12085,12450,12392,12384,12365,12430,12690,12971,13251,13698,14205,14460,14696,15427
1056016,EGY,Egypt,Menia,0.01584,4597,4538,4632,4695,4810,4961,5138,5347,5569,5674,5799,5769,6171,6625,7151,7725,8513,9376,9851,10110,10416,10368,10361,10345,10399,10617,10852,11086,11460,11884,12098,12295,12907
1056017,EGY,Egypt,Menoufia,0.01746,4929,4865,4966,4984,5056,5165,5297,5460,5633,5856,6109,6207,6723,7297,7954,8667,9625,10674,11215,11510,11858,11803,11795,11777,11839,12086,12355,12621,13047,13529,13772,13997,14693
1056018,EGY,Egypt,New valley,0.01858,5901,5825,5946,6091,6305,6569,6871,7219,7590,7891,8231,8363,8966,9645,10431,11287,12456,13738,14434,14813,15261,15191,15181,15157,15237,15555,15900,16243,16791,17412,17725,18015,18910
1056019,EGY,Egypt,North Sinai,0.00791,7250,7156,7304,7343,7462,7635,7844,8098,8369,8701,9076,9221,9093,9031,9047,9095,9348,9623,10111,10377,10690,10641,10634,10617,10673,10896,11138,11378,11762,12197,12416,12619,13247
1056020,EGY,Egypt,Port Said,0,10990,10849,11073,11642,12349,13165,14071,15091,16177,16819,17545,17825,16547,15375,14301,13229,12373,11428,12006,12322,12695,12636,12628,12608,12675,12940,13227,13512,13968,14484,14744,14985,15730
1056021,EGY,Egypt,Qena,0.00969,5230,5163,5270,5183,5151,5151,5170,5212,5255,5464,5699,5791,5836,5926,6070,6243,6566,6919,7270,7461,7686,7651,7646,7634,7674,7834,8008,8181,8457,8770,8927,9073,9524
1056022,EGY,Egypt,Red sea,0.00363,8329,8222,8392,8597,8899,9272,9698,10189,10713,11137,11618,11804,11187,10645,10180,9729,9462,9165,9629,9882,10181,10134,10127,10111,10165,10377,10608,10836,11202,11616,11825,12018,12616
1056023,EGY,Egypt,Shrkia,0.01249,6065,5987,6110,5937,5824,5744,5682,5638,5592,5813,6064,6161,6506,6904,7375,7893,8624,9425,9902,10162,10470,10421,10414,10398,10453,10671,10908,11143,11519,11945,12160,12359,12973
1056024,EGY,Egypt,South Sinai,0.00247,13387,13215,13488,13560,13779,14099,14485,14954,15454,16067,16760,17028,16177,15435,14806,14199,13864,13491,14174,14547,14987,14918,14908,14885,14963,15276,15615,15951,16490,17100,17406,17691,18571
1056025,EGY,Egypt,Suez,0.00422,6420,6337,6468,7208,8043,8964,9965,11068,12244,12729,13279,13491,12642,11876,11190,10512,10019,9474,9953,10215,10524,10476,10469,10452,10507,10727,10965,11201,11579,12008,12223,12423,13041
1056026,EGY,Egypt,Suhag,0.01263,5115,5049,5154,4959,4813,4693,4584,4487,4383,4557,4754,4830,5179,5572,6027,6522,7199,7940,8342,8561,8820,8779,8774,8760,8806,8990,9190,9388,9705,10064,10244,10412,10929
1058001,ESP,Spain,Albacete,0.0063,20478,20933,21011,20674,21053,21525,21988,22688,23568,24507,25657,27001,27990,27749,28202,28871,29439,29609,30228,29935,29755,29062,28279,28055,27857,29442,30114,31438,32342,33067,30079,31954,33522
1058002,ESP,Spain,Alicante,8e-4,24491,25035,25129,24725,25179,25744,26297,27135,28187,29310,30686,31928,31763,31584,31836,32120,32236,31834,31217,29088,28552,27439,26148,25826,26688,27570,28759,29692,29962,30315,26972,28653,30060
1058003,ESP,Spain,AlmerÔøΩa,0.00174,26330,26915,27015,26582,27069,27677,28272,29172,30303,31511,32990,33239,33949,34024,33494,33988,33834,34499,33755,30753,29820,27625,27178,26630,27852,29582,31857,33498,33266,33806,30446,32343,33931
1058004,ESP,Spain,Araba/ÔøΩlava,0.00715,38324,39175,39321,38690,39400,40284,41150,42460,44107,45864,48017,49885,51498,51882,53037,54792,57727,59718,60593,55461,54771,54904,53357,53650,55178,55952,58746,59475,60184,59258,53332,56656,59437
1058005,ESP,Spain,Asturias,0.0064,23262,23779,23867,23484,23915,24451,24977,25772,26772,27839,29145,30240,30771,31265,32003,33310,34735,35835,35963,33828,34062,33514,32083,31241,31398,32538,33123,34269,34975,35327,31387,33343,34980
1058006,ESP,Spain,Badajoz,0.00735,17636,18028,18095,17805,18131,18538,18936,19539,20297,21106,22097,22679,23163,23851,23934,25520,25885,26892,27454,26579,26582,25993,24591,24578,24557,25921,26746,27909,28250,28275,26100,27726,29088
1058007,ESP,Spain,Barcelona,0.00464,33558,34303,34431,33878,34500,35274,36032,37179,38621,40160,42045,43235,43131,43399,43737,44806,45686,46500,45838,43532,43547,42765,41536,41354,42415,44021,45602,47070,47855,48611,42492,45140,47356
1058008,ESP,Spain,Biscay,0.00629,32352,33071,33194,32662,33261,34007,34738,35844,37234,38718,40535,40767,41429,42340,43058,44403,45074,45916,46919,45338,45879,44982,43930,43112,44281,45999,47026,47325,48346,49042,43200,45892,48145
1058009,ESP,Spain,Burgos,0.00568,30715,31397,31514,31008,31577,32285,32979,34030,35349,36758,38483,38628,39097,40156,41093,42006,42129,43090,43519,41126,41259,41490,40989,39562,39543,40614,42210,43968,45462,45315,40499,43023,45135
1058010,ESP,Spain,Cantabria,0.00504,25889,26464,26562,26136,26616,27213,27798,28683,29795,30983,32437,33615,34228,34321,34764,35632,36259,37080,36963,35227,35112,34356,33101,32267,32959,33598,34670,35577,36481,37047,33011,35068,36789
1058011,ESP,Spain,CastellÔøΩn,0.0022,31895,32603,32725,32200,32790,33526,34246,35337,36707,38170,39962,40613,40129,39398,38613,40266,41091,39500,38102,35895,35997,36573,34476,34625,35257,37667,39362,42480,42319,42656,37074,39384,41318
1058012,ESP,Spain,Ceuta,0.00368,24842,25394,25489,25080,25540,26112,26674,27523,28591,29730,31125,30909,31303,32024,32395,32622,33131,33535,33262,32091,31649,30662,29138,29363,29205,30021,30563,30494,31233,31954,29732,31584,33135
1058013,ESP,Spain,Ciudad Real,0.00589,21596,22076,22158,21803,22203,22701,23189,23927,24855,25846,27059,27624,28587,29994,30724,30537,31302,32362,32247,30597,31003,30678,29798,28922,28380,30640,31663,32601,33272,33104,30238,32123,33700
1058014,ESP,Spain,Cordoba,0.00641,18576,18988,19059,18753,19097,19526,19946,20581,21379,22231,23274,23646,23974,25164,26166,26557,27719,28639,28201,27000,26648,26210,24693,24912,25110,26477,26919,27761,27917,27385,25030,26590,27895
1058015,ESP,Spain,Cuenca,0.00778,20814,21277,21356,21013,21399,21879,22349,23061,23955,24910,26079,26779,27089,27789,29351,29936,30994,32442,31565,30275,31139,31500,30836,30633,30301,32018,32871,33816,35025,34376,31407,33365,35003
1058016,ESP,Spain,CÔøΩceres,0.00826,17537,17926,17993,17705,18029,18434,18830,19430,20183,20987,21972,22775,23342,23819,25243,25202,25998,26645,26400,25718,26548,25714,25399,25337,25597,26620,27742,29358,30381,30985,27772,29502,30950
1058017,ESP,Spain,CÔøΩdiz,0.00455,20977,21443,21523,21178,21566,22050,22524,23241,24143,25105,26283,26947,27364,27655,28738,29176,29764,29866,29165,27130,27292,26979,25827,25108,24870,25507,26243,27136,27518,28114,23993,25489,26740
1058018,ESP,Spain,Eivissa y Formentera,0,30109,30777,30892,30397,30954,31648,32329,33358,34652,36033,37724,38773,38199,36860,35740,35523,35591,34966,34465,32659,33361,33818,33781,33048,34671,36247,37950,38850,39718,40008,27260,28958,30380
1058019,ESP,Spain,El Hierro,0.00806,18082,18484,18553,18255,18590,19007,19416,20034,20811,21640,22656,23909,24943,26086,25564,29185,29243,28574,30069,29776,30515,28311,28515,26948,28895,27050,24217,26275,26670,27703,23903,25392,26639
1058020,ESP,Spain,Fuerteventura,-0.00606,34564,35332,35464,34895,35535,36332,37113,38295,39780,41365,43306,45822,45789,44572,43695,40755,39412,37562,35255,31896,31962,31666,29925,30317,30645,31770,32037,32519,32791,31649,23102,24542,25747
1058021,ESP,Spain,Gerona,0.00132,33814,34565,34694,34137,34763,35543,36307,37463,38916,40467,42366,44534,45681,45394,45522,45407,47002,46491,45018,42835,42939,41887,40821,40088,40863,42186,43803,42675,42884,43534,38266,40651,42647
1058022,ESP,Spain,Gipuzkoa,0.005,34779,35551,35683,35111,35755,36557,37343,38532,40026,41621,43575,45950,45777,45522,46493,47345,49686,50892,50050,47310,47882,47603,46465,45432,45739,46917,48022,50594,51179,52104,45608,48450,50828
1058023,ESP,Spain,Gran Canaria,0,26730,27323,27425,26985,27480,28096,28701,29615,30763,31989,33490,34314,34022,33999,33229,32855,33228,33397,32967,31282,30613,29954,28537,28264,28155,28442,29863,30664,31254,31444,25483,27071,28400
1058024,ESP,Spain,Granada,0.00662,18380,18788,18858,18555,18896,19319,19735,20363,21153,21996,23028,23952,25021,25722,26084,26351,27934,28439,28182,26713,26312,26123,25482,25175,26026,27196,27178,27581,28015,28655,25619,27215,28551
1058025,ESP,Spain,Guadalajara,0.00155,24020,24553,24645,24250,24694,25248,25791,26612,27644,28746,30095,31831,32477,32433,31943,33096,32625,33002,32954,30755,30880,30641,29423,28509,27372,27378,28717,30293,31316,31882,28793,30587,32089
1058026,ESP,Spain,Huelva,0.00315,22496,22996,23082,22711,23128,23646,24155,24924,25891,26922,28186,27736,27959,28735,29851,30651,30342,30242,29961,27356,27799,28583,27699,25662,25576,26940,27938,29790,31043,30457,27093,28782,30195
1058027,ESP,Spain,Huesca,0.00618,27842,28460,28567,28108,28624,29266,29895,30847,32043,33320,34884,37172,38302,39050,39187,39064,40180,42420,43809,40906,41759,41482,39611,40744,40542,40790,44377,44307,44370,44935,42981,45659,47901
1058028,ESP,Spain,JaÔøΩn,0.00495,18026,18426,18495,18198,18532,18948,19355,19972,20746,21573,22585,23468,23506,25860,25844,25397,26157,27225,26936,26249,26244,26153,23429,25044,24014,26973,26571,26979,28159,26938,25423,27007,28333
1058029,ESP,Spain,La Corunna,0.00822,22079,22569,22653,22290,22699,23208,23707,24462,25410,26423,27663,28487,29772,30555,31556,32768,33788,35288,35761,34914,35246,34365,33012,32926,32850,34501,35748,36261,37317,37536,33690,35789,37546
1058030,ESP,Spain,La Gomera,0.00377,21056,21524,21604,21257,21647,22133,22608,23328,24233,25199,26382,27006,28612,28206,27831,30440,30683,30133,30682,29994,29880,29770,31210,30381,30439,30123,27248,28524,28284,28043,23096,24535,25740
1058031,ESP,Spain,La Palma,0.00721,19881,20323,20399,20071,20439,20898,21347,22027,22881,23793,24910,24902,25367,26602,26892,28783,29525,29462,30889,30238,30800,29887,28323,26997,27300,27791,27231,28526,28767,29223,24886,26436,27734
1058032,ESP,Spain,La Rioja,0.00337,30959,31646,31765,31255,31828,32542,33242,34300,35631,37050,38789,39564,39528,40219,40137,40707,41605,42170,41999,39871,40159,39680,38405,38083,39176,40455,40602,41475,42388,42620,38483,40881,42888
1058033,ESP,Spain,Lanzarote,-0.00168,33390,34131,34258,33709,34327,35097,35851,36993,38428,39959,41835,44551,44919,43519,41692,41320,39897,38560,35990,33973,33568,34021,32489,33738,34086,34564,35326,36405,36819,36547,26750,28417,29812
1058034,ESP,Spain,LeÔøΩn,0.00475,22817,23324,23411,23035,23458,23984,24499,25280,26260,27307,28588,29713,29924,30100,30382,31943,32771,33404,33152,32568,32310,31754,30966,29997,30133,30929,31074,31911,32682,33300,30636,32546,34143
1058035,ESP,Spain,Lugo,0.00877,20504,20960,21038,20700,21080,21553,22016,22717,23598,24539,25691,26956,27041,27863,28713,30969,31993,32441,32280,30951,32127,32233,31862,32132,33272,35039,35089,34841,36096,35895,31424,33382,35021
1058036,ESP,Spain,LÔøΩrida,0.00113,33354,34094,34222,33672,34290,35059,35813,36953,38387,39916,41790,43890,45072,45839,45211,43495,45568,46092,45926,44478,44194,43612,43243,43656,44146,45777,44462,42594,43313,44352,39601,42068,44134
1058037,ESP,Spain,Madrid,0.00507,37075,37898,38040,37429,38116,38971,39809,41076,42669,44370,46452,47906,48217,48403,49061,50054,51562,52186,51916,50470,49811,49858,48878,48046,48779,50692,52159,53429,54155,54987,48506,51529,54059
1058038,ESP,Spain,Mallorca,0,35920,36718,36855,36263,36928,37757,38568,39797,41340,42987,45005,45946,45189,43889,43935,44309,44705,44842,44350,41683,41153,40483,39406,38934,39853,41376,42955,44004,44572,44705,34047,36169,37944
1058040,ESP,Spain,Menorca,-0.00455,30896,31582,31700,31191,31763,32476,33174,34230,35558,36975,38710,38912,38289,37669,36943,36587,36283,35535,34594,32253,31803,30713,29329,29312,29944,30674,31741,32556,32596,32115,24366,25885,27155
1058041,ESP,Spain,Murcia,0.00536,23168,23683,23771,23389,23819,24353,24876,25668,26664,27726,29028,29937,30532,31043,31240,31964,32495,33053,32936,30883,30916,30029,29164,29096,29266,30945,31657,32390,32391,32843,29524,31364,32904
1058042,ESP,Spain,MÔøΩlaga,0.00404,20438,20892,20970,20633,21012,21483,21945,22644,23522,24459,25607,27125,27212,27861,28914,30287,30332,30138,29758,28501,28146,27379,25904,25346,25951,26782,27168,28062,28768,29281,25053,26614,27921
1058043,ESP,Spain,Navarre,0.00427,35233,36015,36149,35569,36222,37034,37830,39035,40549,42165,44144,44852,45343,45642,46208,47075,47814,48268,48210,45887,45651,45245,43468,43265,44067,45326,46479,47554,47869,48586,43212,45905,48159
1058044,ESP,Spain,Orense,0.00858,19384,19814,19888,19569,19928,20375,20813,21476,22308,23197,24286,25716,26898,27365,27520,28427,29271,29808,30503,28917,29830,30191,29837,29370,29492,30444,31811,32709,33825,35128,31447,33407,35047
1058045,ESP,Spain,Palencia,0.00774,25230,25790,25886,25471,25938,26520,27090,27953,29037,30194,31611,32667,34864,36006,36785,37678,37963,40192,40211,38462,37958,38244,36297,36005,35944,37897,40365,39166,41904,41833,37848,40207,42181
1058046,ESP,Spain,Pontevedra,0.00698,21979,22467,22551,22189,22596,23103,23599,24351,25295,26303,27538,28396,28376,29221,30464,31177,32703,34020,34425,32432,31796,30841,29763,29827,30457,31517,32268,33993,34137,34907,31967,33959,35626
1058047,ESP,Spain,Salamanca,0.00521,21939,22426,22510,22148,22555,23060,23556,24306,25249,26255,27488,29192,29600,30736,31097,31017,31472,31793,31516,31171,29892,29680,28727,27945,28305,29410,30767,31493,32234,33018,30212,32095,33670
1058048,ESP,Spain,Saragossa,0.00619,29264,29913,30025,29543,30085,30760,31421,32422,33679,35021,36665,37383,38593,39396,40135,40969,42079,43196,42566,40474,40591,39878,38143,38022,38628,39533,40884,42675,43561,44033,39920,42408,44489
1058049,ESP,Spain,Segovia,0.00292,27553,28165,28270,27816,28326,28962,29584,30526,31710,32974,34521,34561,35811,36270,36296,37323,37859,38155,36410,34577,34885,34115,32621,32121,32947,34374,34472,33128,34036,34531,31301,33252,34884
1058050,ESP,Spain,Seville,0.00636,20944,21409,21489,21144,21532,22015,22488,23205,24104,25065,26241,27303,28618,29552,30149,31190,31687,32629,32101,30707,30237,29854,29024,28005,28557,29186,29634,30531,31138,31552,28144,29898,31366
1058051,ESP,Spain,Soria,0.00509,27403,28012,28116,27665,28173,28805,29424,30361,31538,32795,34334,34253,35697,36468,37525,36468,37024,38051,38056,36003,37291,37181,35208,35567,36333,37572,37929,38448,42907,42794,37880,40240,42216
1058052,ESP,Spain,Tarragona,0.0013,35047,35825,35959,35382,36031,36839,37631,38829,40335,41942,43911,45737,47528,46977,48111,45351,45289,45434,44743,42732,43365,42353,40910,40519,41606,43925,45811,47231,46653,46349,39310,41760,43810
1058053,ESP,Spain,Tenerife,0,27018,27618,27721,27277,27777,28400,29010,29934,31095,32334,33852,34980,35276,35409,35584,36029,35839,36123,35236,32615,33362,32804,31382,30450,30538,31474,31823,32729,32883,32881,26508,28159,29542
1058054,ESP,Spain,Teruel,0.00263,28951,29594,29704,29228,29764,30431,31086,32076,33320,34647,36274,37443,38167,37619,37833,39302,40059,40949,41452,38801,38760,38271,37624,38047,38559,37753,37742,37218,38778,38723,35128,37317,39149
1058055,ESP,Spain,Toledo,0.00407,21835,22320,22404,22044,22448,22952,23445,24192,25130,26132,27358,28483,28453,29289,28941,30508,31280,31910,31286,29333,28250,27248,25875,25607,25519,26429,27406,27917,28735,28800,26365,28008,29383
1058056,ESP,Spain,Valencia,0.0039,26463,27050,27151,26715,27205,27816,28414,29318,30456,31669,33156,34575,35170,35244,35455,35438,36312,37354,37269,34900,34888,34392,32987,32727,33584,34496,34947,35455,36582,36995,32881,34930,36645
1058057,ESP,Spain,Valladolid,0.00597,27846,28464,28570,28112,28627,29269,29899,30851,32047,33324,34888,35844,36401,36471,37232,38312,38930,39676,38830,37116,38114,37373,36111,35727,36442,37754,39751,41231,42674,42748,38644,41053,43068
1058058,ESP,Spain,Zamora,0.00771,19326,19756,19829,19511,19869,20315,20751,21412,22243,23129,24214,25033,25788,26688,27728,27283,28907,29736,29643,28987,29608,30160,30168,29130,29155,30243,30764,28995,30031,30951,28568,30348,31838
1058059,ESP,Spain,ÔøΩvila,0.0044,21839,22324,22407,22048,22452,22955,23449,24196,25134,26136,27362,27452,27356,27501,28540,28239,29101,30497,30307,29377,29271,29340,28961,28285,28515,29089,29428,30230,31100,31746,29160,30977,32498
1059001,EST,Estonia,Harju county,0.02203,13670,13943,15835,17140,17248,17926,19091,22631,24172,24036,26863,28730,31081,34270,36910,39616,44867,47608,44792,38842,38836,40549,42373,42912,44395,44973,46059,48144,49184,50555,49904,53654,52074
1059002,EST,Estonia,Hiiu county,0.00643,8873,9050,10278,11125,11196,11635,12392,13870,14774,15038,15217,14941,15709,15354,16921,17978,17172,18065,17233,15562,14718,16430,16178,15841,14670,15599,16385,17787,18466,18980,18736,20144,19550
1059003,EST,Estonia,Ida-Viru county,0.01447,7688,7842,8906,9640,9701,10082,10737,11831,11830,11626,12210,12555,13149,13595,14414,16446,16806,18399,18526,14858,16786,18859,18120,19454,18747,16737,15817,18040,19085,19617,19364,20819,20206
1059004,EST,Estonia,Jgeva county,0.01392,5792,5908,6709,7262,7308,7595,8089,8895,9201,8532,9357,9630,9986,9827,10765,11769,12700,13371,11970,10974,14931,13398,13374,13571,13018,13212,12389,15858,16524,16985,16766,18026,17495
1059005,EST,Estonia,J‰rva county,0.01114,7341,7488,8504,9205,9263,9627,10252,12231,12830,12874,13607,13985,14692,15107,16230,15465,17930,19669,16548,13344,11523,17916,18579,17393,17228,16564,16917,18480,18997,19526,19275,20723,20113
1059006,EST,Estonia,Lake Peipsi,0.02155,8083,8245,9364,10135,10199,10600,11289,12435,13293,13193,14078,15777,16882,19097,19934,24262,25410,27701,27232,22708,23085,23806,24503,24494,25588,26866,29112,29903,30857,31717,31309,33661,32670
1059007,EST,Estonia,L‰‰ne county,0.00878,8209,8373,9509,10293,10358,10765,11464,12510,13190,12307,12720,13071,13539,13221,15010,16483,17688,18718,17610,14834,15735,16430,16639,15944,15106,14420,13770,17234,17739,18233,17998,19351,18781
1059008,EST,Estonia,L‰‰ne-Viru county,0.0157,7791,7946,9025,9768,9830,10216,10880,11602,12200,12508,13623,14142,15555,15462,16395,18170,18398,21039,19589,15593,17517,18585,19495,17576,18056,17853,17852,19097,19777,20328,20067,21575,20939
1059009,EST,Estonia,Plva county,0.00958,8208,8372,9508,10292,10357,10764,11463,13084,14210,13624,15035,16335,16644,16718,17609,20336,21348,23207,20787,16782,17180,12713,12473,12487,12340,12614,11170,13965,14473,14877,14685,15789,15324
1059010,EST,Estonia,Prnu county,0.01715,6700,6834,7761,8401,8454,8786,9357,10020,9656,9735,10656,11186,10951,11034,11372,12351,13601,15194,14730,12017,11644,19195,19448,19091,19129,20425,21205,20853,21733,22338,22051,23708,23009
1059011,EST,Estonia,Rapla county,0.01124,7337,7483,8499,9200,9258,9621,10246,10904,11727,11390,12376,12577,12865,13187,13714,14531,15655,16867,14927,12471,13245,13482,12940,14709,15227,15978,15759,17747,18614,19133,18887,20306,19708
1059012,EST,Estonia,Saare county,0.01988,7225,7370,8370,9060,9117,9475,10091,10906,11506,11415,12427,13583,14004,14609,15518,17992,19429,20818,20273,16823,19027,22483,20700,20014,19893,20250,23767,21919,22380,23004,22707,24414,23695
1059013,EST,Estonia,Tartu county,0.02155,8083,8245,9364,10135,10199,10600,11289,12435,13293,13193,14078,15777,16882,19097,19934,24262,25410,27701,27232,22708,23085,23806,24503,24494,25588,26866,29112,29903,30857,31717,31309,33661,32670
1059014,EST,Estonia,Valga county,0.01503,6021,6142,6975,7550,7598,7896,8409,8899,9799,9956,10556,10434,11610,12064,12401,13658,14127,15231,14409,12259,12378,14281,13255,13861,14370,14518,17435,15862,16773,17241,17019,18297,17759
1059015,EST,Estonia,Viljandi county,0.01596,7023,7164,8136,8806,8862,9210,9809,10560,10910,10865,11680,12310,13101,13093,14272,15576,15846,17264,15937,13014,14862,17064,17585,18909,19665,19426,18858,21126,22722,23356,23055,24787,24057
1059016,EST,Estonia,Vru county,0.0155,6130,6253,7102,7687,7735,8039,8562,9852,10192,10337,11229,11353,12311,12668,13189,13903,14395,16922,15645,13136,13642,15310,15224,15847,15569,15912,15443,15275,16282,16736,16520,17761,17238
1061001,FIN,Finland,Central Finland,0.0054,28520,26666,25615,25295,26157,27127,27993,29640,31135,32382,34137,35894,36233,36545,36391,36952,38332,40806,41282,38006,36513,38127,37923,36818,37082,38070,39393,40333,41450,41407,39927,40960,41501
1061002,FIN,Finland,Central Ostrobothnia,0.01232,24875,23258,22341,22062,22813,23660,24415,25851,27155,28243,29774,30715,29525,31638,33243,34686,39948,41667,43623,38708,40867,43348,41395,40476,42129,42346,41476,43906,44292,43712,43540,44667,45257
1061003,FIN,Finland,Finland Proper,0.0063,33650,31462,30222,29845,30861,32006,33028,34971,36735,38206,40277,39679,43757,42861,44905,45541,47456,50520,49726,44756,42315,44079,42828,41897,41823,41225,43320,45640,46055,46466,44958,46121,46731
1061004,FIN,Finland,Helsinki-Uusimaa,0.00586,46779,43738,42014,41489,42902,44494,45915,48615,51067,53112,55991,57478,57058,56994,59112,60600,63406,66413,66582,62515,64034,63185,61260,61315,60065,61061,62144,63440,63858,64969,62442,64058,64904
1061005,FIN,Finland,Kainuu,0.00881,22421,20963,20137,19885,20563,21325,22007,23301,24476,25456,26836,28675,29263,29589,30808,30595,33054,33725,34732,30450,33411,35116,34572,32275,33056,32212,34320,36922,38354,38686,39262,40278,40810
1061006,FIN,Finland,Kymenlaakso,0.00416,34655,32402,31125,30736,31783,32962,34015,36015,37832,39347,41480,42070,40830,40518,43772,44656,44454,43705,41552,37212,38718,40653,39963,39218,39386,41244,41231,43847,45839,46956,46560,47765,48396
1061007,FIN,Finland,Lapland,0.0075,28554,26697,25645,25325,26187,27159,28026,29675,31171,32420,34177,33549,34072,34723,36654,36463,41176,39628,39860,36246,38451,39185,40082,41046,40735,42152,43319,45893,45121,44446,43914,45051,45646
1061008,FIN,Finland,North Karelia,0.00738,24567,22970,22064,21789,22531,23367,24113,25531,26819,27893,29405,29467,29295,31052,32804,33608,35447,35708,35139,32019,33421,36473,35367,35655,36255,35135,36509,36792,38897,38786,37344,38310,38816
1061009,FIN,Finland,Northern Savonia,0.00949,25314,23668,22735,22452,23216,24077,24847,26308,27635,28741,30299,31432,31781,32881,33463,35245,36306,38227,39616,35588,37297,39407,38281,37617,37931,38019,38959,40575,41587,41932,40892,41950,42505
1061010,FIN,Finland,Ostrobothnia,0.00986,31210,29180,28030,27680,28623,29685,30633,32435,34070,35435,37356,37792,35803,38106,40066,41950,43426,46651,47713,45442,49079,48551,48136,46790,46116,45972,45796,46117,46585,46798,45135,46303,46915
1061011,FIN,Finland,Pirkanmaa,0.00905,32289,30190,29000,28638,29613,30712,31693,33557,35249,36661,38648,41046,41800,42710,44281,45589,46142,48977,49264,43318,44706,46821,44714,43200,42108,41548,43212,44354,45281,45895,45479,46656,47273
1061012,FIN,Finland,Pohjois-Pohjanmaa,0.00592,30582,28594,27467,27124,28048,29088,30017,31783,33386,34723,36605,35019,39211,41245,42821,43327,42802,45498,45568,39544,41044,40781,40134,39448,38433,37043,39597,40467,40330,41203,41203,42270,42828
1061013,FIN,Finland,PÔøΩijÔøΩt-HÔøΩme,0.00765,26963,25209,24216,23913,24728,25645,26464,28021,29434,30613,32272,33416,32670,34520,35698,36722,36990,37702,38629,35278,37460,38480,38915,37118,37430,37185,38350,38586,38663,38354,37413,38381,38888
1061014,FIN,Finland,Satakunta,0.00613,30080,28124,27016,26678,27587,28610,29524,31261,32837,34152,36004,38575,38792,38929,38686,40514,42156,43556,43590,40166,42594,43883,43859,42262,42772,43432,42070,43121,43095,42197,42014,43101,43671
1061015,FIN,Finland,South Karelia,0.00467,33469,31292,30059,29684,30695,31833,32850,34782,36536,38000,40060,40133,39379,40839,40912,40523,41373,44236,43020,38868,41841,45939,44435,43883,45302,43812,43688,46192,45674,44726,42295,43389,43963
1061016,FIN,Finland,Southern Ostrobothnia,0.01183,23128,21624,20771,20512,21211,21998,22700,24035,25247,26259,27682,28318,28803,30211,31349,32511,34040,37113,37183,34897,36280,37557,37457,37101,37162,36582,36679,38298,38182,39518,39157,40170,40701
1061017,FIN,Finland,Southern Savonia,0.0107,22539,21074,20243,19990,20671,21438,22123,23424,24605,25591,26978,27721,28388,29811,31350,32386,33190,36123,34905,32317,33906,34737,35187,35009,36022,35243,36535,37171,37833,37765,37274,38239,38744
1061018,FIN,Finland,Tavastia Proper,0.0084,26640,24908,23926,23627,24432,25338,26148,27686,29082,30247,31886,33255,33088,34962,36812,37045,37796,39013,40931,35839,36650,38325,40539,39258,38105,37744,38585,39432,38835,40014,40321,41364,41911
1061019,FIN,Finland,ÔøΩland,0.00189,40440,37811,36320,35867,37088,38464,39693,42027,44147,45915,48404,55326,55410,55642,56822,57257,57861,57126,54299,56069,55458,55286,57940,57887,57599,57172,56035,56161,50980,52151,45023,46188,46799
1063001,FRA,France,Ain,0.00142,28973,29022,29342,29033,29609,30125,30442,31043,32038,32964,34024,34683,33990,33217,34310,34463,35096,35211,35407,33286,32589,33297,32556,32639,32511,32447,32988,32880,33218,33506,31419,33333,34035
1063002,FRA,France,Aisne,0.00103,25376,25420,25700,25429,25933,26385,26663,27190,28062,28873,29801,29788,29583,28754,29303,29853,29963,30825,29896,28700,28980,29277,29215,29012,28915,28895,28436,29452,29372,29907,28206,29925,30555
1063003,FRA,France,Allier,0.0018600000000000001,26588,26633,26926,26643,27171,27645,27936,28487,29401,30251,31223,31822,31998,31570,32429,32248,32310,33176,32728,30844,30569,31261,30867,30827,31362,32013,31375,32128,31672,32007,30753,32627,33314
1063004,FRA,France,Alpes-Maritimes,0.00416,34185,34244,34621,34256,34936,35545,35919,36628,37803,38895,40145,41466,41312,41678,42885,43438,44424,44749,43213,42263,43538,44082,44254,43947,43699,44128,45508,46099,46438,46884,40765,43248,44159
1063005,FRA,France,Alpes-de-Haute-Provence,0.00251,26152,26197,26485,26207,26726,27192,27479,28021,28920,29756,30712,30852,30136,30249,31062,31655,32746,32705,31757,31401,31189,31824,32052,32586,32339,32233,31474,31916,32887,32694,31151,33048,33744
1063006,FRA,France,Ardennes,8.5e-4,25762,25806,26090,25815,26327,26786,27068,27602,28488,29311,30253,30741,30106,29722,30760,30389,31133,31673,31175,29888,29300,30824,28971,29471,29186,29337,28605,29360,30077,30519,28175,29892,30521
1063007,FRA,France,ArdÔøΩche,0.00241,23627,23668,23928,23676,24146,24567,24826,25316,26127,26883,27747,28238,28033,27966,29102,29421,29377,29631,29165,28360,28067,28476,27210,27572,27771,27757,28087,28273,28474,28989,27572,29252,29868
1063008,FRA,France,AriÔøΩge,0.00248,23070,23110,23364,23118,23577,23988,24240,24719,25512,26249,27093,27930,27441,27646,28757,29431,29295,29136,28159,26840,25872,26511,26104,26740,26982,27109,27364,28108,28016,28547,26372,27979,28568
1063009,FRA,France,Aube,0.0023,29343,29392,29716,29403,29987,30509,30831,31439,32447,33385,34458,34515,34976,34858,36471,36115,36224,37068,36933,35395,34827,36473,34943,34542,34571,33813,32648,34023,35101,34737,32448,34425,35150
1063010,FRA,France,Aude,0.00359,22990,23029,23282,23037,23494,23904,24155,24632,25422,26157,26998,27543,28036,29624,30327,30532,30833,31186,28508,28096,27284,28255,27895,28142,28073,28129,28235,28635,28668,29031,27240,28899,29508
1063011,FRA,France,Aveyron,0.00388,25372,25415,25695,25425,25929,26381,26659,27185,28057,28868,29795,30741,31255,31051,32398,32923,33245,33171,33159,31734,30823,31660,31008,30760,31656,32163,33159,33244,33276,33572,31806,33744,34455
1063012,FRA,France,Bas-Rhin,0.00256,35290,35350,35740,35363,36065,36693,37080,37812,39024,40152,41443,41172,40834,41280,42058,41244,41884,42981,43729,42510,42293,43117,42405,42605,42918,42817,43611,44073,44752,45118,41713,44255,45186
1063013,FRA,France,Bouches-du-RhÔøΩne,0.00627,32412,32467,32825,32479,33123,33700,34055,34728,35841,36877,38063,38815,38313,38660,40271,41216,42066,42002,42948,42237,44573,44350,45797,44527,45019,45223,44801,45891,46456,46988,44628,47347,48344
1063014,FRA,France,Calvados,0.00499,29980,30031,30362,30043,30638,31172,31501,32123,33153,34111,35207,34965,35813,36207,37025,37097,37955,38221,38657,37634,39368,40364,38552,38123,38067,38180,38577,37372,37872,38155,35760,37938,38737
1063015,FRA,France,Cantal,0.00506,22859,22898,23150,22906,23360,23768,24018,24492,25277,26008,26844,27027,27843,28155,29268,29232,30042,30834,30264,29383,28931,30310,30230,30853,30126,30133,30004,31139,31101,31253,29987,31814,32484
1063016,FRA,France,Charente,0.00297,30723,30775,31114,30786,31397,31944,32281,32918,33974,34956,36079,36032,36552,37297,37276,36351,36253,37332,36062,34374,34271,35527,36407,36195,35834,36984,37011,37845,38718,39986,37402,39681,40516
1063017,FRA,France,Charente-Maritime,0.00368,24994,25036,25312,25046,25542,25988,26261,26780,27639,28438,29352,29932,30205,29869,30589,30814,31537,32218,31912,30685,31533,32079,31676,31298,32028,31760,32126,32781,33507,33838,31990,33939,34654
1063018,FRA,France,Cher,0.00216,27796,27843,28150,27854,28406,28901,29206,29782,30737,31626,32642,33350,34252,33382,34397,34155,34953,35861,34083,33110,32779,32916,32902,32773,32581,32955,32608,34167,34421,34846,32059,34012,34728
1063019,FRA,France,CorrÔøΩze,0.00418,26052,26096,26383,26106,26623,27087,27373,27913,28808,29641,30594,31456,32677,33147,33201,34325,35138,35405,33984,33229,32405,32972,33440,32826,33005,33288,32811,33311,33450,33715,31660,33589,34297
1063020,FRA,France,Corse-du-Sud,0.00592,28011,28058,28367,28069,28625,29124,29431,30012,30974,31870,32894,34211,33823,33829,34764,35319,36573,36075,36775,37480,37090,38940,38009,38112,37682,37575,37657,38553,40234,40390,36769,39009,39830
1063021,FRA,France,Creuse,0.00281,21257,21293,21528,21301,21723,22102,22335,22776,23506,24186,24963,25292,26873,26362,26512,27017,27683,27991,26116,25999,25078,25331,24937,25487,25786,26187,26363,26415,26174,26576,25309,26851,27416
1063022,FRA,France,CÔøΩte-d'Or,0.00254,36551,36613,37016,36626,37353,38004,38404,39162,40418,41586,42923,42471,40822,40639,42173,42464,43158,44340,43953,42327,42428,43215,42860,43034,43292,43183,43042,44409,45515,45400,42619,45216,46168
1063023,FRA,France,CÔøΩtes-d'Armor,0.00437,25417,25461,25741,25470,25975,26428,26706,27233,28107,28919,29849,30261,29962,30426,31707,31812,32559,32674,32607,30888,30243,30781,30989,31057,31432,31775,32435,33630,33455,34353,33217,35240,35982
1063024,FRA,France,Deux-SÔøΩvres,0.00459,28395,28443,28756,28454,29018,29524,29835,30424,31399,32307,33345,34466,35584,35608,37139,37030,37608,38377,35614,35399,35162,36429,36898,37254,37727,37121,36669,37379,38313,38906,37489,39774,40611
1063025,FRA,France,Dordogne,0.00358,22770,22808,23060,22817,23269,23675,23924,24397,25179,25907,26739,27194,27914,27521,28295,28219,28851,29286,29560,29002,28507,29084,28675,28739,29234,29298,29308,29705,29873,29918,28315,30040,30672
1063026,FRA,France,Doubs,0.001,32395,32450,32807,32462,33106,33682,34037,34709,35822,36858,38042,38870,38532,38436,38729,38435,38184,38457,37413,35761,36114,36983,35045,35244,35539,35872,36463,37099,37372,37632,34836,36958,37736
1063027,FRA,France,DrÔøΩme,0.00519,30092,30143,30475,30155,30753,31289,31618,32242,33276,34238,35339,35565,36115,35686,37704,37805,38553,38810,39768,38684,38547,40052,40742,40352,40304,40498,40225,40224,40681,41510,38893,41263,42132
1063028,FRA,France,Essonne,0.00522,36906,36969,37376,36982,37716,38373,38777,39543,40811,41991,43340,44592,45558,46531,46732,45197,46740,48122,50556,48391,49196,47248,47518,50311,50163,50399,50670,52180,53053,53912,50888,53988,55125
1063029,FRA,France,Eure,0.00112,26875,26920,27217,26930,27465,27943,28238,28795,29718,30577,31560,31635,31903,31708,31965,31779,31947,32598,31922,30508,31069,31390,31088,30808,30430,30724,30655,31179,31699,32063,30019,31848,32518
1063030,FRA,France,Eure-et-Loir,0.00146,29323,29373,29697,29384,29967,30489,30811,31419,32426,33364,34436,34376,34022,33117,33272,33258,33421,33999,33688,32252,32372,33335,32848,32975,32799,32860,33235,33914,33849,34420,32687,34678,35408
1063031,FRA,France,FinistÔøΩre,0.00375,28289,28338,28650,28348,28910,29414,29724,30311,31283,32187,33222,33916,33752,33939,35530,35697,36525,36767,34619,33357,33252,34294,34049,34447,34535,34894,35280,35895,35803,36699,34924,37052,37832
1063032,FRA,France,French Guiana,0.00179,16551,16579,16762,16585,16914,17209,17391,17734,18303,18832,19437,21215,21293,19704,19844,19837,20323,19682,19678,19950,20001,20441,21106,20781,20585,19826,20073,19706,20071,19724,18943,20097,20521
1063033,FRA,France,Gard,0.00223,25432,25475,25756,25485,25990,26443,26722,27249,28123,28936,29866,29986,30155,30269,30845,30631,31462,31782,31360,30414,30095,30590,30227,29731,29968,30117,30170,30956,31043,31890,30191,32031,32705
1063034,FRA,France,Gers,0.00264,23227,23266,23522,23275,23736,24150,24405,24886,25684,26427,27276,28149,28230,28704,29574,28860,28449,28698,27898,26845,27489,27717,28698,27403,27865,27991,28179,28731,29346,29285,27686,29373,29991
1063035,FRA,France,Gironde,0.00322,33739,33797,34169,33809,34480,35081,35450,36150,37309,38388,39622,41429,41031,40957,41537,41887,43082,43356,41801,41484,42544,43249,43078,41687,41926,42401,43281,44277,45321,45465,41977,44535,45472
1063037,FRA,France,Haut-Rhin,0.0015,31784,31838,32189,31850,32482,33048,33396,34055,35147,36163,37325,37841,37755,36606,36413,36561,36896,37825,37250,35908,34899,35886,35340,35476,35646,35715,35901,37107,37907,38018,34836,36958,37736
1063038,FRA,France,Haute-Corse,0.00623,22194,22231,22476,22240,22681,23076,23319,23779,24542,25251,26063,26222,26027,26501,26664,27595,28307,27779,30319,30766,30442,30819,31134,30620,30878,31667,31393,31845,31406,31366,28776,30529,31172
1063039,FRA,France,Haute-Garonne,0.00625,35785,35845,36240,35859,36570,37207,37599,38341,39571,40715,42023,44254,43949,43608,43771,45229,48447,46957,47480,47073,46968,48405,49816,50370,51122,51744,52286,52557,54122,54101,47186,50061,51114
1063040,FRA,France,Haute-Loire,0.00339,23730,23770,24032,23779,24251,24674,24933,25426,26241,27000,27867,27903,27974,28160,28999,29293,29819,30400,29937,28715,27711,28093,27678,27855,28372,28223,28658,29549,29468,29853,28788,30542,31186
1063041,FRA,France,Haute-Marne,0.00145,28492,28541,28855,28551,29117,29625,29937,30528,31507,32418,33460,32466,32076,31568,32265,31913,32080,32859,34000,32818,31871,33538,31683,32066,32430,32332,31972,33185,33272,33543,31203,33104,33801
1063042,FRA,France,Haute-Savoie,0.00129,34164,34222,34599,34234,34913,35522,35896,36605,37779,38871,40120,40871,39587,40046,41364,40823,41419,41695,39482,36792,37418,39208,37911,37865,37732,38197,38612,39543,39966,39816,36256,38465,39274
1063043,FRA,France,Haute-SaÔøΩne,9.6e-4,23497,23537,23796,23545,24012,24431,24688,25175,25983,26734,27593,27903,29052,28429,28467,28605,28831,29239,28540,27148,26688,26916,25363,25305,25499,25641,26385,26498,26430,26995,26220,27817,28403
1063044,FRA,France,Haute-Vienne,0.00209,29642,29692,30019,29703,30292,30820,31145,31759,32778,33725,34809,34908,34999,34815,34545,34945,35018,35161,34769,33707,32580,33280,32817,33884,34221,34286,33769,34929,35154,37102,34905,37032,37811
1063045,FRA,France,Hautes-Alpes,0.00316,27983,28031,28340,28041,28597,29096,29402,29983,30944,31839,32862,34255,34796,36227,36724,38013,38520,38526,36024,34611,33966,34865,33359,33504,32674,32352,33043,33231,33943,34430,33069,35083,35822
1063046,FRA,France,Hautes-PyrÔøΩnÔøΩes,0.00436,25189,25232,25510,25242,25742,26191,26467,26989,27855,28660,29581,29715,31010,31170,32251,33395,34365,34461,33230,32334,31056,32355,31463,31903,31986,31921,31630,32068,32568,32888,29541,31341,32001
1063047,FRA,France,Hauts-de-Seine,0.00644,92971,93129,94154,93163,95011,96667,97685,99613,102808,105780,109179,109877,112181,110683,112436,116482,117085,121668,124217,119632,126970,127292,128866,131061,131297,131062,133924,135922,140498,146773,134046,142213,145207
1063048,FRA,France,HÔøΩrault,0.00519,28488,28536,28850,28547,29113,29620,29932,30523,31502,32412,33454,34353,33893,34220,35014,35715,36587,37015,38084,37398,38107,38440,37916,36998,37018,36832,37313,37527,38122,38468,36057,38253,39059
1063049,FRA,France,Ille-et-Vilaine,0.00429,33365,33422,33790,33434,34097,34691,35057,35749,36895,37962,39182,39193,39361,39898,41740,42897,43237,43212,42421,40951,41175,42208,41988,41731,42642,42871,43386,44783,45097,45493,43277,45914,46880
1063050,FRA,France,Indre,0.00262,25281,25324,25603,25333,25836,26286,26563,27087,27956,28764,29689,30185,30209,30509,31239,30939,31310,32114,31784,30923,30284,31157,31210,30437,30646,30647,30319,31320,31672,32123,29613,31418,32079
1063051,FRA,France,Indre-et-Loire,0.00354,29836,29887,30216,29898,30491,31022,31349,31968,32993,33947,35038,35675,35649,35641,36554,36862,37684,38075,37289,36576,36890,37287,37119,37279,37594,38207,38297,38547,39411,39688,37003,39257,40084
1063052,FRA,France,IsÔøΩre,0.00263,34255,34314,34692,34326,35007,35617,35993,36703,37880,38975,40228,40195,39613,39456,40757,40759,41892,42147,41715,40065,41151,42038,41271,40856,41099,40614,41499,41995,42732,43368,40763,43246,44157
1063053,FRA,France,Jura,0.00142,28773,28822,29139,28832,29404,29917,30232,30829,31817,32737,33789,33323,33149,32978,33941,33589,33274,33794,33138,31817,30953,32290,31146,31349,31705,32057,32288,33445,33164,33762,32508,34488,35214
1063055,FRA,France,Landes,0.00187,27932,27979,28287,27989,28544,29042,29348,29927,30887,31780,32801,33190,34075,33384,33585,34022,34409,34774,32411,31579,30910,32342,32602,32202,32393,32424,32211,32396,32995,33527,30954,32840,33531
1063056,FRA,France,Loir-et-Cher,0.00163,28076,28124,28433,28134,28692,29192,29500,30082,31047,31944,32971,33363,32988,33235,33954,34002,34499,35044,33795,33590,32903,33536,33302,32963,33060,33287,32858,33762,33817,34294,32283,34250,34971
1063057,FRA,France,Loire,0.0051,26640,26686,26980,26696,27225,27700,27991,28544,29459,30311,31285,31782,31904,31485,32713,33333,34501,35125,36629,35228,34066,35669,35054,34675,34841,34867,35155,35703,36236,36586,34621,36730,37503
1063058,FRA,France,Loire-Atlantique,0.00484,33766,33823,34196,33836,34507,35108,35478,36178,37338,38418,39653,40447,40214,40626,41345,41866,42636,43301,43777,42274,41747,43259,43288,43158,43455,44415,44692,45665,46445,47482,44006,46687,47670
1063059,FRA,France,Loiret,0.00136,35501,35561,35953,35575,36280,36913,37301,38038,39258,40392,41691,42414,42177,43060,44001,43768,44203,44616,42212,40642,41791,42094,41756,41367,40824,40705,40813,41350,41678,41879,39283,41676,42554
1063060,FRA,France,Lot,0.0046,23688,23729,23990,23737,24208,24630,24890,25381,26195,26952,27818,28991,29849,29326,30227,31088,31733,31609,30574,29727,29182,30259,30063,30237,31101,31858,32934,32543,32714,32842,30454,32310,32990
1063061,FRA,France,Lot-et-Garonne,0.00287,26061,26105,26393,26115,26633,27097,27382,27923,28818,29651,30604,31204,30368,31041,31200,31344,31602,32015,31612,30926,30216,31985,31333,31157,32124,31652,32446,32623,32945,33505,31425,33340,34042
1063062,FRA,France,LozÔøΩre,0.00519,23206,23245,23501,23254,23715,24128,24383,24864,25661,26403,27252,27573,28989,29458,30767,30898,31607,32421,31455,30411,29467,31082,29889,30900,31193,31287,31478,31578,31793,31780,30998,32887,33579
1063063,FRA,France,Maine-et-Loire,0.0029,27961,28009,28318,28019,28575,29073,29379,29959,30920,31814,32836,33815,33860,34015,34443,34639,34662,35413,35446,33928,34151,35402,34852,34931,34921,34923,35099,35789,35731,36534,34734,36850,37626
1063064,FRA,France,Manche,0.00314,26201,26245,26534,26255,26776,27242,27529,28073,28973,29810,30769,30930,30755,31486,32736,32613,33121,33333,32425,30918,29722,30549,31169,31880,31247,31596,31595,32241,33163,34215,31751,33685,34395
1063065,FRA,France,Marne,0.00211,36843,36906,37312,36919,37652,38308,38711,39476,40742,41919,43267,41885,41826,41264,44481,44197,44457,46095,45004,41598,42770,44774,43869,43596,42899,42975,42823,44383,45183,45135,41617,44153,45083
1063067,FRA,France,Mayenne,0.00343,29741,29791,30119,29802,30393,30923,31249,31866,32887,33838,34926,34799,35679,35532,36165,35401,35583,36323,37473,34541,35143,37244,35433,36627,36559,36429,36654,36913,37795,38262,36918,39167,39992
1063069,FRA,France,Meurthe-et-Moselle,0.00362,27585,27632,27937,27642,28191,28682,28984,29556,30504,31386,32395,33745,33475,33843,34754,34634,35594,35752,36025,35456,34807,34653,34371,34869,34959,33970,34111,34433,34831,35147,33545,35588,36338
1063070,FRA,France,Meuse,0.00166,25144,25187,25464,25196,25696,26144,26419,26940,27804,28608,29528,29189,29516,29358,30066,30459,30503,31182,28216,26529,26660,27367,27126,27233,27525,27809,27340,28305,28345,29219,27768,29459,30080
1063071,FRA,France,Morbihan,0.00354,27057,27103,27401,27113,27650,28132,28429,28990,29919,30784,31774,32213,32315,31972,33095,33496,33982,34120,33039,31658,31138,32232,32151,32097,32250,32624,33035,33721,34048,34579,32920,34925,35661
1063072,FRA,France,Moselle,0.00225,28166,28214,28525,28224,28784,29286,29594,30178,31146,32046,33077,32767,32963,33189,34350,34622,35021,35216,33852,32351,32185,32725,32070,31816,32269,32702,32320,33123,33093,33025,30217,32058,32733
1063073,FRA,France,NiÔøΩvre,0.00197,25706,25750,26034,25760,26270,26728,27010,27543,28426,29248,30188,30222,30607,29916,30164,29667,30466,31663,31753,30712,29937,30608,30561,30710,31296,31000,30380,31550,31408,31547,29624,31429,32091
1063074,FRA,France,Nord,0.00554,28517,28565,28880,28576,29142,29650,29963,30554,31534,32446,33488,33716,34282,34956,35671,36103,37177,37996,38521,37184,37104,38129,37567,37702,37875,38460,38680,39678,40312,40473,37892,40200,41047
1063075,FRA,France,Oise,5.5e-4,29392,29442,29766,29453,30037,30560,30882,31492,32502,33441,34516,34101,34252,34884,34829,34743,34864,35577,35029,33398,33777,34416,34076,33507,33184,34149,33740,34799,34159,34581,31600,33525,34231
1063076,FRA,France,Orne,0.00191,26555,26600,26893,26610,27138,27611,27902,28452,29365,30214,31185,31124,30792,30825,31807,31737,31945,32333,32258,31289,29519,30512,30357,30410,30503,30573,30491,31505,31104,31468,30092,31926,32598
1063077,FRA,France,Paris,0.00407,101600,101772,102893,101810,103829,105639,106752,108859,112350,115597,119313,120826,118779,116572,116479,118344,117336,121086,118643,113283,120647,121333,123701,124780,126240,128144,131354,135608,140715,145139,130146,138075,140982
1063078,FRA,France,Pas-de-Calais,0.00368,23171,23211,23466,23219,23680,24093,24346,24827,25623,26364,27211,27627,27845,27643,28178,28495,29214,29781,30197,29219,29358,29710,29302,29320,29549,29262,29676,30277,30499,31029,29299,31085,31739
1063079,FRA,France,Puy-de-DÔøΩme,0.00425,30968,31021,31362,31032,31648,32199,32538,33181,34245,35235,36367,36201,36372,36670,37457,37909,38261,38933,37326,36586,36535,38480,38190,38569,38680,39040,39369,41596,42611,43186,39537,41946,42829
1063080,FRA,France,PyrÔøΩnÔøΩes-Atlantiques,0.00488,29987,30038,30369,30049,30645,31179,31507,32129,33160,34118,35215,36215,37998,37453,37491,38672,40071,40504,40292,38808,39537,40471,39691,40159,39866,39808,39724,39314,39345,40558,37305,39578,40411
1063081,FRA,France,PyrÔøΩnÔøΩes-Orientales,0.00355,23807,23848,24110,23857,24330,24754,25015,25508,26326,27087,27958,28944,28969,29987,30281,30197,31056,31513,31092,30157,29746,30707,30037,29573,29463,29717,29622,30296,30480,30978,29224,31004,31657
1063082,FRA,France,RhÔøΩne,0.00533,43261,43334,43811,43350,44210,44981,45454,46352,47838,49221,50803,51117,50328,50450,52326,52719,54804,55200,57123,54493,56158,56667,56946,56331,56490,57272,58386,60086,62278,62956,58038,61574,62870
1063083,FRA,France,Sarthe,0.00169,28027,28075,28384,28085,28642,29141,29448,30029,30992,31888,32913,32779,33317,33171,34002,33864,33654,34420,35029,34184,33629,34130,34201,34044,34469,33829,34045,34313,34202,34537,32151,34110,34828
1063084,FRA,France,Savoie,0.00487,34167,34225,34602,34238,34917,35526,35900,36609,37783,38875,40124,40975,41937,42224,43616,44352,45593,46236,44819,42741,41895,43951,43304,43123,42959,43272,44345,45673,46616,46917,42951,45568,46527
1063085,FRA,France,SaÔøΩne-et-Loire,0.0042,26655,26700,26994,26710,27240,27715,28007,28559,29475,30327,31302,31178,32186,32765,33866,33287,34056,35056,35388,33431,32727,33621,32986,33038,33590,33148,32741,34041,34513,34644,32772,34768,35500
1063086,FRA,France,Seine-Maritime,0.00364,33191,33247,33613,33259,33919,34510,34874,35562,36702,37763,38977,39077,38934,39416,40280,40515,41043,42321,41758,39943,40972,41611,41752,41701,41664,42003,41071,41375,41026,41104,37714,40012,40854
1063087,FRA,France,Seine-Saint-Denis,0.00681,34223,34281,34658,34294,34974,35583,35958,36668,37844,38938,40189,40253,41260,41250,42301,43149,44425,45514,45580,44056,46701,45824,45738,46028,49950,51042,50883,51528,52080,51943,43931,46607,47588
1063088,FRA,France,Seine-et-Marne,0.00527,28628,28677,28993,28688,29257,29767,30080,30674,31658,32573,33620,32685,34464,34720,35572,35306,36366,37102,38113,37339,36206,38165,38854,37598,37706,37639,37919,38340,38147,39493,34165,36247,37010
1063089,FRA,France,Somme,0.00226,27653,27700,28006,27711,28260,28753,29056,29629,30580,31463,32475,33862,33759,34254,34230,34156,34063,34892,35049,33906,34084,34564,34862,34915,34488,34947,33894,35070,35673,36078,33953,36022,36780
1063090,FRA,France,Tarn,0.00305,23679,23719,23981,23728,24199,24621,24880,25371,26185,26942,27808,28703,29051,29077,30162,30236,30596,30606,30199,29662,29001,29539,29415,28761,29093,28829,29090,30049,30089,30578,29321,31107,31762
1063091,FRA,France,Tarn-et-Garonne,0.0028,24612,24654,24926,24663,25152,25591,25860,26371,27217,28003,28903,28830,29344,29962,31089,31630,31761,31352,29228,28702,27430,28064,28064,27996,28008,28105,28025,29031,29342,29938,28546,30285,30923
1063092,FRA,France,Territoire de Belfort,0.00338,30215,30266,30600,30277,30878,31416,31747,32374,33412,34378,35483,38882,37707,37669,38318,37037,38364,38728,41999,40957,40355,38892,37209,33573,34446,34705,35004,34102,32482,34358,32927,34933,35669
1063093,FRA,France,Val-d'Oise,0.00529,31216,31269,31614,31281,31901,32457,32799,33447,34519,35517,36658,36902,38011,38161,39729,40418,40817,42093,42884,40974,40744,41418,42278,41604,38405,38393,38603,39725,39485,39730,35992,38185,38989
1063094,FRA,France,Val-de-Marne,0.00709,34126,34184,34561,34197,34875,35483,35857,36565,37737,38828,40076,40294,41085,42358,42996,42866,45106,46548,45874,46928,48300,47981,47596,48082,48345,50324,50840,51223,50964,51166,45855,48649,49673
1063095,FRA,France,Var,0.00383,26341,26386,26677,26396,26920,27389,27677,28224,29129,29971,30934,31574,32037,32445,33256,34107,34529,34736,32302,31738,32123,32586,32375,31738,31159,31274,31748,32346,32992,33156,30898,32781,33471
1063096,FRA,France,Vaucluse,0.00526,28534,28582,28897,28593,29160,29668,29981,30573,31553,32465,33509,34031,34868,34574,35242,35322,36101,36318,37787,37031,36843,37777,37826,38347,39438,39243,39601,40742,41127,41752,39443,41846,42727
1063097,FRA,France,VendÔøΩe,0.00428,27603,27650,27954,27660,28208,28700,29002,29575,30523,31406,32415,34162,34236,34313,34166,35037,35735,36240,36045,34343,33501,34797,34702,34348,34553,35013,35595,36389,36874,37315,35428,37586,38377
1063098,FRA,France,Vienne,0.00383,28067,28115,28424,28125,28683,29183,29490,30072,31037,31934,32960,33026,33157,33778,34456,34523,34660,35225,35617,35102,34699,35766,36608,36511,36821,36305,36180,37082,37057,37528,34344,36436,37204
1063099,FRA,France,Vosges,0.00118,27666,27713,28018,27724,28273,28766,29069,29643,30594,31478,32490,33548,33650,33184,33599,32635,32385,32822,32312,31080,30228,31156,30310,30220,30482,30959,30954,32003,32313,32474,30739,32611,33298
1063100,FRA,France,Yonne,0.00206,27208,27255,27555,27265,27805,28290,28588,29152,30087,30957,31952,32500,33187,32385,33400,33429,33644,34748,34187,32835,31708,33000,32800,31884,32220,32268,31140,32788,33255,32904,31494,33413,34117
1063101,FRA,France,Yvelines,0.00319,40905,40974,41425,40989,41802,42531,42979,43827,45233,46540,48036,48477,48473,48087,48085,48988,49287,50851,52295,49637,50778,51837,51323,51853,50872,52173,52621,52988,53252,53704,48267,51208,52286
1067001,GBR,United Kingdom,Aberdeen City and Aberdeenshire,0.0101,36984,36441,36465,37261,38572,39420,40307,42155,43438,43151,44256,46974,47907,47343,48480,49825,54361,58404,61315,57911,58779,58761,60776,63317,64682,61688,56071,55027,54267,53774,46927,51003,53226
1067002,GBR,United Kingdom,Angus and Dundee City,0.00495,23153,22813,22828,23326,24147,24678,25234,26390,27193,27575,29353,30141,30630,31942,32347,32611,33493,33884,33243,31679,31708,32125,32408,32667,33490,33276,33465,33619,34195,35113,31162,33868,35345
1067003,GBR,United Kingdom,Ards and North Down,0.00584,15810,15578,15589,15929,16489,16852,17231,18021,18569,19319,20355,20962,21148,22016,22044,22827,23455,23621,23038,21192,21012,21522,21687,20755,21264,21201,22558,23177,23583,24038,21719,23606,24634
1067004,GBR,United Kingdom,"Armagh City, Banbridge and Craigavon",0.00627,20568,20266,20279,20722,21451,21922,22416,23443,24157,25186,26515,27554,27435,28289,28622,29150,29689,30294,29003,26851,26982,27135,27224,27924,28516,28952,30118,30294,31130,31696,28888,31398,32766
1067005,GBR,United Kingdom,Barking & Dagenham and Havering,0.00219,28273,27858,27877,28485,29487,30135,30814,32226,33207,33532,34103,34225,34009,34793,35310,35548,36786,37511,35929,31996,33427,32835,33812,34346,34692,34378,33565,32824,32702,32966,28607,31091,32447
1067006,GBR,United Kingdom,Barnet,0.0039,28103,27690,27709,28313,29309,29954,30628,32032,33007,34529,35582,35898,36545,37667,38027,38307,39357,39885,37943,34576,35006,34994,36614,36109,37328,37769,38221,37647,37728,37868,34303,37283,38908
1067007,GBR,United Kingdom,"Barnsley, Doncaster and Rotherham",0.00556,20212,19915,19928,20363,21079,21543,22028,23037,23739,23916,24754,25547,26134,26998,27773,27855,28235,29276,28110,26055,26730,26781,27088,27072,27885,28859,28846,29947,29907,30096,27166,29526,30813
1067008,GBR,United Kingdom,"Bath and North East Somerset, North Somerset and South Gloucestershire",0.00488,31626,31161,31182,31863,32984,33709,34468,36048,37145,38324,40048,41706,42531,43559,44295,44399,44628,45096,45038,42820,44097,44080,45101,44750,46734,46394,47292,47330,47966,48573,44186,48025,50118
1067009,GBR,United Kingdom,Bedford,0.00404,29042,28615,28634,29259,30288,30954,31651,33102,34109,35060,35872,36670,37168,37920,38005,39618,39576,39822,40143,37432,36912,36000,36132,36119,37305,37992,38056,39606,39193,40501,36115,39252,40963
1067010,GBR,United Kingdom,Belfast,0.00924,32713,32232,32254,32957,34117,34867,35652,37286,38421,41005,44019,46179,46911,50510,52100,53832,55086,56185,54863,53169,51478,52105,52219,53083,53024,54199,56676,58973,59833,60636,55203,59999,62614
1067011,GBR,United Kingdom,Berkshire,0.00436,50886,50138,50172,51266,53070,54237,55458,58000,59765,63378,66570,66758,67822,70793,70919,72604,72712,73642,72944,69712,69416,70648,71692,71042,72071,72815,72905,73326,75722,77216,71212,77398,80771
1067012,GBR,United Kingdom,Bexley and Greenwich,0.00462,27043,26646,26664,27246,28204,28824,29473,30824,31762,33210,34128,34587,35030,35820,35981,36666,37267,37741,37165,33681,34581,34414,35214,36383,36533,36988,37463,36868,36488,37291,31587,34331,35827
1067013,GBR,United Kingdom,Birmingham,0.00363,27632,27226,27245,27839,28818,29452,30115,31495,32454,33263,34175,35523,35869,36838,37892,38521,38080,38784,37702,35996,36324,35995,35872,36523,37117,37548,38228,38068,38620,38385,35302,38368,40041
1067014,GBR,United Kingdom,Blackburn with Darwen,0.00538,23054,22715,22731,23227,24044,24572,25125,26277,27077,27896,28246,28443,29016,30324,30834,30622,30457,30878,30659,28762,29649,29901,30565,30982,32026,33550,34387,34185,34172,34445,31308,34028,35511
1067015,GBR,United Kingdom,Blackpool,0.0075,19068,18787,18800,19210,19886,20323,20781,21733,22395,23122,23692,24436,25256,26655,27862,28129,28074,28036,27331,25631,26842,26857,26727,26550,27107,28226,29338,30519,31401,33177,29433,31989,33384
1067016,GBR,United Kingdom,Bradford,0.00267,23013,22674,22690,23185,24000,24528,25080,26230,27028,28259,28539,28888,29028,29726,30258,30568,30409,30843,30460,28807,28509,28975,29121,29076,28898,29526,29524,30492,30333,29991,27678,30082,31393
1067017,GBR,United Kingdom,Breckland and South Norfolk,0.00342,22626,22293,22308,22795,23597,24116,24659,25789,26574,27395,28842,29611,30202,30824,30869,31299,32273,32108,31636,30206,30455,30599,30928,30927,31288,31283,31409,31543,30797,31949,29101,31629,33008
1067018,GBR,United Kingdom,Brent,0.00373,31740,31273,31294,31977,33102,33830,34591,36177,37278,39803,41012,41043,41434,41968,41984,42903,43691,43583,41338,36905,37348,37038,38646,39463,41839,43318,43959,43725,42716,44499,40644,44175,46100
1067019,GBR,United Kingdom,Bridgend and Neath Port Talbot,0.00405,23341,22998,23013,23515,24343,24878,25438,26604,27414,27678,28857,28229,28401,28980,29065,29496,30496,30510,29971,27688,29479,29600,29449,30205,30983,31014,31048,31788,32568,34232,29397,31951,33343
1067020,GBR,United Kingdom,Brighton and Hove,0.0074400000000000004,27577,27172,27190,27784,28761,29393,30055,31433,32389,33959,35364,37082,37559,38030,38498,39720,41042,41113,41267,39734,39281,39128,41181,42670,43649,43791,44741,45596,46188,47051,43686,47481,49551
1067021,GBR,United Kingdom,"Bristol, City of",0.00582,32195,31722,31743,32436,33577,34315,35088,36696,37813,39007,40936,43588,44347,45328,46577,45966,46144,48200,47968,47643,48463,47545,48270,47761,48861,49472,51111,53282,51463,52665,48276,52469,54756
1067022,GBR,United Kingdom,Bromley,0.00603,30996,30540,30561,31228,32326,33037,33781,35329,36404,37871,38519,39103,40136,41704,42533,43133,44554,45157,43404,39249,39708,39598,40481,40280,39886,39884,40638,41276,41002,39647,34427,37418,39049
1067023,GBR,United Kingdom,Buckinghamshire CC,0.00212,35396,34875,34899,35660,36915,37726,38576,40344,41572,43049,44778,45583,45809,46799,46210,47161,47038,47709,48044,45486,45446,46051,46125,46140,46394,45974,45746,45445,45966,47905,42479,46169,48181
1067024,GBR,United Kingdom,Caithness & Sutherland and Ross & Cromarty,0.00568,22787,22452,22467,22958,23765,24288,24835,25973,26763,27950,29161,29586,29795,32012,33195,33839,33724,33536,33334,31312,31238,32590,33675,33797,34779,33631,33678,35322,35183,36267,32153,34946,36469
1067025,GBR,United Kingdom,Calderdale and Kirklees,0.00474,22456,22126,22141,22624,23420,23935,24474,25596,26375,27352,27629,27934,27843,28661,29070,29873,30028,30450,29049,27281,27505,27684,27753,27875,29325,30852,30714,32131,32987,32436,29045,31568,32944
1067026,GBR,United Kingdom,Cambridgeshire CC,0.00558,32127,31654,31676,32367,33506,34242,35013,36618,37733,38918,40489,41783,42688,43139,43007,43561,44704,45123,44898,43076,43797,43592,44532,44606,45358,46010,46695,48167,47822,49486,46035,50034,52215
1067028,GBR,United Kingdom,Cardiff and Vale of Glamorgan,0.00584,29351,28920,28939,29571,30611,31284,31988,33454,34473,36297,37682,38527,39588,41124,41546,42245,43052,44334,42024,41010,40480,40916,42022,41814,42121,42733,43965,44393,44282,45243,40760,44300,46231
1067029,GBR,United Kingdom,Central Bedfordshire,0.00284,26414,26026,26043,26612,27548,28153,28787,30107,31023,31614,33283,33670,34161,34468,34025,34660,33981,33882,33771,31176,31763,31770,31684,32694,33556,34132,35310,37003,36508,35282,30088,32702,34127
1067030,GBR,United Kingdom,Central Hampshire,0.0045,33139,32652,32674,33387,34562,35322,36117,37772,38922,39234,40985,42192,42148,42573,43232,43816,43639,44328,44094,41853,43175,43301,43633,43851,44558,46125,46359,47432,47384,48655,42561,46258,48274
1067031,GBR,United Kingdom,Central Valleys,0.00754,18711,18436,18449,18851,19514,19943,20392,21327,21976,22326,23059,23206,24025,24647,25208,25897,26642,26646,26535,26291,27643,28212,28334,28655,29217,28707,29565,29812,29950,29964,27457,29843,31143
1067032,GBR,United Kingdom,Cheshire East,0.00791,33957,33458,33481,34211,35415,36193,37008,38704,39883,41505,42938,48676,48926,46113,49601,51034,52769,52266,49848,47037,48648,49807,51265,51176,53385,54784,58236,57206,57426,58136,52401,56953,59435
1067033,GBR,United Kingdom,Cheshire West and Chester,0.00669,31364,30903,30924,31598,32710,33429,34182,35748,36837,39279,38675,41253,41106,42882,42687,43137,44778,46475,45434,45439,47058,46420,46135,46900,48589,47225,48755,50894,50972,52659,45213,49141,51283
1067034,GBR,United Kingdom,Chorley and West Lancashire,0.00487,22786,22451,22467,22957,23764,24287,24834,25972,26762,27604,28073,28505,29458,30523,31117,30619,30340,30924,30807,29379,30369,30363,30265,29819,30659,31092,32508,32817,33184,34661,30635,33296,34747
1067035,GBR,United Kingdom,Clackmannanshire and Fife,0.00656,22694,22361,22376,22864,23668,24189,24733,25867,26654,26967,27796,28087,28593,29202,29866,30210,31680,32001,32107,29943,30073,29979,30271,30668,31686,32057,32505,32701,32591,33060,30380,33019,34458
1067036,GBR,United Kingdom,Conwy and Denbighshire,0.00597,19507,19220,19233,19653,20344,20791,21259,22234,22910,23112,23869,24384,25186,26008,26699,27090,27494,27213,26536,24701,25415,26081,25786,26817,27292,27617,28268,29479,29699,29632,26584,28893,30152
1067037,GBR,United Kingdom,Cornwall and Isles of Scilly,0.00628,20788,20482,20496,20943,21680,22157,22656,23694,24415,24844,25942,26612,27726,29101,29270,30101,31054,30798,31014,28617,28991,29326,29661,29917,30248,30217,31109,32521,32882,33077,28509,30986,32336
1067039,GBR,United Kingdom,Croydon,0.00459,31222,30763,30784,31456,32562,33278,34027,35587,36670,38407,40077,40686,40804,42208,42723,43661,43874,45638,43399,39759,39071,38142,37381,36978,39425,39115,39211,39539,41411,43081,39084,42479,44330
1067040,GBR,United Kingdom,Darlington,0,30667,30216,30236,30896,31983,32686,33422,34954,36018,36811,39740,41527,43019,44451,46016,44347,43435,41442,41806,38132,38715,39102,38490,37959,41402,43275,40559,39783,39029,37946,33072,35945,37511
1067041,GBR,United Kingdom,Derby,0.00189,33130,32643,32665,33378,34552,35312,36107,37762,38911,40783,42333,43798,44884,45268,47268,49637,49296,49022,46617,44356,44607,46070,45244,45962,44443,44003,43792,43408,45034,45536,41868,45505,47488
1067042,GBR,United Kingdom,Devon CC,0.00458,25949,25567,25585,26143,27063,27658,28280,29576,30477,31435,31947,32387,33142,34063,35600,35815,36423,35933,35588,33772,34825,34737,34966,35370,35990,36593,36585,37656,37529,37820,32524,35350,36890
1067043,GBR,United Kingdom,Dudley,0.00183,22177,21851,21866,22343,23129,23637,24169,25277,26046,26685,27099,27891,28091,28036,28332,28458,28403,28843,28016,25627,26205,26472,26634,26633,26648,26568,26881,27343,27383,27542,24573,26708,27872
1067044,GBR,United Kingdom,Dumfries & Galloway,0.00494,25978,25596,25613,26172,27093,27688,28312,29609,30511,31481,33421,35010,34938,35546,36449,36937,37631,37044,37708,35640,34998,35896,36018,37138,38547,37994,38209,39231,38839,39758,35599,38691,40378
1067045,GBR,United Kingdom,Durham CC,0.00642,19559,19271,19285,19705,20399,20847,21316,22293,22972,23994,24671,25078,25770,26806,28038,28377,29208,29556,29395,28605,28569,27841,27986,27622,27289,27291,26976,27269,28232,28735,25770,28008,29229
1067047,GBR,United Kingdom,East Ayrshire and North Ayrshire mainland,0.00423,19146,18865,18877,19289,19968,20407,20866,21823,22487,23183,24081,24651,24332,24643,25031,26228,27210,27234,27051,25734,26070,26031,26295,26518,27067,27228,27218,28032,27628,27458,24757,26907,28080
1067048,GBR,United Kingdom,East Cumbria,0.00522,29118,28689,28709,29335,30367,31035,31734,33188,34198,34878,36437,36560,37662,39467,39485,39531,41027,41286,41860,39639,40144,39202,39825,40134,41304,42528,42355,43102,42210,44198,37498,40756,42532
1067049,GBR,United Kingdom,East Derbyshire,0.00529,23299,22956,22972,23473,24299,24833,25392,26556,27364,27937,28423,29177,29327,29355,29788,30735,30487,30705,30624,28731,29673,29734,30395,30099,30690,32763,33003,33378,34384,34451,32435,35252,36789
1067050,GBR,United Kingdom,"East Dunbartonshire, West Dunbartonshire and Helensburgh & Lomond",0.00816,17810,17549,17561,17944,18575,18983,19411,20300,20918,21460,22270,23378,23585,24449,25455,26548,27142,27008,27236,25647,25979,26501,26191,26262,27214,27078,27837,29021,29442,29828,29490,32052,33449
1067051,GBR,United Kingdom,East Kent,0.00333,22748,22414,22429,22919,23725,24246,24792,25929,26718,27595,28856,29243,28955,29771,30708,31181,30504,30557,31532,29027,29732,30070,29712,29757,30174,30823,30793,31385,31584,31646,27641,30042,31352
1067052,GBR,United Kingdom,East Lancashire,0.00385,22373,22044,22059,22541,23334,23847,24383,25501,26277,27484,27754,27893,28162,29424,30157,30412,30237,30711,29976,27459,28489,29135,29300,28915,29727,30231,31138,31648,31564,31275,27230,29595,30885
1067053,GBR,United Kingdom,East Lothian and Midlothian,0.00669,18427,18156,18169,18565,19218,19641,20083,21003,21643,21956,22864,23342,23887,24992,25367,25480,26136,26316,25786,24059,24331,24601,24981,26322,27405,27932,28021,28679,29445,29679,26977,29320,30598
1067054,GBR,United Kingdom,East Merseyside,0.00472,24902,24536,24552,25088,25971,26542,27139,28383,29247,30445,31412,32276,32913,34350,34521,34586,35973,35418,35639,34449,35967,35707,34263,35275,36454,37083,37282,37887,37866,38531,33425,36329,37912
1067055,GBR,United Kingdom,East Riding of Yorkshire,0.00456,24903,24537,24553,25089,25972,26543,27140,28384,29248,28822,29772,30521,31747,32651,33718,33852,34469,33971,33020,30654,29843,29447,29546,29825,30767,31722,31782,32806,34011,34605,31155,33861,35337
1067056,GBR,United Kingdom,East Surrey,0.00395,46711,46024,46055,47060,48716,49787,50907,53241,54861,56693,58654,59791,60197,59985,61646,63011,67074,67432,65606,63539,63712,61654,63460,64475,63691,61131,59072,58975,54986,54627,47906,52068,54337
1067057,GBR,United Kingdom,East Sussex CC,0.0033,20730,20426,20439,20885,21620,22095,22593,23628,24348,25299,26133,26812,27208,27423,27192,27566,27806,27816,28386,26510,26840,26710,25955,26066,26793,27454,28213,28404,28131,28489,26233,28512,29754
1067058,GBR,United Kingdom,"Edinburgh, City of",0.00783,42762,42133,42162,43082,44597,45578,46604,48740,50224,50444,53972,57086,60005,63824,66498,68104,69381,70606,68299,68352,66135,64962,65736,66220,66791,66824,69970,72356,72908,73512,64649,70265,73328
1067059,GBR,United Kingdom,Eilean Siar (Western Isles),0.00672,19064,18784,18796,19206,19882,20319,20777,21729,22390,24134,24935,26911,26870,28530,30273,30818,31079,30896,31709,29999,31333,32071,31883,31031,31687,31091,30624,31641,32454,34340,31479,34214,35705
1067060,GBR,United Kingdom,Enfield,0.00542,28787,28364,28384,29003,30023,30683,31374,32812,33811,35065,36243,36953,37454,38829,39471,39924,40907,41805,39848,35030,36154,35585,35917,36052,36916,37982,37769,36780,38267,38945,33790,36725,38326
1067061,GBR,United Kingdom,Essex Haven Gateway,0.00488,23017,22679,22694,23189,24005,24533,25085,26235,27034,26942,28060,29206,29066,30739,30649,30639,30552,30656,30349,28462,29455,29170,29447,29275,30333,31745,33083,35068,34475,33976,29619,32192,33596
1067062,GBR,United Kingdom,Essex Thames Gateway,0.00482,25476,25102,25119,25667,26570,27154,27765,29038,29922,29794,31614,32651,32544,34297,33653,33840,33868,34081,34371,31181,32773,32385,33195,34053,34854,34509,35158,35734,36038,36950,33861,36803,38407
1067063,GBR,United Kingdom,Falkirk,0.00542,29659,29223,29242,29880,30932,31612,32323,33805,34834,34221,35224,35945,36161,37819,38948,39794,40979,40456,41585,39301,39541,38318,37717,38174,38752,39659,39030,39297,40065,41050,37001,40215,41967
1067064,GBR,United Kingdom,Flintshire and Wrexham,0.00537,28271,27855,27874,28482,29484,30132,30811,32223,33204,32948,34351,34398,33987,35032,35767,36226,37296,37275,36597,35027,36612,38613,39272,39884,38918,39816,40361,41113,41718,42100,38634,41991,43821
1067065,GBR,United Kingdom,Glasgow City,0.00662,36391,35856,35880,36663,37953,38787,39661,41479,42741,44140,46065,47999,47864,49708,52658,55215,56755,56925,56707,54330,52291,52640,52351,53657,54384,53973,53316,54652,54675,55856,50564,54956,57352
1067066,GBR,United Kingdom,Gloucestershire,0.00363,32712,32231,32253,32956,34116,34866,35651,37285,38420,39549,40730,42238,42469,43210,43776,44218,43802,44646,44137,42394,44199,43442,43448,43514,44595,44109,43673,45774,45947,47435,42405,46089,48098
1067067,GBR,United Kingdom,Greater Manchester North East,0.0047,20332,20033,20046,20484,21204,21671,22158,23174,23880,24851,25429,26057,26526,26752,27333,27877,28040,28508,27750,26389,26625,26671,27033,27422,27488,28245,28189,28738,28876,29637,25803,28045,29267
1067068,GBR,United Kingdom,Greater Manchester North West,0.00485,21140,20829,20843,21298,22047,22532,23039,24095,24828,25735,26221,27169,27348,27744,28170,28777,29034,29281,28048,26886,26984,26804,27156,28033,28124,29126,29473,30027,30482,29813,27442,29826,31126
1067069,GBR,United Kingdom,Greater Manchester South East,0.00556,22788,22453,22468,22959,23766,24289,24836,25974,26765,28101,29102,29746,30253,30872,31221,31939,32252,32968,32667,31678,31560,31004,31285,31260,31139,31048,31320,32599,33025,32619,29758,32343,33752
1067070,GBR,United Kingdom,Greater Manchester South West,0.00642,34932,34419,34442,35193,36431,37232,38070,39816,41027,42897,44252,46466,47478,48361,49409,50743,51519,52246,50979,48379,48052,47337,48399,50290,51156,52228,51640,52771,54736,55000,49896,54230,56594
1067071,GBR,United Kingdom,Gwent Valleys,0.00485,18740,18465,18477,18880,19545,19974,20424,21360,22010,22045,23039,23045,23267,23926,24450,24847,25257,24907,24160,22775,23431,24340,24234,24710,24811,25196,25551,26264,27024,27615,24179,26279,27425
1067072,GBR,United Kingdom,Gwynedd,0.00486,23053,22714,22730,23226,24043,24571,25124,26276,27076,26956,27831,28323,29623,31135,31673,32937,34222,34038,33306,31112,30630,31324,31679,32562,32190,32290,31733,32711,32734,33207,28024,30459,31786
1067073,GBR,United Kingdom,Hackney and Newham,0.00593,25260,24889,24905,25449,26344,26923,27529,28791,29668,30314,31753,32257,32386,32986,33320,34444,34363,35327,34849,32109,32522,32860,33025,32812,34253,34730,35022,36168,37513,40325,37957,41255,43053
1067074,GBR,United Kingdom,Haringey and Islington,0.0068,44816,44157,44187,45151,46740,47767,48843,51081,52636,54996,59628,60399,60659,61951,63378,65224,65101,69094,68981,64585,65577,66820,66837,68855,71726,72994,71666,70946,72343,71513,64871,70506,73579
1067075,GBR,United Kingdom,Harrow and Hillingdon,0,49886,49152,49186,50259,52027,53171,54368,56860,58590,60887,63022,62770,62459,63596,64059,64077,63186,63934,61096,53525,54759,55325,54800,55508,59087,59122,56871,57794,57493,56899,44617,48493,50606
1067076,GBR,United Kingdom,Hartlepool and Stockton-on-Tees,0.00624,25458,25084,25101,25649,26551,27135,27746,29017,29901,30913,31496,31324,32018,33291,34519,34671,35790,36657,35941,35377,35160,34841,34588,34898,35023,36480,36694,35913,35638,36499,33431,36336,37919
1067077,GBR,United Kingdom,Heart of Essex,0.00514,32380,31904,31926,32622,33770,34512,35289,36907,38030,38106,40121,42267,42245,44376,43809,43632,44198,44797,43534,41734,42194,41487,41701,41464,44236,45416,45514,47463,48274,48715,42943,46674,48708
1067078,GBR,United Kingdom,"Herefordshire, County of",0.00355,25654,25277,25294,25846,26755,27343,27959,29240,30130,31125,32335,32040,32654,32774,31737,31775,31857,31637,31965,29685,29841,30807,31164,31697,32625,32934,32774,33545,34309,34854,30778,33452,34910
1067079,GBR,United Kingdom,Hertfordshire,0.00537,36534,35996,36021,36807,38102,38939,39816,41641,42908,44847,46538,47615,47849,49370,50047,51943,51575,52255,52507,48417,47250,46216,45583,46942,48890,50144,51081,53806,53696,54466,49061,53323,55647
1067080,GBR,United Kingdom,Hounslow and Richmond upon Thames,0.00671,49222,48498,48531,49590,51335,52463,53644,56103,57811,60535,64459,65468,65590,66032,65734,66451,69992,72629,72604,67563,67714,67248,69525,72235,75512,78185,81038,81162,81024,81183,68288,74221,77455
1067081,GBR,United Kingdom,"Inverclyde, East Renfrewshire and Renfrewshire",0.00518,22009,21685,21700,22174,22954,23458,23986,25086,25849,26045,27414,28385,28813,29479,30324,30748,31139,30304,30784,28831,28686,29238,29550,30044,31873,32335,31538,32708,32528,32416,28257,30711,32050
1067082,GBR,United Kingdom,"Inverness & Nairn and Moray, Badenoch & Strathspey",0.00661,27341,26939,26957,27545,28515,29142,29798,31163,32112,32968,33825,34532,34299,36107,37477,38161,38651,39077,39902,37874,39295,40305,39720,41006,41186,41554,41076,43406,43810,43593,32855,35709,37265
1067083,GBR,United Kingdom,Isle of Anglesey,0.00583,17792,17530,17542,17925,18555,18963,19390,20279,20896,21105,21839,22398,22590,24102,26271,26105,26104,25649,24956,22468,22353,23414,23531,23248,23137,24046,25127,25651,26646,27711,22195,24123,25175
1067084,GBR,United Kingdom,Isle of Wight,0.00659,19595,19307,19320,19742,20436,20885,21356,22334,23014,23502,24312,24613,25513,25949,26690,26692,27177,27167,27459,25798,26621,27289,27588,29011,29866,30355,29682,30275,30152,31460,28759,31257,32619
1067085,GBR,United Kingdom,Kensington & Chelsea and Hammersmith & Fulham,0.01013,50076,49340,49373,50450,52225,53374,54575,57077,58814,60619,62691,62560,62748,63510,64936,66257,65837,71045,73556,68240,69504,72478,79312,85046,90017,92121,91704,93416,98585,97956,87295,94878,99013
1067086,GBR,United Kingdom,Kent Thames Gateway,0.00405,28946,28521,28540,29163,30189,30852,31547,32993,33997,34524,34781,35460,36759,37771,37755,37714,37030,37305,37848,33952,34880,34891,34998,35250,36546,37901,39448,38146,38502,40555,36823,40022,41767
1067087,GBR,United Kingdom,"Kingston upon Hull, City of",0.00872,23457,23112,23128,23633,24464,25002,25565,26737,27550,28411,30399,31685,33120,34655,34559,34882,36855,37556,39736,38462,36786,35055,35164,34660,34561,35657,36077,36702,37164,37015,33068,35940,37507
1067088,GBR,United Kingdom,Lambeth,0.00881,35411,34890,34914,35676,36931,37743,38592,40361,41590,43692,47013,48712,48273,49958,51363,53913,52862,56928,57681,53977,57043,58791,57925,53497,58790,59652,60783,60886,60935,59083,52654,57228,59722
1067089,GBR,United Kingdom,Lancaster and Wyre,0.00499,21188,20876,20890,21346,22097,22583,23091,24150,24885,25364,25106,25215,26222,28197,28991,29747,30194,30420,30084,26956,26949,27155,27764,28445,28803,30843,30276,29775,29814,30390,26199,28475,29716
1067090,GBR,United Kingdom,Leeds,0.00851,34348,33843,33866,34604,35822,36610,37434,39150,40341,42583,43802,44791,45727,48283,49930,51393,52569,53980,51623,49806,49996,50027,50227,50084,50442,51527,50776,51212,52923,53154,47717,51863,54123
1067091,GBR,United Kingdom,Leicester,0.00471,26521,26132,26149,26720,27660,28268,28904,30229,31149,31999,33874,34484,34509,35662,36689,36560,37303,37795,37123,35351,36174,35826,35920,36438,38202,38654,38852,38298,38674,39124,36176,39318,41032
1067092,GBR,United Kingdom,Leicestershire CC and Rutland,0.00605,28661,28240,28259,28876,29891,30549,31236,32668,33662,33959,35387,35810,36120,37378,38093,38348,39561,40201,40307,37863,38963,37539,37901,38464,39259,39806,39929,40166,40629,40133,34975,38013,39670
1067093,GBR,United Kingdom,Lewisham and Southwark,0.00902,34078,33577,33600,34333,35541,36322,37140,38842,40024,41408,44777,45517,45911,47377,48576,50729,50639,53649,53694,51034,52786,56179,57218,56574,54896,56834,57683,57642,59781,61054,53882,58562,61115
1067094,GBR,United Kingdom,Lincolnshire,0.00366,24486,24126,24143,24669,25537,26099,26686,27909,28759,28838,29873,31193,31694,32334,30904,31055,31890,32223,32422,30219,30609,30657,31139,31944,32374,32323,31880,33170,33869,34519,30378,33016,34455
1067095,GBR,United Kingdom,Liverpool,0.00688,26189,25804,25821,26384,27313,27913,28542,29850,30758,32374,34404,36230,37460,39991,41284,42075,44318,43160,43708,44125,44065,43475,41803,41462,42654,42672,42145,42640,42424,44377,39709,43158,45039
1067096,GBR,United Kingdom,"Lochaber, Skye & Lochalsh, Arran & Cumbrae and Argyll & Bute",0.00876,22650,22317,22332,22820,23622,24142,24685,25817,26602,28257,29554,31197,31267,33475,35323,36922,37165,36751,37055,35145,34706,35001,35606,35673,35920,36102,36944,39439,38863,40118,39569,43006,44880
1067097,GBR,United Kingdom,Luton,0.00389,31353,30892,30913,31587,32699,33418,34170,35736,36824,37731,40753,41906,41918,42989,42782,43325,43042,44277,44369,39740,39416,38520,37940,40609,43676,44654,44109,45505,44891,45506,35977,39102,40806
1067098,GBR,United Kingdom,Manchester,0.0073,41862,41247,41275,42175,43659,44619,45623,47714,49167,51299,51836,54615,56040,56790,58604,60259,61400,62453,60762,59853,60001,58631,59723,59212,59975,61251,62830,66212,66639,69524,62638,68080,71047
1067099,GBR,United Kingdom,Medway,0.00653,21838,21517,21531,22001,22775,23276,23800,24891,25648,25989,26173,26781,27446,28444,29110,30061,30482,30817,31282,29321,30133,30212,30999,31083,31044,31366,32100,32952,33176,34469,32382,35195,36729
1067100,GBR,United Kingdom,"Merton, Kingston upon Thames and Sutton",0.00288,32866,32383,32405,33112,34277,35030,35819,37461,38601,40122,41572,41718,41780,42890,43560,44288,44800,46088,44671,40065,40340,40329,40858,40729,42374,42007,43401,42654,42176,42496,36809,40007,41751
1067101,GBR,United Kingdom,Mid Kent,0.00386,30175,29732,29752,30401,31471,32162,32886,34394,35441,36027,36793,37487,37893,38549,39124,39685,39691,40112,40345,36939,37792,37716,37452,37400,38459,39272,39395,39467,40291,41719,37580,40845,42625
1067102,GBR,United Kingdom,Mid Lancashire,0.00245,37873,37316,37341,38156,39498,40367,41275,43167,44481,46084,47655,48811,49424,51818,53356,53185,52001,53044,51342,47471,47886,47738,48110,48223,48691,50768,51838,52446,50212,49807,44902,48803,50930
1067103,GBR,United Kingdom,Milton Keynes,0.006,50971,50221,50255,51352,53158,54327,55550,58096,59865,60811,62975,65079,67187,70257,67942,68568,69277,70191,68419,63162,64401,64201,63952,65686,70803,76854,74004,77436,78560,78357,71582,77800,81191
1067104,GBR,United Kingdom,Monmouthshire and Newport,0.00388,27531,27127,27145,27737,28713,29344,30005,31380,32335,33549,35608,35827,35915,37486,38350,38542,39210,39547,37433,35314,36062,36433,36707,35870,35752,36806,38064,38300,40555,40559,35157,38211,39877
1067105,GBR,United Kingdom,"Newry, Mourne and Down",0.00629,19017,18737,18750,19159,19833,20269,20726,21676,22335,23301,25016,25607,25573,26527,26810,27425,27943,27728,27137,25046,24829,25544,26005,26437,27440,27679,28542,28947,29190,30151,27442,29826,31126
1067106,GBR,United Kingdom,North Hampshire,0.00519,42835,42205,42234,43155,44674,45656,46683,48823,50309,50608,54062,56269,58310,58302,59394,60279,59672,61357,61150,59020,60556,60424,60081,61457,60556,60531,61474,62938,65739,70135,64019,69580,72612
1067107,GBR,United Kingdom,North Lanarkshire,0.00688,23907,23556,23572,24086,24933,25482,26055,27249,28079,28118,28983,30194,30589,31425,32308,33156,33818,33346,34053,31903,31816,32100,32282,32814,35645,35663,35845,37599,37992,38564,34867,37895,39547
1067108,GBR,United Kingdom,North Northamptonshire,0.00214,26896,26500,26518,27097,28050,28667,29312,30656,31589,31866,32781,32611,31984,32896,33143,33018,33263,33628,33270,30691,31935,30997,31731,31968,32689,33070,33072,33057,33725,33538,30232,32858,34290
1067109,GBR,United Kingdom,North Nottinghamshire,0.00325,24759,24395,24412,24944,25822,26390,26984,28221,29080,29747,30080,30269,30696,30880,31358,31775,31953,32072,31472,29595,30226,30556,31002,31072,31014,31685,31787,31888,32271,32853,29735,32318,33727
1067110,GBR,United Kingdom,North Yorkshire CC,0.00478,27580,27175,27193,27786,28764,29396,30058,31436,32393,32718,33860,34731,36573,37476,37868,37998,38554,39434,38684,36426,36256,37034,36889,37431,37653,37989,38804,40422,40084,40657,36226,39373,41089
1067111,GBR,United Kingdom,North and North East Lincolnshire,0.0062,26515,26125,26143,26713,27653,28261,28897,30222,31142,31026,32150,32977,33039,35022,35921,36416,35608,38085,38429,35021,35816,34152,33465,33912,34607,36820,36702,38179,37259,40578,36399,39561,41285
1067112,GBR,United Kingdom,North and West Norfolk,0.00219,22970,22633,22648,23142,23956,24483,25034,26182,26978,27594,28755,29201,29812,30377,29780,30365,30563,30484,30625,29327,29449,29628,30034,30105,30383,30268,30593,30742,30297,30714,27726,30135,31448
1067113,GBR,United Kingdom,Northern Ireland,0.00641,24781,24417,24433,24966,25845,26413,27007,28245,29105,30393,32252,33049,33367,34930,35412,36283,37347,37308,36357,34782,33800,33765,34313,34248,34587,35320,36167,36806,37040,37710,35150,38203,39868
1067114,GBR,United Kingdom,Northern Ireland,0.00641,24781,24417,24433,24966,25845,26413,27007,28245,29105,30393,32252,33049,33367,34930,35412,36283,37347,37308,36357,34782,33800,33765,34313,34248,34587,35320,36167,36806,37040,37710,35150,38203,39868
1067115,GBR,United Kingdom,Northern Ireland,0.00641,24781,24417,24433,24966,25845,26413,27007,28245,29105,30393,32252,33049,33367,34930,35412,36283,37347,37308,36357,34782,33800,33765,34313,34248,34587,35320,36167,36806,37040,37710,35150,38203,39868
1067116,GBR,United Kingdom,Northern Ireland,0.00641,24781,24417,24433,24966,25845,26413,27007,28245,29105,30393,32252,33049,33367,34930,35412,36283,37347,37308,36357,34782,33800,33765,34313,34248,34587,35320,36167,36806,37040,37710,35150,38203,39868
1067117,GBR,United Kingdom,Northern Ireland,0.00641,24781,24417,24433,24966,25845,26413,27007,28245,29105,30393,32252,33049,33367,34930,35412,36283,37347,37308,36357,34782,33800,33765,34313,34248,34587,35320,36167,36806,37040,37710,35150,38203,39868
1067118,GBR,United Kingdom,Northern Ireland,0.00641,24781,24417,24433,24966,25845,26413,27007,28245,29105,30393,32252,33049,33367,34930,35412,36283,37347,37308,36357,34782,33800,33765,34313,34248,34587,35320,36167,36806,37040,37710,35150,38203,39868
1067119,GBR,United Kingdom,Northern Ireland,0.00641,24781,24417,24433,24966,25845,26413,27007,28245,29105,30393,32252,33049,33367,34930,35412,36283,37347,37308,36357,34782,33800,33765,34313,34248,34587,35320,36167,36806,37040,37710,35150,38203,39868
1067120,GBR,United Kingdom,Northumberland,0.00378,20616,20313,20327,20770,21501,21973,22468,23498,24213,24154,24563,25156,26335,26587,27620,27910,28353,28316,28084,26518,27143,27119,26996,26606,27015,27260,27743,27944,27987,28866,25419,27627,28831
1067121,GBR,United Kingdom,Norwich and East Norfolk,0.00762,25194,24824,24840,25382,26275,26853,27458,28716,29590,30266,31885,32700,33371,34366,34858,35519,37251,37503,37716,37252,37237,36762,37813,38829,38871,38996,38808,40782,39080,42879,37096,40318,42075
1067122,GBR,United Kingdom,Nottingham,0.00493,32028,31558,31579,32268,33403,34138,34906,36506,37617,39211,40144,42333,43603,44826,47107,47563,48848,49070,48578,46285,46916,47282,47548,46784,48644,48436,48325,48970,48833,48435,44215,48056,50151
1067123,GBR,United Kingdom,Orkney Islands,0.00452,27820,27411,27430,28028,29014,29652,30319,31709,32674,34685,36870,38607,37956,40299,43003,44808,43536,43701,44848,43256,43273,45253,45393,42704,42924,43825,42004,41386,38467,40013,34036,36993,38605
1067124,GBR,United Kingdom,Oxfordshire,0.00461,36464,35928,35952,36737,38029,38865,39740,41562,42827,43864,45428,45911,47478,48438,47565,48013,47814,48640,49542,46766,47798,48188,48896,49548,51104,52126,50695,50789,51952,53901,49437,53731,56073
1067125,GBR,United Kingdom,Perth & Kinross and Stirling,0.00635,31600,31136,31157,31836,32956,33681,34439,36018,37114,36356,36899,38003,39222,40995,41640,42414,44495,45284,43719,43357,41740,41682,43404,44982,45394,45778,44725,45365,44592,45435,39824,43284,45170
1067126,GBR,United Kingdom,Peterborough,0.00326,40872,40271,40298,41177,42626,43563,44544,46586,48004,49694,49883,51446,51054,51393,52876,55978,59003,57764,54284,47989,48277,48320,48135,46555,48756,46854,48620,52001,54344,50447,46180,50191,52379
1067127,GBR,United Kingdom,Plymouth,0.00488,23006,22668,22684,23178,23994,24521,25073,26223,27021,28473,28899,30101,30459,31430,33533,33419,34171,33625,33707,32084,33110,33475,33885,33981,34200,34819,35104,35657,35886,36179,32152,34945,36468
1067128,GBR,United Kingdom,Portsmouth,0.0071,29888,29448,29468,30111,31171,31856,32573,34066,35103,35991,37599,38920,40167,40816,41978,42548,42575,44460,45601,43679,43841,43524,44807,45069,45832,45005,44022,45642,45278,47537,43671,47465,49533
1067129,GBR,United Kingdom,Powys,0.00416,20663,20359,20373,20817,21550,22023,22519,23551,24268,24642,25913,26686,26881,28302,28553,28405,28419,28658,26870,25710,26206,26737,27144,27299,27852,28648,28929,28545,29001,28822,25912,28163,29391
1067131,GBR,United Kingdom,Sandwell,0.00231,26072,25689,25706,26267,27191,27789,28415,29717,30622,30875,31195,31530,31884,32384,32384,32438,32644,32110,31312,29423,29357,28544,28783,28811,30472,31226,31852,32426,33135,31703,29100,31628,33006
1067132,GBR,United Kingdom,Scottish Borders,0.00397,24943,24577,24593,25130,26014,26586,27184,28430,29296,29056,29751,30459,30726,31210,30922,31639,32261,31809,31944,30180,30104,30700,30903,31452,33655,33483,33209,33680,34620,34734,31965,34742,36256
1067133,GBR,United Kingdom,Sefton,0.00623,16011,15776,15787,16131,16699,17066,17450,18250,18805,19962,20575,21523,22460,23421,24043,24175,24996,24829,24924,24427,25047,24464,23708,23856,24380,24775,25327,25822,26267,26303,24242,26347,27496
1067134,GBR,United Kingdom,Sheffield,0.00546,25198,24827,24844,25386,26279,26857,27461,28720,29594,29751,31018,33084,34367,35794,36734,37034,37669,38806,36809,35531,35695,35918,35919,35872,36033,36481,35851,35754,35336,35905,33016,35884,37448
1067135,GBR,United Kingdom,Shetland Islands,0.00947,33612,33118,33140,33863,35055,35825,36632,38311,39477,40899,40876,42891,42890,44085,47180,48085,48746,48358,50022,51881,51136,53896,53273,54451,57246,53121,50823,53642,52229,54186,48513,52728,55026
1067136,GBR,United Kingdom,Shropshire CC,0.00267,24884,24518,24535,25070,25952,26522,27119,28363,29226,29291,29956,30514,31353,32122,32531,32986,32850,32605,32963,30493,30840,31049,30968,31598,32201,32156,32409,32502,33161,32464,28915,31427,32797
1067137,GBR,United Kingdom,Solihull,0.00634,41632,41020,41048,41943,43419,44374,45372,47452,48897,49276,51960,53724,52997,53516,53413,54014,53493,54084,51965,47328,50697,51129,51843,52582,54042,58626,64253,68681,69239,69492,60209,65439,68291
1067138,GBR,United Kingdom,Somerset,0.00324,26025,25643,25660,26220,27143,27739,28364,29664,30567,31790,33061,32804,32958,33402,34113,34967,35439,34983,34831,33051,33363,33431,33256,32853,34245,34249,34089,35717,36115,36064,32110,34899,36420
1067139,GBR,United Kingdom,South Ayrshire,0.00405,24720,24356,24373,24904,25781,26348,26941,28176,29033,29545,31656,32616,33204,33687,34751,35785,36469,35443,35704,34266,35073,34984,34519,33729,34960,35354,35226,36278,36339,36206,31042,33738,35209
1067140,GBR,United Kingdom,South Hampshire,0.00482,28137,27724,27743,28348,29345,29990,30665,32071,33047,32886,34316,35292,35886,35922,36572,37184,37347,38001,38080,35865,37468,37776,38404,38545,39671,39823,40501,41110,39407,39859,35451,38530,40210
1067141,GBR,United Kingdom,South Lanarkshire,0.00778,23548,23202,23218,23724,24559,25099,25664,26840,27657,27991,28498,29438,29957,30917,31460,32809,34265,33856,34648,32933,32577,32652,33070,33914,34627,34576,34503,35858,35288,35144,31451,34183,35673
1067142,GBR,United Kingdom,South Nottinghamshire,0.00459,21818,21497,21512,21981,22754,23255,23778,24868,25625,26395,26616,27145,27234,27296,27979,28767,29051,29603,29420,27836,28394,28395,29114,29456,29183,29828,29967,30223,31444,31626,29024,31546,32921
1067143,GBR,United Kingdom,South Teesside,0.00429,20138,19842,19855,20288,21002,21464,21947,22953,23652,24275,25000,24766,25112,26535,27223,27830,28150,28244,28560,27792,27972,28029,28036,27419,27884,28610,28364,27813,28835,28792,25576,27798,29010
1067144,GBR,United Kingdom,South West England,0.00463,28425,28007,28026,28637,29645,30297,30979,32399,33385,34352,35437,36532,37146,38012,38847,39269,39819,40021,40104,38547,38867,38433,38702,38766,39764,39875,40222,41253,41349,41905,38498,41843,43666
1067145,GBR,United Kingdom,South West England,0.00463,28425,28007,28026,28637,29645,30297,30979,32399,33385,34352,35437,36532,37146,38012,38847,39269,39819,40021,40104,38547,38867,38433,38702,38766,39764,39875,40222,41253,41349,41905,38498,41843,43666
1067146,GBR,United Kingdom,South West Wales,0.00555,20905,20598,20612,21062,21803,22282,22784,23828,24553,24201,24702,25662,25826,26870,28636,28498,28425,29078,28234,25761,26370,26593,26996,28042,28052,30185,30374,30733,30618,31749,28017,30451,31778
1067147,GBR,United Kingdom,South and West Derbyshire,0.00404,24885,24519,24536,25071,25953,26523,27120,28364,29227,29507,29354,29598,29889,30302,30820,31812,31276,31104,30959,28128,29727,30317,31265,31825,32177,32179,33064,33004,33810,35029,31679,34431,35931
1067148,GBR,United Kingdom,Southampton,0.00669,30524,30076,30096,30752,31834,32534,33267,34792,35851,36215,37027,38034,39604,40901,43567,44416,43919,45034,45374,44928,45615,47729,47325,46889,47171,49115,47416,48072,47641,46354,38522,41868,43693
1067149,GBR,United Kingdom,Southend-on-Sea,0.00401,19398,19112,19125,19543,20230,20675,21140,22109,22782,23641,24697,26041,26598,27926,28545,28614,29305,29495,29076,27706,27706,27277,27272,27126,27660,27544,27839,28990,29114,27730,23812,25880,27008
1067150,GBR,United Kingdom,Staffordshire CC,0.00351,25786,25407,25424,25978,26892,27484,28102,29390,30285,30501,31108,31603,32468,33255,34018,34380,34262,34061,34073,31122,32294,32743,32368,32760,33125,34029,34297,34931,35093,35150,30952,33641,35107
1067151,GBR,United Kingdom,Stoke-on-Trent,0.00595,23430,23086,23101,23605,24436,24973,25535,26706,27519,27689,28313,28921,29720,30652,31930,32488,32810,33018,33744,32188,32369,32866,33062,33650,33589,33868,33263,34605,36077,36416,33598,36516,38108
1067152,GBR,United Kingdom,Suffolk,0.00425,28485,28067,28086,28698,29708,30361,31045,32468,33456,34540,36090,36979,37597,38202,38408,39210,40277,40002,39283,37078,37264,37292,37787,38297,38592,38943,39536,40188,40058,41345,36573,39750,41482
1067153,GBR,United Kingdom,Sunderland,0.00761,24591,24229,24246,24775,25646,26210,26800,28029,28882,28438,29694,31082,32630,33459,35713,36552,37404,37013,36908,36304,36085,36170,36607,39007,39776,40225,39912,40971,40276,41466,35823,38935,40632
1067154,GBR,United Kingdom,Swansea,0.00633,23480,23135,23150,23655,24488,25026,25589,26762,27577,28002,29053,30378,30860,31941,33334,34201,34592,34853,34538,33406,32874,33224,33085,33195,35190,34322,35121,35909,37174,37486,33443,36349,37933
1067155,GBR,United Kingdom,Swindon,0.00838,44435,43781,43811,44767,46342,47361,48427,50647,52188,53201,54739,58902,60051,62435,63011,64130,65942,69583,69627,66551,65511,63030,61633,61819,65406,67622,67458,66868,69001,69355,60065,65283,68128
1067156,GBR,United Kingdom,Telford and Wrekin,0.0033,30897,30442,30463,31128,32223,32931,33673,35216,36288,36828,36724,37532,37308,37866,38746,38713,38648,38349,38215,35738,36363,36912,37219,37960,38135,37990,40286,40555,40817,41532,38231,41552,43363
1067157,GBR,United Kingdom,Thurrock,0.00232,31131,30674,30694,31364,32467,33181,33928,35483,36563,35434,35457,36929,36112,39671,39823,40593,40481,40611,39466,37279,37870,35512,35562,34149,35805,37467,36975,40224,40909,40584,36548,39723,41454
1067158,GBR,United Kingdom,Torbay,0.00344,19488,19201,19214,19633,20324,20771,21239,22212,22888,23920,24036,24341,24534,25131,27027,27358,27939,27918,27570,25789,26380,26246,25634,25924,25841,25466,25253,25118,24307,24814,22067,23984,25029
1067159,GBR,United Kingdom,Tower Hamlets,0.00884,119936,118173,118254,120833,125085,127834,130712,136704,140865,139337,153530,150719,150701,154057,161685,174332,182883,193305,191537,187050,183670,192853,181823,180383,181128,175878,179385,186842,175951,166133,152183,165402,172611
1067160,GBR,United Kingdom,Tyneside,0.00452,25116,24747,24764,25304,26195,26770,27373,28628,29499,29666,30624,32325,33885,34732,36776,37732,38270,37965,37051,34907,35739,36453,37044,35892,36242,37100,37214,38019,37899,38533,33569,36485,38075
1067161,GBR,United Kingdom,Wakefield,0.00424,26683,26291,26308,26882,27828,28440,29080,30413,31339,32574,33456,34205,34479,35316,35642,36146,36223,36371,35752,33954,33264,33388,33608,33859,33444,34943,35522,35996,37201,37667,33842,36782,38385
1067162,GBR,United Kingdom,Walsall,0.00269,21582,21265,21280,21744,22509,23004,23522,24600,25349,25754,26181,26659,26721,27187,27605,27845,27478,27687,27060,24728,25457,26353,26355,27213,28337,28370,28940,28676,28267,27572,23939,26019,27153
1067163,GBR,United Kingdom,Wandsworth,0.00608,25624,25247,25265,25816,26724,27312,27926,29206,30095,32022,33554,34534,34988,35210,35434,36415,36489,38217,37778,34695,34823,35483,37136,38064,39880,41610,41348,39768,39851,39273,34680,37692,39335
1067164,GBR,United Kingdom,Warrington,0.00632,38562,37995,38020,38850,40217,41101,42026,43953,45290,45622,47582,51133,51989,52465,52962,54578,55105,56176,53373,49220,49625,49405,49676,50883,52747,54649,56131,59124,58144,60427,55253,60053,62670
1067165,GBR,United Kingdom,Warwickshire,0.00685,32624,32144,32166,32867,34024,34772,35555,37184,38316,40660,42118,41875,41841,42930,43349,44153,44922,44329,44002,40716,42098,43204,44753,47122,48973,51246,51444,55685,55843,54857,46807,50873,53090
1067166,GBR,United Kingdom,West Cumbria,0.00482,25979,25597,25614,26173,27094,27689,28313,29610,30512,31482,29486,28880,29801,30639,30455,31596,32763,32565,34156,32421,33308,32701,33479,34221,35684,36161,35260,35195,34862,34995,30788,33462,34921
1067167,GBR,United Kingdom,West Essex,0.00305,32357,31881,31903,32599,33745,34487,35264,36880,38003,38974,40391,42120,43171,45911,46038,46096,46617,47103,45639,42352,43672,42139,40991,40930,41246,43052,44406,46233,46340,45121,37725,41002,42789
1067168,GBR,United Kingdom,West Kent,0.00557,35545,35023,35046,35811,37071,37886,38739,40514,41748,42814,43557,44329,44584,45302,46146,47895,47762,47876,47749,44697,45819,46270,46494,47098,47145,49159,51234,52022,53027,54080,49401,53692,56033
1067169,GBR,United Kingdom,West Lothian,0.00446,30380,29933,29954,30607,31684,32381,33109,34627,35681,36198,36276,36489,37330,38268,39353,39430,40308,40735,40428,37304,37973,38933,38915,37491,38690,40368,40000,41117,42171,42337,39289,42702,44563
1067170,GBR,United Kingdom,West Northamptonshire,0.00575,32171,31698,31719,32411,33552,34289,35061,36668,37784,37959,40319,40708,40837,41444,42184,42781,44517,45513,44636,41832,43133,42910,42346,43992,44799,45493,45945,47442,49092,49212,44347,48199,50300
1067171,GBR,United Kingdom,West Surrey,0.00547,41616,41004,41032,41927,43402,44356,45355,47434,48877,51096,53880,54735,54856,55523,55325,56027,57687,57755,58109,55324,56294,55551,56049,57055,59046,60592,60242,60985,62027,64164,60054,65271,68116
1067172,GBR,United Kingdom,West Sussex (North East),0.0023,38644,38076,38101,38933,40302,41188,42116,44046,45387,47023,48066,47778,48701,48975,48004,47652,48661,49350,50357,47010,48302,47957,48412,47817,48282,50024,50754,51496,52159,52080,43665,47458,49526
1067173,GBR,United Kingdom,West Sussex (South West),0.0049,26269,25883,25900,26465,27396,27999,28629,29941,30853,32817,33975,34276,35527,36216,35532,35275,35759,36022,36652,34077,35102,34906,35301,35390,35162,36140,37095,38687,39071,39574,36184,39327,41041
1067175,GBR,United Kingdom,Wiltshire CC,0.00291,28319,27903,27922,28531,29535,30184,30864,32279,33261,34523,35769,37498,37587,37895,38387,38285,38043,38666,38388,36462,37674,37716,38361,38437,39835,38989,38884,39128,39612,40023,36407,39569,41294
1067176,GBR,United Kingdom,Wirral,0.00543,17080,16829,16840,17208,17813,18205,18615,19468,20060,21360,22005,22941,23667,24752,25684,25429,26097,25830,25760,25005,25497,25375,25144,25264,25677,26710,26064,26802,26721,27671,25915,28167,29394
1067177,GBR,United Kingdom,Wolverhampton,0.00236,24733,24370,24386,24918,25795,26362,26955,28191,29049,30056,30909,31960,32172,32435,32900,33451,33346,33587,32838,30158,30554,31076,30209,29888,29669,28834,29973,31194,32228,32207,28513,30989,32340
1067178,GBR,United Kingdom,Worcestershire,0.00536,26208,25822,25840,26404,27333,27933,28562,29871,30781,31841,33032,33067,32815,33876,34823,34789,35825,34813,34970,33328,34065,35133,36481,36986,38010,37974,37543,39186,39509,39704,35575,38665,40351
1067179,GBR,United Kingdom,York,0.00193,34799,34287,34310,35059,36292,37090,37925,39663,40871,42110,43609,44945,46932,48401,50617,50302,49037,50216,48511,45178,45780,46101,46073,45212,45428,45424,46133,47904,48006,47090,41092,44662,46608
1068001,GEO,Georgia,Abkhazia,0.02703,7311,5718,3121,2185,1984,2110,2425,2758,2904,3038,3143,3333,3534,3936,4173,4584,5027,5668,5802,5619,5991,6467,6400,7320,7727,7895,8843,9119,9742,11695,12263,13199,14541
1068002,GEO,Georgia,Ajaria,0.02778,10757,8413,4591,3215,2920,3104,3568,4058,4273,4471,4624,4904,5199,5791,6140,6745,7396,8339,8536,8267,8814,9515,10454,12921,13023,12664,14462,15750,14720,16004,16697,15941,17561
1068003,GEO,Georgia,Guria,0.02598,7766,6074,3315,2321,2108,2241,2576,2929,3085,3227,3338,3540,3754,4181,4433,4869,5339,6021,6163,5969,6363,6870,7174,7932,9200,8710,8959,9698,9625,9621,9066,9469,10431
1068004,GEO,Georgia,Imereti,0.02613,7760,6069,3312,2319,2106,2239,2573,2927,3082,3225,3335,3537,3751,4177,4429,4865,5335,6016,6157,5964,6358,6864,7266,7797,7768,7853,9706,9071,10701,11708,10175,11329,12480
1068005,GEO,Georgia,Kakheti,0.02839,6494,5079,2772,1941,1763,1874,2154,2450,2580,2699,2792,2961,3139,3496,3707,4072,4465,5035,5153,4991,5321,5745,6232,6418,8226,8683,8235,9024,10147,10413,9519,10620,11699
1068006,GEO,Georgia,Kvemo Kartli,0.02229,9742,7619,4158,2912,2644,2811,3231,3675,3870,4049,4188,4441,4709,5245,5561,6108,6698,7553,7731,7488,7983,8618,9165,8612,8439,8969,8702,9326,11564,11259,9985,11738,12931
1068007,GEO,Georgia,Mtskheta-Mtianeti,0.03077,9185,7184,3920,2745,2493,2650,3046,3465,3649,3817,3948,4187,4440,4945,5243,5759,6315,7121,7289,7059,7526,8125,8791,10887,10980,13102,14106,12740,14613,16020,15027,18003,19832
1068008,GEO,Georgia,Racha-Lechkhumi-Kvemo Svaneti,0.02703,7311,5718,3121,2185,1984,2110,2425,2758,2904,3038,3143,3333,3534,3936,4173,4584,5027,5668,5802,5619,5991,6467,6400,7320,7727,7895,8843,9119,9742,11695,12263,13199,14541
1068009,GEO,Georgia,Samegrelo-Zemo Svaneti,0.02369,9377,7333,4002,2803,2545,2705,3110,3537,3725,3897,4031,4275,4532,5048,5352,5879,6447,7269,7441,7207,7683,8294,8488,8134,9894,9624,10127,10281,11150,10590,10734,13290,14641
1068010,GEO,Georgia,Samtskhe-Javakheti,0.02468,10359,8102,4421,3096,2812,2989,3436,3907,4115,4305,4453,4722,5007,5577,5913,6495,7122,8031,8220,7962,8488,9163,9156,9048,11157,12458,10019,11664,12024,12591,12648,14708,16203
1068011,GEO,Georgia,Shida Kartli,0.0273,7485,5854,3195,2237,2031,2160,2482,2823,2973,3111,3217,3412,3618,4029,4272,4693,5146,5802,5939,5752,6133,6621,7710,8727,9663,10318,9601,9499,7551,9490,8992,11215,12355
1068012,GEO,Georgia,Tbilisi,0.02321,24351,19044,10393,7278,6609,7026,8076,9185,9673,10120,10467,11101,11770,13109,13900,15268,16741,18878,19323,18715,19953,21540,23205,23416,23431,23655,24086,26049,26065,27362,24932,26773,29494
1075001,GRC,Greece,Achaea,0.00394,20822,21224,21221,20770,21091,21445,21967,22844,23609,24246,25100,25843,27142,28580,30295,30276,33392,33819,32697,30195,29427,25538,23746,22185,22598,22457,22176,22295,22680,23348,21725,23824,25481
1075002,GRC,Greece,Aetolia-Acarnania,0.00461,16391,16707,16705,16350,16603,16881,17292,17983,18584,19086,19758,20885,21906,23223,25302,25791,26316,26380,25764,24390,23330,20996,20400,20725,20362,20221,20035,19627,20524,20683,19711,21615,23119
1075003,GRC,Greece,"Andros, Thira, Kea, Milos, Mykonos, Naxos, Paros, Syros, Tinos",0.0041,32001,32618,32614,31922,32415,32958,33761,35109,36283,37264,38575,38364,38390,42174,45847,49104,48573,51209,51295,46591,44070,38976,34250,37763,39045,37680,36357,36759,38135,39526,32153,35260,37712
1075004,GRC,Greece,"Argolida, Arcadia",0.00494,22441,22873,22871,22385,22731,23112,23675,24620,25444,26131,27051,28000,29177,30350,30966,31424,33400,34289,33371,32393,31033,28104,26981,27153,27234,28042,28076,28718,28697,30024,28129,30848,32993
1075005,GRC,Greece,"Arta, Preveza",0.0039,17023,17351,17349,16980,17242,17532,17958,18676,19300,19822,20519,20597,21758,23218,22452,22733,23659,23919,23345,22837,22890,21287,19800,20008,20599,20472,20161,19991,20513,21114,19454,21334,22817
1075006,GRC,Greece,Boeotia,0,38410,39150,39145,38314,38906,39558,40521,42140,43549,44726,46300,48350,46213,48279,47277,46253,46520,44974,43814,41998,42039,40133,38873,37460,34340,35456,38818,39238,39261,41035,42976,47129,50407
1075007,GRC,Greece,Central Athens,0.00779,38167,38902,38898,38071,38659,39308,40265,41873,43274,44443,46006,48294,51120,53254,57110,59402,62135,65412,66751,65365,61178,55505,52121,52354,54231,54634,55493,56940,58048,59277,53488,58657,62737
1075008,GRC,Greece,Chalcidice,0.00395,20644,21042,21040,20593,20911,21262,21779,22649,23406,24039,24885,24969,25267,27093,28104,28770,30251,30354,30305,28041,26336,24654,23636,22889,23067,23086,23184,23296,24136,24222,20053,21991,23521
1075009,GRC,Greece,Chania,0.00318,22612,23048,23045,22556,22904,23288,23855,24808,25638,26330,27257,28217,29510,30911,33194,32470,34012,34170,34052,32281,29950,26915,24039,23861,25040,25128,24605,25025,25615,26149,22250,24400,26097
1075010,GRC,Greece,Chios,0.00508,18451,18806,18804,18405,18689,19003,19465,20243,20920,21485,22241,22050,22791,25261,26974,25787,27071,29829,29841,28248,26470,23942,23135,21821,21964,21335,20884,19934,19304,19813,18047,19791,21167
1075011,GRC,Greece,Corfu,0.004,24388,24858,24855,24327,24703,25117,25728,26756,27651,28398,29397,30598,29867,33006,33969,34938,35529,36013,37250,33043,30294,26440,24650,24658,25811,25575,25571,25773,26667,27667,22573,24755,26477
1075012,GRC,Greece,Corinthia,0.00194,22961,23404,23401,22904,23258,23648,24224,25191,26034,26737,27678,28302,27473,28363,28298,28467,29450,30544,31437,28782,27315,24936,23691,23260,22057,22787,23656,23586,23948,24785,23205,25447,27217
1075013,GRC,Greece,Drama,0,17949,18295,18293,17904,18181,18486,18936,19692,20351,20901,21636,23233,23695,23002,23277,23326,23713,24074,23350,22710,21923,18700,17940,18043,17836,18524,18316,17776,18250,18615,17610,19311,20655
1075014,GRC,Greece,Eastern Attica,0.00455,27800,28336,28332,27731,28159,28631,29328,30500,31520,32371,33510,33968,37236,41034,43843,42174,47299,48753,46848,45408,42920,38758,33990,32454,31695,31603,31196,30876,31449,31453,28079,30792,32934
1075015,GRC,Greece,Elis,0.00427,16102,16413,16411,16062,16310,16584,16987,17666,18257,18750,19410,20371,21445,22585,22264,22965,23869,24895,24419,22969,22092,19830,18582,17963,18429,18984,18553,19218,19286,20104,18756,20569,22000
1075016,GRC,Greece,Euboea,0.00265,23598,24053,24050,23540,23903,24304,24896,25890,26756,27479,28446,28766,29062,30152,30513,32285,33233,34314,33053,29704,27565,24475,22678,22234,23079,23303,22842,23342,24034,23966,23561,25838,27635
1075017,GRC,Greece,Evros,0.00766,17530,17868,17866,17487,17757,18055,18494,19233,19876,20413,21131,21397,22138,23489,24329,24984,24770,26819,26946,26610,27391,24369,22349,20737,20795,20870,21240,21125,21255,21648,20510,22493,24057
1075018,GRC,Greece,Evrytania,0.00185,16522,16840,16838,16481,16735,17016,17430,18126,18733,19239,19916,20277,20645,21610,20595,20311,21165,20845,22951,22320,21028,19003,17656,16978,16799,17140,17312,17396,17550,18067,16540,18139,19400
1075019,GRC,Greece,Florina,0.00421,24366,24836,24833,24306,24681,25095,25706,26733,27627,28373,29372,30745,32136,35293,37038,37841,37343,35286,31318,32683,32224,32351,34341,33052,35831,33265,31257,32583,30630,29262,25550,28019,29968
1075020,GRC,Greece,"Grevena, Kozani",0.00556,22176,22604,22601,22121,22463,22840,23396,24330,25144,25823,26732,28110,29756,31890,32766,33858,33665,32818,30340,31239,32139,31060,34525,33682,33136,32025,29374,29185,28689,26489,23002,25225,26979
1075021,GRC,Greece,Heraklion,0.004,21688,22106,22104,21634,21968,22337,22881,23795,24590,25255,26143,27915,28661,30051,31639,31227,33257,33590,34145,31657,29882,25142,22975,22960,23996,23674,23101,23722,24129,24393,21068,23104,24711
1075022,GRC,Greece,"Ikaria, Samos",0.00518,18148,18497,18495,18103,18382,18691,19145,19910,20576,21132,21876,22971,22439,24328,26633,29174,30687,32321,33604,30345,27692,24910,22932,22341,22986,22302,21589,20692,20056,19836,17274,18944,20261
1075023,GRC,Greece,Imathia,0,19774,20155,20152,19724,20029,20365,20861,21694,22420,23025,23836,25049,24720,24903,25767,25976,26559,27329,26511,25027,23917,21632,20497,20063,19441,19550,19323,19186,19705,19960,19007,20844,22294
1075024,GRC,Greece,Ioannina,0.00387,18190,18540,18538,18144,18425,18734,19190,19956,20624,21181,21926,22877,23983,24728,25399,26229,27105,27420,26703,25283,24325,22073,20024,19986,19863,19998,20448,20216,20520,20992,19401,21276,22755
1075025,GRC,Greece,"Ithaca, Cephalonia",0.004,25470,25961,25958,25407,25799,26232,26870,27944,28878,29658,30702,31740,31065,34330,37113,38035,39588,41573,40876,36106,34775,28360,26680,25689,27127,25760,25370,25759,26182,27202,23152,25389,27155
1075026,GRC,Greece,"Kalymnos, Karpathos, Kos, Rhodes",0,27593,28125,28122,27524,27950,28418,29110,30273,31285,32131,33261,33634,32011,34000,34810,34730,37001,37257,38300,34141,32199,29222,28226,27066,28033,28209,27062,26819,27484,27812,21827,23937,25602
1075027,GRC,Greece,"Karditsa, Trikala",0.00335,15708,16011,16009,15669,15911,16178,16572,17234,17810,18292,18935,20183,20528,22085,22887,22130,22213,23214,22737,22405,20425,18180,17652,18022,18312,18262,18281,18424,18944,19828,18624,20424,21845
1075028,GRC,Greece,Kastoria,0.00402,15115,15406,15405,15077,15310,15567,15946,16583,17138,17601,18220,19159,20789,21507,21215,20952,22013,23245,23160,22086,21176,19946,19150,18653,18974,18776,18431,17954,18228,18843,17673,19381,20729
1075029,GRC,Greece,Kilkis,0.00258,18255,18606,18604,18209,18490,18801,19258,20028,20697,21256,22005,23594,23150,23061,25134,24657,24472,28054,26883,24518,23398,21124,19438,18719,19098,20117,20281,19539,19742,20172,18633,20433,21854
1075030,GRC,Greece,"Laconia, Messinia",0.00481,17666,18006,18004,17622,17894,18194,18637,19381,20030,20571,21295,22297,22862,23522,24289,24725,26086,27334,26799,25775,24786,22850,21622,20790,21329,21678,21339,21837,21943,22662,20681,22679,24257
1075031,GRC,Greece,Larissa,0.00344,21226,21635,21632,21173,21500,21861,22393,23287,24066,24716,25586,26172,26865,30158,30873,29226,31081,31673,31420,29680,27210,23866,23340,22660,23478,24150,23779,24198,24740,25524,24297,26645,28498
1075032,GRC,Greece,Lasithi,0.00425,21908,22330,22328,21854,22191,22564,23113,24036,24840,25511,26409,27634,27278,28591,30276,31830,32710,33227,32826,31886,29491,26041,24261,25437,26576,27387,27038,27565,28005,29023,25625,28102,30056
1075033,GRC,Greece,Lefkada,0.00766,16181,16492,16491,16140,16390,16665,17070,17752,18346,18841,19504,20795,20793,22234,23658,25282,26690,26672,25870,26272,27234,23318,22126,21522,21803,21324,21088,20800,22109,22780,18350,20124,21523
1075034,GRC,Greece,"Lesbos, Lemnos",0.005,17943,18289,18287,17898,18175,18480,18929,19685,20344,20893,21629,22469,22257,26096,25733,27405,28801,29637,30146,28563,26735,24070,22220,22172,22702,22487,21511,20808,20386,19949,17992,19730,21103
1075035,GRC,Greece,Magnesia,0.004,19838,20220,20218,19788,20094,20431,20928,21764,22492,23100,23913,25160,26670,29151,29437,29354,32075,31262,31614,28408,25413,23373,21743,21223,21188,21604,21604,21623,22165,22739,20493,22474,24037
1075036,GRC,Greece,Northern Athens,0.00784,32039,32656,32653,31959,32453,32997,33800,35150,36326,37307,38620,40010,43144,43881,46801,49134,51862,54645,55349,54588,51343,47013,44496,44302,45297,45442,45697,46873,46949,49066,45077,49433,52871
1075037,GRC,Greece,Pella,0.00403,17209,17540,17538,17166,17431,17723,18155,18880,19511,20039,20744,22235,22664,21377,23548,23228,23355,26359,26110,24160,23114,20908,20414,19396,19635,20407,20077,20262,21006,21458,20236,22192,23736
1075038,GRC,Greece,Phocis,0.00237,18760,19121,19119,18713,19002,19321,19791,20582,21270,21845,22613,23057,22712,25762,26870,26124,26265,26410,27258,25560,23854,20934,19089,18703,18642,18544,18639,18892,19372,19649,18587,20383,21801
1075039,GRC,Greece,Phthiotis,0,23781,24239,24237,23722,24088,24492,25088,26090,26963,27692,28666,29493,29670,30477,30537,31599,30202,30978,31548,29303,28219,25171,23466,22060,22664,22835,22594,23125,23445,23753,22380,24542,26249
1075040,GRC,Greece,Pieria,0.004,17548,17886,17884,17504,17775,18073,18513,19252,19896,20434,21153,21647,21468,22946,23283,23979,23997,24838,25611,24279,22811,21179,19508,18830,18690,19059,18963,18901,19265,19769,17636,19340,20686
1075041,GRC,Greece,"Piraeus, Islands",0.004,29999,30577,30573,29924,30386,30896,31648,32912,34013,34932,36161,37179,36339,38599,41405,40962,43606,44463,43959,41409,38908,34431,31820,31446,31988,31807,31900,33194,34300,34968,31865,34944,37375
1075042,GRC,Greece,Rethymno,-0.00313,25588,26081,26078,25524,25918,26353,26994,28073,29012,29795,30844,30427,30001,30862,33174,33307,31184,30751,30562,29135,27239,24492,22246,22361,22995,23404,22930,23096,23987,24454,19908,21832,23351
1075043,GRC,Greece,Rodope,0,19741,20121,20119,19692,19996,20331,20826,21658,22382,22987,23796,25600,24688,26650,25512,25079,24813,26127,26441,24813,23061,20492,18557,18100,17324,17101,18452,18340,18332,18764,18733,20543,21972
1075044,GRC,Greece,Serres,0.00296,15148,15440,15438,15110,15344,15601,15981,16619,17175,17639,18260,18638,18095,19118,20019,19687,19513,20866,19933,19032,18936,17118,16831,16709,16689,17416,17437,17595,17973,18540,17214,18878,20191
1075045,GRC,Greece,Southern Athens,0.00452,27489,28019,28016,27420,27844,28311,29000,30159,31167,32009,33136,33920,35443,37175,39229,40165,41175,43131,43005,40835,38648,34819,32272,31883,32380,32155,32453,33495,34287,35225,31837,34914,37342
1075046,GRC,Greece,"Thassos, Kavala",0.00498,20712,21111,21109,20660,20979,21331,21850,22723,23483,24118,24966,24075,26153,26420,28140,29352,28095,30882,32097,30315,29177,24599,23794,22426,23511,23044,23068,23622,24278,24498,22036,24165,25846
1075047,GRC,Greece,Thesprotia,-0.00787,27181,27704,27701,27113,27532,27994,28675,29820,30818,31650,32764,33981,35092,36926,36152,32262,30263,31016,31983,27884,27846,24208,22556,22033,22471,21212,20543,21072,21668,22130,19913,21837,23356
1075048,GRC,Greece,Thessalonica,0.004,22053,22478,22475,21998,22337,22712,23265,24194,25003,25679,26583,27705,28222,29656,31226,30450,32805,33807,33955,32177,29243,26253,24051,23112,23187,23696,24036,24377,25040,25352,22992,25214,26968
1075049,GRC,Greece,Western Athens,0.00327,18339,18693,18691,18294,18576,18888,19348,20120,20793,21355,22107,23032,24015,25042,25999,25850,27461,27416,27077,25648,23665,21108,19907,19504,20065,19814,19921,19952,20403,20775,18632,20432,21853
1075050,GRC,Greece,Western Attica,0,38181,38916,38912,38086,38674,39323,40280,41889,43290,44459,46024,47802,53114,59498,62708,56208,70835,68509,65465,61287,57138,50202,43311,41772,38370,38827,38183,37525,39606,40512,36625,40165,42958
1075051,GRC,Greece,Xanthi,0,18712,19072,19070,18665,18953,19271,19740,20529,21216,21789,22555,23464,22834,24116,24635,24144,25015,24593,25374,23545,23741,19910,18432,17755,17122,17223,16706,16713,17090,16995,15707,17224,18422
1075052,GRC,Greece,Zakynthos,0.004,29897,30473,30470,29823,30283,30791,31541,32801,33898,34813,36038,38222,36273,40642,40279,41559,42166,44026,44091,40109,37842,31568,30249,29185,30837,30769,30203,30236,32126,33256,25108,27534,29450
1078001,GTM,Guatemala,Alta Verapaz,0.01009,873,884,906,920,937,962,1242,1546,1872,2190,2510,2806,3151,3468,3812,3830,3882,3765,3596,3552,3593,3689,3746,3830,3946,4052,4113,4193,4288,4413,4289,4574,4705
1078002,GTM,Guatemala,Baja Verapaz,0.00826,2148,2175,2229,2265,2306,2368,2441,2551,2682,2787,2888,2957,3075,3161,3269,3284,3328,3228,3083,3045,3081,3163,3212,3284,3383,3474,3527,3595,3677,3784,3677,3922,4034
1078003,GTM,Guatemala,Chimaltenango,0.00985,1147,1162,1191,1210,1232,1265,1548,1860,2197,2522,2848,3146,3499,3820,4171,4066,4085,3961,3664,3618,3661,3759,3816,3902,4020,4128,4190,4272,4369,4496,4369,4660,4793
1078004,GTM,Guatemala,Chiquimula,0.00985,2371,2401,2461,2501,2546,2615,3078,3597,4159,4697,5235,5721,6306,6833,7412,7231,7265,7039,6760,6677,6755,6936,7042,7201,7417,7617,7733,7883,8062,8296,8062,8599,8845
1078005,GTM,Guatemala,El Petn,0.00719,2291,2320,2378,2416,2460,2526,2539,2589,2658,2699,2734,2739,2787,2806,2843,3021,3142,3201,3094,3056,3092,3174,3223,3296,3395,3486,3539,3608,3690,3797,3690,3936,4048
1078006,GTM,Guatemala,El Progreso,0.01209,3310,3352,3435,3491,3554,3650,3923,4259,4636,4975,5310,5588,5961,6275,6634,6473,6503,6300,7427,7336,7421,7620,7737,7911,8149,8368,8495,8660,8857,9114,8858,9448,9718
1078007,GTM,Guatemala,Escuintla,0.00993,1625,1646,1686,1714,1745,1792,2586,3434,4340,5232,6132,6974,7940,8839,9808,9559,9603,9314,8614,8507,8607,8837,8973,9175,9451,9705,9853,10043,10272,10570,10273,10957,11270
1078008,GTM,Guatemala,Guatemala City,0.00739,21108,21377,21905,22264,22662,23276,22229,21485,20841,19940,18962,17761,16827,15685,14624,15226,16097,16768,17667,17449,17653,18126,18404,18818,19384,19905,20208,20599,21068,21680,21069,22473,23115
1078009,GTM,Guatemala,Huhuetenango,0.00979,856,866,888,902,919,943,1109,1295,1497,1689,1882,2056,2266,2454,2662,2589,2607,2529,2313,2285,2311,2373,2410,2464,2538,2606,2646,2697,2759,2839,2759,2943,3027
1078010,GTM,Guatemala,Izabal,0.00985,2927,2964,3037,3087,3142,3227,3847,4537,5283,6000,6718,7369,8148,8853,9625,9391,9434,9140,8612,8506,8605,8836,8971,9173,9449,9703,9851,10041,10270,10568,10271,10955,11268
1078011,GTM,Guatemala,Jalapa,0.00474,2147,2174,2228,2264,2305,2367,2313,2291,2282,2247,2205,2139,2105,2048,2002,2154,2268,2340,2290,2261,2288,2349,2385,2439,2512,2580,2619,2670,2730,2810,2731,2912,2996
1078012,GTM,Guatemala,Jutiapa,0.00758,1681,1703,1745,1773,1805,1854,1834,1840,1858,1856,1849,1821,1822,1802,1794,1957,2088,2183,2165,2138,2163,2221,2255,2306,2375,2439,2476,2524,2582,2657,2582,2754,2833
1078013,GTM,Guatemala,Quetzaltenango,0.02451,1889,1913,1960,1992,2028,2083,2330,2616,2930,3224,3516,3772,4092,4374,4688,4655,4778,5921,6299,6221,6294,6462,6561,6709,6911,7097,7205,7344,7511,7729,7512,8012,8241
1078014,GTM,Guatemala,Quich,0.00985,788,798,818,831,846,869,1112,1376,1661,1937,2215,2472,2772,3048,3347,3256,3278,3180,2909,2873,2907,2985,3030,3099,3192,3277,3327,3392,3469,3570,3469,3700,3806
1078015,GTM,Guatemala,Retalhuleu,0.02142,3058,3097,3173,3225,3283,3372,3642,3971,4339,4672,5001,5277,5643,5953,6306,6262,6427,7964,8473,8368,8466,8693,8826,9025,9296,9546,9691,9879,10103,10397,10104,10777,11085
1078016,GTM,Guatemala,Sacatepquez,0.00981,2578,2610,2675,2719,2767,2842,3390,3999,4658,5290,5924,6499,7187,7809,8491,8276,8314,8063,7457,7365,7451,7651,7768,7943,8182,8402,8530,8695,8892,9151,8893,9485,9757
1078017,GTM,Guatemala,San Marcos,0.02804,824,834,855,869,884,908,1070,1252,1448,1636,1824,1994,2199,2383,2585,2567,2635,3265,3474,3431,3471,3564,3618,3700,3811,3914,3973,4050,4142,4263,4143,4418,4545
1078018,GTM,Guatemala,Santa Rosa,0.00977,2163,2191,2245,2282,2323,2386,2655,2969,3315,3637,3958,4237,4589,4897,5241,5098,5218,5061,4676,4618,4672,4797,4871,4981,5130,5268,5349,5452,5576,5738,5577,5948,6118
1078019,GTM,Guatemala,Solol,0.01992,1490,1509,1547,1572,1600,1643,1751,1886,2039,2174,2308,2416,2566,2690,2833,2813,2887,3578,3806,3759,3803,3905,3965,4054,4176,4288,4353,4438,4539,4670,4539,4841,4980
1078020,GTM,Guatemala,Suchitepquez,0.02832,1961,1986,2035,2068,2105,2162,2608,3101,3634,4147,4661,5130,5687,6193,6747,6700,6877,8522,9066,8954,9058,9301,9444,9656,9947,10214,10369,10570,10811,11125,10811,11532,11861
1078021,GTM,Guatemala,Totonicapn,0.02137,1175,1190,1219,1239,1261,1295,1399,1525,1665,1793,1918,2024,2164,2282,2417,2400,2464,3053,3248,3208,3245,3332,3383,3459,3564,3659,3715,3787,3873,3986,3873,4131,4249
1078022,GTM,Guatemala,Zacapa,0.0092,3652,3698,3790,3852,3921,4027,4255,4550,4886,5180,5467,5697,6021,6285,6593,6433,6463,6261,5837,5765,5832,5988,6080,6217,6404,6576,6676,6805,6960,7162,6961,7424,7636
1082001,HND,Honduras,Atlntida,0.00642,4654,4240,4361,4423,4214,4290,4072,4161,4323,3952,4099,4054,4056,4642,4809,4977,5178,5371,5474,5225,5307,5397,5508,5552,5614,5722,5817,5971,6074,6109,5454,6042,6188
1082002,HND,Honduras,Choluteca,0.00291,2780,2641,2700,2805,2737,2821,2859,2836,2825,2826,2948,2951,2988,2546,2638,2730,2840,2946,3002,2866,2911,2960,3021,3045,3079,3138,3191,3275,3331,3351,2991,3314,3394
1082003,HND,Honduras,Coln,0.00659,3491,3238,3311,3418,3316,3396,3109,3374,3361,3073,3206,3229,3249,3691,3823,3957,4116,4270,4352,4154,4219,4291,4379,4414,4463,4549,4625,4747,4829,4857,4336,4803,4920
1082004,HND,Honduras,Comayagua,0.00739,3751,3564,3688,3947,3921,4114,4121,4288,4246,3905,4075,4153,4204,4617,4783,4949,5149,5342,5444,5197,5278,5368,5478,5522,5583,5690,5785,5938,6040,6076,5424,6009,6154
1082005,HND,Honduras,Copn,0.015,2214,2142,2243,2330,2301,2414,2223,2486,2403,2477,2600,2618,2666,4384,4542,4700,4890,5073,5170,4935,5012,5097,5202,5244,5302,5404,5494,5639,5736,5770,5151,5706,5844
1082006,HND,Honduras,Corts,0.00653,4942,4475,4743,4810,4638,4750,4508,4719,4873,4646,4848,4824,4883,5129,5313,5499,5721,5935,6048,5773,5864,5963,6086,6135,6203,6322,6427,6597,6711,6750,6026,6676,6837
1082007,HND,Honduras,El Paraso,0.01002,2731,2488,2543,2674,2625,2705,2629,2703,2758,2742,2861,2864,2917,3539,3666,3794,3947,4095,4173,3984,4046,4115,4199,4233,4280,4362,4435,4552,4630,4657,4158,4606,4718
1082008,HND,Honduras,Francisco Morazn,0.00265,5879,5653,5780,6003,5858,6073,6010,6180,6083,5940,6198,6167,6206,5368,5561,5755,5987,6211,6329,6042,6136,6241,6369,6420,6491,6616,6726,6904,7023,7064,6306,6986,7156
1082009,HND,Honduras,Gracias a Dios,0.00659,3491,3238,3311,3418,3316,3396,3109,3374,3361,3073,3206,3229,3249,3691,3823,3957,4116,4270,4352,4154,4219,4291,4379,4414,4463,4549,4625,4747,4829,4857,4336,4803,4920
1082010,HND,Honduras,Intibuc,0.00193,2619,2594,2652,2739,2672,2754,2725,2752,2742,2710,2827,2830,2865,2335,2419,2504,2605,2702,2754,2629,2670,2716,2771,2793,2824,2879,2927,3004,3056,3074,2744,3040,3113
1082011,HND,Honduras,Islas de la Baha,0.00659,3491,3238,3311,3418,3316,3396,3109,3374,3361,3073,3206,3229,3249,3691,3823,3957,4116,4270,4352,4154,4219,4291,4379,4414,4463,4549,4625,4747,4829,4857,4336,4803,4920
1082012,HND,Honduras,La Paz,0.00996,3249,3014,3044,3239,3180,3316,3054,3374,3463,3342,3508,3532,3576,4261,4415,4569,4753,4931,5025,4797,4872,4955,5057,5097,5154,5253,5340,5482,5576,5608,5007,5546,5681
1082013,HND,Honduras,Lempira,0.00994,1828,1833,1896,1946,1922,1993,1949,2028,2032,2045,2146,2174,2214,2616,2710,2805,2918,3027,3085,2945,2991,3042,3104,3129,3164,3225,3279,3365,3423,3443,3074,3405,3488
1082014,HND,Honduras,Ocotepeque,0.00378,2393,2274,2339,2459,2428,2532,2506,2577,2598,2614,2744,2763,2814,2349,2433,2518,2620,2718,2770,2644,2685,2731,2787,2809,2841,2895,2943,3021,3073,3091,2760,3057,3131
1082015,HND,Honduras,Olancho,0.00613,3268,3032,3156,3278,3218,3316,3036,3374,3569,3527,3702,3728,3797,3563,3691,3820,3974,4123,4201,4011,4073,4143,4228,4262,4309,4392,4465,4583,4662,4689,4186,4637,4750
1082016,HND,Honduras,Santa Brbara,0.01212,2496,2386,2410,2579,2547,2673,2552,2736,2842,2726,2861,2899,2952,3829,3966,4105,4270,4430,4515,4310,4377,4452,4543,4579,4630,4719,4798,4925,5009,5039,4498,4983,5104
1082017,HND,Honduras,Valle,0.00252,3023,2942,2972,3069,2977,3067,2964,3066,3223,3091,3206,3190,3211,2749,2848,2947,3066,3181,3242,3094,3143,3196,3262,3288,3325,3388,3445,3536,3597,3618,3230,3578,3665
1082018,HND,Honduras,Yoro,0.00581,3172,2978,3026,3162,3086,3180,4375,3178,3185,3110,3245,3248,3269,3292,3410,3529,3672,3809,3882,3706,3764,3828,3906,3938,3981,4058,4125,4235,4307,4333,3868,4285,4389
1083001,HRV,Croatia,Grad Zagreb,0.01302,25594,26677,27517,25881,27998,29418,31577,33634,34353,34149,35446,37932,40059,42229,43918,45684,47937,50323,51283,47576,47036,46477,45190,44276,44357,46433,48253,50714,52855,55207,50900,60343,64497
1083002,HRV,Croatia,Jadranska Hrvatska,0.01302,13022,13572,14000,13167,14244,14967,16065,17112,17478,17374,18034,19299,20381,21485,22344,23243,24389,25603,26091,24205,23931,23957,23605,23522,23790,24573,25705,27205,28034,28742,24548,29887,31944
1083003,HRV,Croatia,Panonska Hrvatska,0.01302,9250,9641,9945,9353,10118,10632,11412,12155,12415,12342,12810,13709,14477,15262,15872,16510,17325,18187,18534,17194,16999,17249,16772,16757,16423,16583,17137,17447,17813,18497,17475,20494,21905
1083004,HRV,Croatia,Sjeverna Hrvatska,0.01345,9879,10296,10621,9989,10806,11354,12188,12981,13259,13180,13681,14640,15461,16299,16951,17633,18502,19423,19793,18363,18154,18367,18169,18756,18725,19297,20293,21291,22339,23335,22329,26044,27837
1085001,HUN,Hungary,Baranya,0.00915,13646,12023,11682,11650,12033,12253,12302,12734,13282,13749,14425,14917,15864,16532,17062,17214,17828,17919,18001,16678,16569,16469,16670,16759,17356,18010,18676,19771,21381,22359,21087,22645,23810
1085002,HUN,Hungary,Borsod-AbaÔøΩj-ZemplÔøΩn,0.01322,11709,10317,10024,9996,10325,10514,10556,10927,11397,11798,12378,12951,13334,13981,15216,16624,16811,16594,16168,14569,14893,15233,15283,16100,17485,19905,20096,22261,23262,22849,22535,24200,25445
1085003,HUN,Hungary,Budapest,0.01233,36564,32216,31301,31216,32242,32831,32964,34120,35588,36842,38652,40256,44033,45119,48388,51820,55195,55215,57093,55472,54455,55207,54960,54346,56123,56032,57720,61029,64053,69235,65761,70620,74252
1085004,HUN,Hungary,BÔøΩcs-Kiskun,0.01327,13195,11626,11295,11265,11635,11847,11895,12313,12842,13295,13948,14602,15362,15614,16516,17115,17650,17356,18107,16605,16566,17370,17905,19378,20245,21917,22183,23147,25758,26783,25627,27521,28936
1085005,HUN,Hungary,BÔøΩkÔøΩs,0.00909,12409,10933,10623,10594,10942,11142,11187,11579,12077,12503,13117,13679,13913,14127,14846,14769,15110,15283,15395,13858,14343,14925,14709,15286,15828,17014,17449,17912,19107,19113,19098,20509,21564
1085006,HUN,Hungary,CsongrÔøΩd,0.0093,15275,13458,13076,13040,13469,13715,13771,14254,14867,15390,16147,16676,17190,17537,18317,18853,19434,18724,19432,18373,18345,18721,19026,19170,20558,21084,21304,22276,23259,24460,24263,26055,27395
1085007,HUN,Hungary,FejÔøΩr,0.00811,21495,18938,18400,18350,18954,19300,19378,20058,20921,21658,22722,20812,20021,20809,22737,23120,24646,24332,24725,20851,21781,23823,23647,24945,26624,29014,30149,31286,32477,32827,31150,33451,35172
1085008,HUN,Hungary,Gyor-Moson-Sopron,0.00912,25088,22105,21477,21418,22122,22527,22618,23412,24419,25279,26521,25028,25619,27180,27198,27687,30524,30538,30886,27410,30165,31478,29413,31061,34013,36527,38380,37981,39036,37936,35816,38463,40441
1085009,HUN,Hungary,HajdÔøΩ-Bihar,0.00903,14212,12522,12166,12133,12532,12761,12813,13262,13833,14320,15023,16363,16701,17901,18564,18866,19088,18415,18769,17932,18597,18983,18849,18453,19413,19950,19832,21504,22843,23646,22989,24688,25957
1085010,HUN,Hungary,Heves,0.01176,13120,11560,11231,11201,11569,11780,11828,12243,12770,13220,13869,15082,15684,16131,16390,16801,17489,18135,18159,16565,17064,17001,16535,18174,18824,20052,21065,21908,23466,24923,23529,25268,26568
1085011,HUN,Hungary,JÔøΩsz-Nagykun-Szolnok,0.01148,11878,10465,10168,10141,10474,10665,10708,11084,11561,11968,12556,13795,14117,14655,15041,15312,16607,16059,16672,16040,15207,16389,16019,16633,17224,18291,18709,19657,20271,21038,21707,23311,24510
1085012,HUN,Hungary,KomÔøΩrom-Esztergom,0.01349,15222,13411,13030,12995,13422,13667,13723,14204,14815,15337,16091,18721,19730,23391,25899,28129,26597,27865,27482,24170,25081,25846,24719,26076,26482,28696,29618,30020,31757,33474,30287,32525,34198
1085013,HUN,Hungary,NÔøΩgrÔøΩd,0.00752,9696,8543,8300,8278,8550,8706,8741,9048,9437,9770,10250,11080,11460,11949,11895,12039,12517,11373,11698,10743,11032,11222,10749,11244,11815,12410,12547,13294,14083,14543,14263,15317,16104
1085014,HUN,Hungary,Pest,0.01079,15348,13523,13139,13103,13534,13781,13837,14322,14938,15465,16224,17937,18941,19869,20820,22109,22415,24153,22943,21092,21806,21753,21016,21852,22563,23385,23376,23711,24946,26270,25289,27158,28555
1085015,HUN,Hungary,Somogy,0.00933,12943,11404,11080,11050,11413,11622,11669,12078,12598,13042,13682,14245,14538,15471,15801,15986,16167,15934,16259,15494,15822,16148,15933,16655,16461,17512,18029,19481,20750,20886,20264,21762,22881
1085016,HUN,Hungary,Szabolcs-SzatmÔøΩr-Bereg,0.01022,10904,9607,9334,9309,9615,9790,9830,10175,10613,10987,11526,12428,12577,13030,13286,13694,13833,13501,13602,12895,13458,13873,14012,14324,15191,15643,16110,16674,18029,19205,18399,19759,20775
1085017,HUN,Hungary,Tolna,0.00943,15306,13486,13103,13067,13496,13743,13799,14283,14897,15422,16180,16180,16993,15913,16423,16642,17015,17918,19019,18468,18383,18928,19566,20586,20363,21100,21766,22096,24359,25107,23924,25692,27013
1085018,HUN,Hungary,Vas,0.00714,20852,18372,17850,17802,18387,18723,18799,19458,20295,21010,22043,20565,20840,23663,23568,23255,25622,23572,22687,20613,21516,22758,23737,25165,26645,27308,28234,28568,29065,29535,26530,28490,29955
1085019,HUN,Hungary,VeszprÔøΩm,0.0086,15945,14048,13649,13612,14060,14317,14375,14879,15519,16066,16855,17388,17171,17767,18320,18448,18887,19339,19338,17155,18150,18059,17827,18519,19725,20815,21877,22259,23613,25340,23847,25609,26926
1085020,HUN,Hungary,Zala,0.00782,16101,14186,13783,13745,14197,14457,14515,15025,15671,16223,17020,18105,18641,20968,21513,21058,20763,20771,21577,19934,21449,20501,21477,19759,21320,22893,22019,23153,23833,24607,22437,24095,25334
1086001,IDN,Indonesia,Aceh,-0.00167,5358,5622,5885,6164,6520,6941,7358,7576,6475,6425,6640,6767,6956,7172,7419,7724,8520,7899,7123,6563,6548,6394,6385,6341,6174,5796,5856,5928,6023,6131,6117,6286,6563
1086002,IDN,Indonesia,Bali,0.01519,3832,4021,4209,4408,4663,4964,5263,5419,4631,4595,4749,4840,4975,5130,5306,5524,5457,5937,6138,6789,7005,7239,7704,8315,9032,9581,10069,10520,10982,11467,10047,10324,10780
1086003,IDN,Indonesia,Bangka Belitung,0.01145,5061,5310,5559,5821,6158,6556,6950,7156,6116,6068,6271,6391,6570,6774,7007,7295,7461,7590,7963,8091,8382,8805,9232,9585,10010,10006,10179,10394,10341,10370,10175,10456,10917
1086004,IDN,Indonesia,Banten,0.01592,3585,3762,3938,4124,4362,4644,4924,5069,4333,4299,4443,4528,4654,4799,4964,5168,5302,6107,6064,6214,7425,7631,7952,8283,8698,9024,9288,9595,9922,10327,9616,9882,10318
1086005,IDN,Indonesia,Bengkulu,0.01476,2497,2620,2742,2872,3038,3234,3429,3530,3017,2994,3094,3153,3241,3342,3457,3599,3608,3714,3771,3921,4824,5025,5332,5605,5852,6046,6353,6622,6902,7259,7282,7483,7813
1086006,IDN,Indonesia,Gorontalo,0.02303,1416,1486,1556,1629,1724,1835,1945,2003,1712,1699,1755,1789,1839,1896,1961,2042,2174,2300,2501,2834,4309,4477,4773,5070,5388,5663,6037,6281,6554,6945,6968,7161,7477
1086007,IDN,Indonesia,Jakarta Raya,0.01623,18790,19716,20640,21616,22864,24342,25805,26570,22708,22533,23287,23731,24394,25154,26018,27087,27994,29277,30822,32719,32608,34412,36316,38902,41475,44029,45855,48039,50358,53221,51848,53279,55632
1086008,IDN,Indonesia,Jambi,0.01979,3251,3411,3571,3740,3956,4212,4465,4597,3929,3899,4029,4106,4221,4352,4502,4687,4842,5462,6128,6234,8540,8941,9377,9929,10250,10264,10832,11439,11938,12078,11336,11649,12163
1086009,IDN,Indonesia,Jawa Barat,0.01161,3824,4013,4201,4400,4654,4954,5252,5408,4622,4586,4740,4830,4965,5120,5295,5513,5963,6119,6439,6626,6131,6362,6628,6968,7148,7341,7610,7842,8192,8599,8332,8562,8940
1086010,IDN,Indonesia,Jawa Tengah,0.01577,2829,2969,3108,3255,3443,3665,3885,4000,3419,3393,3506,3573,3673,3787,3917,4078,4378,4524,4682,4828,5615,5811,5973,6260,6535,6753,6984,7217,7477,7820,7686,7898,8247
1086011,IDN,Indonesia,Jawa Timur,0.01722,4255,4464,4674,4895,5177,5512,5843,6016,5142,5102,5273,5373,5524,5696,5891,6133,6424,6824,6971,7341,7706,8135,8553,9041,9456,9826,10363,10768,11218,11717,11402,11716,12234
1086012,IDN,Indonesia,Kalimantan Barat,0.01345,3221,3380,3538,3706,3920,4173,4424,4555,3893,3863,3992,4068,4182,4312,4460,4644,4584,4890,4810,5002,5699,5884,6137,6398,6663,6891,7238,7577,7888,8348,8304,8534,8911
1086013,IDN,Indonesia,Kalimantan Selatan,0.01191,3709,3892,4074,4267,4513,4805,5094,5245,4482,4448,4597,4684,4815,4965,5136,5347,5162,5426,5528,5872,6830,7258,7397,7537,7718,7738,7865,8142,8354,8502,8311,8541,8918
1086014,IDN,Indonesia,Kalimantan Tengah,0.01698,4080,4281,4481,4693,4964,5285,5603,5769,4930,4892,5056,5152,5296,5461,5649,5881,6325,6447,6629,7115,7448,7888,8294,8610,8725,9028,9624,10269,10746,11243,11223,11532,12042
1086015,IDN,Indonesia,Kalimantan Timur North,0.00478,24084,25271,26455,27706,29306,31199,33075,34055,29106,28881,29847,30416,31266,32240,33348,34718,33998,34517,42467,35919,34161,38094,38423,33557,31433,33167,31884,35270,36017,35789,32842,33749,35239
1086016,IDN,Indonesia,Kalimantan Timur South,0.00478,24084,25271,26455,27706,29306,31199,33075,34055,29106,28881,29847,30416,31266,32240,33348,34718,33998,34517,42467,35919,34161,38094,38423,33557,31433,33167,31884,35270,36017,35789,32842,33749,35239
1086017,IDN,Indonesia,Kepulauan Riau,0.01211,11056,11601,12144,12718,13453,14322,15183,15633,13361,13258,13702,13963,14353,14800,15309,15937,17554,19391,22171,22360,20345,23090,25050,25314,26105,23137,22941,22445,22682,22084,20765,21338,22280
1086018,IDN,Indonesia,Lampung,0.01992,2223,2332,2442,2557,2705,2880,3053,3143,2686,2666,2755,2807,2886,2976,3078,3204,3398,3918,4156,4730,5765,6022,6260,6462,6831,7014,7419,7771,8037,8374,8206,8432,8805
1086019,IDN,Indonesia,Maluku,0.01877,1379,1447,1515,1586,1678,1786,1894,1950,1667,1654,1709,1742,1790,1846,1909,1988,2003,2042,1969,2100,3475,3720,4050,4319,4516,4579,4723,4844,4984,5182,5128,5270,5502
1086020,IDN,Indonesia,Maluku Utara,0.02339,1076,1129,1182,1238,1310,1394,1478,1522,1301,1291,1334,1359,1397,1441,1490,1552,1545,1562,1673,1923,4173,4343,4638,4803,5029,5143,5366,5644,6061,6378,6694,6879,7183
1086021,IDN,Indonesia,Nusa Tenggara Barat,0.01111,2378,2495,2612,2736,2894,3081,3266,3363,2874,2852,2947,3003,3087,3183,3293,3428,3349,3665,3367,3949,4546,4081,3898,3928,4066,4912,5156,5203,4941,5106,5065,5205,5435
1086022,IDN,Indonesia,Nusa Tenggara Timur,0.01479,1329,1394,1459,1528,1617,1721,1825,1879,1606,1593,1646,1678,1725,1778,1840,1915,1939,2019,1992,2083,2727,2789,2959,3108,3224,3346,3508,3611,3738,3897,3826,3931,4105
1086023,IDN,Indonesia,Papua,0.00275,8673,9101,9527,9977,10554,11236,11911,12264,10482,10401,10749,10954,11260,11610,12009,12503,11849,12931,12448,14559,11315,10117,9953,10157,10204,10738,11788,12210,12925,11241,11632,11953,12481
1086024,IDN,Indonesia,Papua Barat,0.01993,4470,4690,4910,5142,5439,5790,6138,6320,5402,5360,5539,5645,5802,5983,6189,6443,6486,6735,7954,9771,15839,15399,15578,16200,16112,16175,16184,16410,17136,17381,16794,17257,18019
1086025,IDN,Indonesia,Riau,0.00909,12363,12972,13580,14222,15044,16016,16978,17482,14941,14825,15322,15614,16050,16550,17119,17822,17313,17371,16669,16937,19198,19672,21175,21947,22403,22677,23024,22687,23174,23705,21806,22408,23397
1086026,IDN,Indonesia,Sulawesi Barat,0.02008,1720,1805,1889,1979,2093,2228,2362,2432,2079,2063,2132,2172,2233,2302,2382,2479,2560,2860,3357,3601,4296,4614,4878,5094,5548,5799,6022,6284,6568,6773,6674,6858,7161
1086027,IDN,Indonesia,Sulawesi Selatan,0.0208,2657,2788,2919,3057,3233,3442,3649,3757,3211,3186,3293,3356,3450,3557,3679,3830,3992,4220,4534,5036,6224,6667,7242,7792,8400,9000,9562,10069,10692,11353,11233,11543,12053
1086028,IDN,Indonesia,Sulawesi Tengah,0.0219,2852,2993,3133,3281,3470,3695,3917,4033,3447,3420,3535,3602,3703,3818,3949,4111,4096,4552,4890,5227,5712,6160,6666,7190,7585,8422,8962,9507,11277,12122,12691,13042,13618
1086029,IDN,Indonesia,Sulawesi Tenggara,0.01941,2581,2709,2836,2970,3141,3344,3545,3650,3120,3096,3199,3260,3351,3456,3574,3721,3815,4144,4442,4805,6309,6640,7270,7463,7631,7897,8316,8740,9115,9632,9538,9801,10234
1086030,IDN,Indonesia,Sulawesi Utara,0.01657,3350,3516,3680,3854,4077,4340,4601,4738,4049,4018,4152,4231,4350,4485,4639,4830,4917,5159,5387,5930,6671,6829,7178,7547,7995,8523,9010,9432,9783,10359,10423,10711,11184
1086031,IDN,Indonesia,Sumatera Barat,0.01359,3758,3943,4128,4323,4573,4868,5161,5314,4541,4506,4657,4746,4879,5031,5203,5417,5732,5973,6211,6328,6307,6582,6877,7262,7612,7796,8108,8414,8622,8912,8644,8883,9275
1086032,IDN,Indonesia,Sumatera Selatan,0.01233,4602,4829,5055,5294,5600,5961,6320,6507,5561,5518,5703,5812,5974,6160,6372,6634,6935,7342,7802,7584,7570,8155,8596,8976,9158,9271,9438,9714,10123,10594,10517,10808,11285
1086033,IDN,Indonesia,Sumatera Utara,0.01459,4324,4537,4749,4974,5261,5601,5938,6114,5225,5185,5358,5460,5613,5788,5987,6233,6337,6639,6822,7108,7430,7813,8154,8671,9000,9227,9655,10056,10373,10845,10859,11159,11651
1086034,IDN,Indonesia,Yogyakarta,0.01332,2898,3041,3183,3334,3526,3754,3980,4098,3502,3475,3591,3660,3762,3879,4013,4177,4322,4499,4566,4724,5465,5590,5707,5948,6069,6229,6447,6644,6886,7239,6991,7183,7501
1088001,IND,India,Andaman and Nicobar,0.01682,3547,3511,3628,3724,3893,4106,4331,4421,4607,3930,4097,4283,4472,4960,5176,5816,6036,6656,6732,7103,7651,6833,6453,6678,7133,8005,8434,8936,9925,10603,9947,11220,11955
1088002,IND,India,Andhra Pradesh,0.0236,1808,1790,1849,1898,1984,2093,2208,2254,2349,2677,2633,2940,3087,3232,3474,3690,3806,4080,4359,4557,4896,4982,4997,5049,5321,5950,6646,7007,7681,7996,7667,8649,9216
1088003,IND,India,Arunachal Pradesh,0.02523,1807,1788,1848,1897,1983,2091,2206,2252,2347,2483,2388,2609,2936,2848,3061,3798,3799,3730,3777,4079,4950,5171,5326,5586,6045,7273,7199,7207,7711,8051,8252,9415,10032
1088004,IND,India,Assam,0.01825,1236,1224,1264,1298,1357,1431,1509,1541,1606,1692,2096,2189,2170,2398,2453,2385,2481,2443,2333,2475,2751,2806,2980,3015,3194,3351,3742,3851,4174,4206,4081,4251,4530
1088005,IND,India,Bihar,0.01937,623,617,637,654,684,721,761,776,809,862,988,1097,1030,1152,1085,1125,1109,1234,1211,1410,1498,1621,1575,1655,1730,1817,1871,1977,2047,2114,2003,2134,2274
1088006,IND,India,Chandigarh,0.01634,5368,5312,5489,5635,5890,6212,6553,6690,6972,7497,7596,8510,9113,10616,11158,10543,11462,12077,11285,11140,11376,10743,11513,12200,13058,13470,14154,14645,15579,15979,14853,14340,15279
1088007,IND,India,Chhattisgarh,0.02072,1431,1416,1463,1502,1570,1656,1747,1783,1858,1928,1985,1837,2023,2162,2458,2638,2713,3070,3220,3528,3331,3492,3996,4114,4487,4621,4492,4836,4981,5100,4759,5137,5473
1088008,IND,India,Dadra and Nagar Haveli,0.01856,1972,1952,2017,2070,2164,2283,2408,2458,2562,2759,2711,2853,2955,3140,3306,3432,3659,3863,3926,4187,4483,4582,4596,4799,5080,5490,5833,6031,6399,6538,5983,6209,6616
1088009,IND,India,Daman and Diu,0.01856,1972,1952,2017,2070,2164,2283,2408,2458,2562,2759,2711,2853,2955,3140,3306,3432,3659,3863,3926,4187,4483,4582,4596,4799,5080,5490,5833,6031,6399,6538,5983,6209,6616
1088010,IND,India,Goa,0.02343,5067,5015,5182,5319,5561,5865,6186,6315,6581,7715,7219,7478,7331,8122,8646,10940,11426,11744,11912,13961,14458,14252,18790,15844,13856,18323,20588,22002,22868,21995,19741,21113,22496
1088011,IND,India,Gujarat,0.0213,2574,2548,2633,2702,2825,2979,3143,3208,3343,3642,3220,3145,3294,3772,4265,4551,5095,5371,5481,5655,6213,6572,6336,6952,7265,8048,8569,9075,9828,10250,9619,10417,11099
1088012,IND,India,Haryana,0.02341,2721,2693,2783,2856,2986,3149,3322,3391,3534,3707,3964,4374,4657,5061,5400,5397,5706,6097,6237,6921,7952,7961,7683,8199,8847,9338,10151,10740,11576,11577,10891,11537,12293
1088013,IND,India,Himachal Pradesh,0.0231,2094,2072,2141,2198,2297,2423,2556,2609,2719,3095,3551,3897,4090,4428,4489,4740,4983,5000,4818,5124,5661,5793,6353,6742,7326,7812,8339,8726,9192,9074,8410,8973,9561
1088014,IND,India,Jammu and Kashmir,0.01825,1473,1458,1507,1546,1617,1705,1798,1836,1913,2222,2358,2440,2496,2784,2850,3089,3134,3102,3008,3102,3262,3400,3750,3872,3975,3949,4612,4584,4871,5126,4614,5032,5361
1088015,IND,India,Jharkhand,0.01427,1487,1472,1521,1561,1632,1721,1816,1853,1931,2054,1971,1769,1834,1968,2052,2631,2472,2449,2716,2572,2736,2945,2988,3202,3211,3631,3246,3485,3748,3915,3397,3479,3707
1088016,IND,India,Karnataka,0.02587,1992,1971,2037,2091,2186,2305,2432,2482,2587,2951,2987,3136,3082,3263,3311,3821,4213,4454,4648,4937,4978,5280,6537,6917,7630,8238,9114,9864,10321,10631,10053,11573,12331
1088017,IND,India,Kerala,0.02433,2254,2231,2305,2366,2474,2609,2752,2809,2928,3138,3322,3436,3533,3905,4119,4598,4984,5114,5135,5602,6020,5933,7091,7458,7923,8588,9115,9652,10178,10664,9647,10037,10695
1088018,IND,India,Lakshadweep,0.01856,1972,1952,2017,2070,2164,2283,2408,2458,2562,2759,2711,2853,2955,3140,3306,3432,3659,3863,3926,4187,4483,4582,4596,4799,5080,5490,5833,6031,6399,6538,5983,6209,6616
1088019,IND,India,Madhya Pradesh,0.01537,1465,1450,1498,1538,1608,1696,1789,1826,1903,2047,2114,2028,2110,2046,2266,2195,2243,2355,2294,2596,2777,2753,2788,3027,3329,3528,3820,4315,4552,4801,4669,5134,5470
1088020,IND,India,Maharashtra,0.01932,2952,2921,3018,3098,3239,3416,3603,3679,3834,3861,3928,3894,3994,4326,4616,5128,5660,6168,6329,6390,6762,7198,7213,7578,8043,8417,9034,9506,9590,9659,8880,9453,10072
1088021,IND,India,Manipur,0.01599,1368,1354,1399,1436,1501,1583,1670,1705,1777,1867,2263,2115,2155,2203,2333,2636,2731,2627,2501,2507,2580,2403,2880,2787,3069,3340,3412,3446,3971,3831,3733,4299,4581
1088022,IND,India,Meghalaya,0.01727,1594,1578,1630,1673,1749,1845,1946,1987,2070,2284,2450,2677,2865,3028,3121,3280,3356,3582,3463,3798,3763,3712,4346,4329,4181,4096,4236,4282,4305,4291,3969,4143,4414
1088023,IND,India,Mizoram,0.01917,1924,1904,1967,2019,2111,2226,2348,2397,2498,2584,2807,3048,3229,3475,3479,3505,3601,3560,3560,3962,4140,4322,4175,4395,4982,6529,7018,7380,8621,8550,6969,7068,7530
1088024,IND,India,NCT of Delhi,0.02141,4771,4722,4879,5008,5235,5521,5824,5946,6196,6581,6642,6955,7042,7539,7763,9079,9738,10308,10437,11475,12206,12310,13398,13898,14634,15663,16631,17160,17679,17584,16128,16844,17947
1088025,IND,India,Nagaland,0.01615,2026,2005,2072,2127,2223,2345,2473,2525,2631,2378,2408,2779,3004,3228,3138,4327,4557,4526,4382,4745,4872,4714,3839,4139,4592,4965,5075,5304,5665,5668,5559,6039,6435
1088026,IND,India,Odisha,0.0224,1238,1225,1266,1299,1358,1432,1511,1542,1607,1680,1813,1787,1838,1944,2245,2509,2542,2752,3039,3226,3201,3354,3504,3702,3897,4014,3990,4500,4835,5087,4687,4968,5293
1088027,IND,India,Puducherry,0.01573,3992,3951,4083,4191,4381,4620,4874,4975,5185,5514,5204,6154,6432,7372,7569,6866,9063,8500,8131,8143,9388,8573,8665,8826,9513,9309,10629,10878,11017,11351,9833,10126,10790
1088028,IND,India,Punjab,0.0152,2912,2882,2978,3057,3196,3371,3556,3630,3783,4063,4375,4767,4810,4874,4952,4705,4882,5184,5411,5680,5991,5902,6198,6377,6667,6904,7314,7477,7766,7785,6991,7337,7817
1088029,IND,India,Rajasthan,0.01879,1707,1689,1746,1792,1873,1975,2084,2127,2217,2369,2325,2226,2343,2183,2615,2639,2734,2977,2946,3212,3417,3787,4142,4304,4462,4843,5134,5337,5482,5535,5224,5674,6046
1088030,IND,India,Sikkim,0.03428,1966,1946,2010,2063,2157,2275,2400,2450,2553,2735,2542,2749,2879,3231,3402,3794,4080,3986,3994,4824,8796,9243,11491,11776,12497,13569,15137,16299,19392,19506,18685,20203,21526
1088031,IND,India,Tamil Nadu,0.02369,2388,2364,2443,2507,2621,2764,2916,2977,3102,3332,3317,3586,3480,3630,3816,4273,4753,5234,5217,5559,6236,6656,6743,7122,7510,8205,8740,9092,9735,10090,9336,10385,11065
1088032,IND,India,Telangana,0.03101,1700,1683,1739,1785,1866,1968,2076,2119,2208,2517,2476,2764,2902,3039,3267,3469,3909,4132,4345,5043,5036,5679,6599,6829,7202,7863,8667,9255,9961,10893,10478,11312,12053
1088033,IND,India,Tripura,0.02006,1499,1484,1533,1574,1645,1735,1830,1868,1947,2111,2410,2733,3053,3169,3349,3467,3597,3600,3409,3654,3859,3906,3415,3554,3969,4426,5185,5318,5579,5867,5500,5863,6247
1088034,IND,India,Uttar Pradesh,0.01358,1215,1202,1242,1275,1333,1406,1483,1514,1578,1624,1664,1680,1661,1771,1815,1841,1918,1982,1949,2097,2294,2265,2318,2421,2576,2678,2899,3058,3218,3237,2974,3018,3216
1088035,IND,India,Uttarakhand,0.03427,1546,1530,1581,1623,1697,1789,1888,1927,2008,2079,2307,2613,2698,3099,3218,3514,3971,4346,4670,5202,6083,6261,7265,7684,8114,8623,9103,9391,10045,9666,8533,8942,9528
1088036,IND,India,West Bengal,0.01601,1813,1795,1854,1903,1990,2099,2214,2260,2355,2615,2712,2835,2968,3122,3307,3219,3334,3444,3459,3644,3978,4007,3733,3934,4234,4364,4676,4778,5076,5396,5124,5936,6324
1089001,IRL,Ireland,Border,8.5e-4,22352,22651,22981,23072,24162,25636,27712,29408,31860,33110,28559,28966,32805,34158,35193,35598,38366,37143,34049,30109,29873,31965,30199,27579,27826,31661,27533,31774,30537,30512,23661,26984,28992
1089002,IRL,Ireland,Mid-East w/ Dublin,0.01719,31732,32157,32128,32860,35141,38606,41276,45742,48494,54010,61203,61574,62490,63261,68578,72988,73009,75157,71981,68270,69701,67592,68022,71912,79072,92609,92769,97243,100571,104044,113105,128994,138592
1089003,IRL,Ireland,Mid-West,0.01475,25917,26264,26306,26228,28680,30909,33040,35150,37338,40235,47426,50975,44609,49323,51176,49980,50193,52381,48133,44017,44882,45416,45157,43179,41530,55743,60372,68747,76280,85799,77867,88806,95414
1089004,IRL,Ireland,Midland,0.00363,20431,20705,20571,21247,21878,22689,24373,25060,26171,27686,31502,33012,31425,35925,39152,38304,42079,40136,35689,32833,30756,29940,28929,25907,28386,35843,30757,31121,28510,26240,25038,28555,30680
1089005,IRL,Ireland,South-East,0.01356,22313,22612,24869,25853,26983,27716,30045,31615,32918,36071,33406,34307,37557,42255,41938,42006,44417,46123,43620,36418,35465,33556,33021,40811,40551,50777,45665,45112,57780,69811,57712,65819,70717
1089006,IRL,Ireland,South-West,0.02558,26218,26570,29170,30513,30682,34673,35478,42062,48036,50970,54349,61331,72815,67138,64520,66640,68620,71429,64132,64376,64160,70439,69711,63654,71314,102711,116244,136414,154715,153901,180271,205595,220894
1089007,IRL,Ireland,West,0.00862,20491,20765,21385,21040,21971,24786,26876,28214,31288,35361,36694,37543,37251,36366,41351,41721,43592,43674,41022,38855,41939,45272,44875,39279,43208,48387,42039,43281,43082,43693,46820,53398,57371
1090001,IRN,Iran,Alborz,0.00944,8238,8943,9032,8850,8675,8773,9218,9221,9277,9323,9716,10390,10878,11961,11769,11637,13747,14802,15794,16565,16497,13544,13411,13352,15462,14469,13386,13145,12729,12196,12491,12978,13365
1090002,IRN,Iran,Ardebil,0.01056,5436,5901,5959,5840,5724,5789,6083,6084,6121,6152,6411,6516,7094,7834,7596,7581,7745,8361,8696,9199,9252,9424,9914,10374,11002,9591,9870,9939,9624,9221,9444,9812,10105
1090003,IRN,Iran,Bushehr,0.03207,8295,9005,9095,8912,8735,8834,9283,9285,9341,9388,9785,11771,13946,35115,35490,24985,23272,29919,27532,24847,34552,40251,39781,44009,40995,43103,62066,57561,55737,53405,54696,56830,58522
1090004,IRN,Iran,Chahar Mahall and Bakhtiari,0.01086,4862,5278,5330,5223,5120,5177,5440,5442,5475,5502,5734,6179,6508,6960,6651,7164,7312,7833,8198,8786,8972,9545,9747,8701,8899,8729,8623,8816,8537,8180,8378,8704,8964
1090005,IRN,Iran,East Azarbaijan,0.00657,7358,7988,8068,7906,7749,7836,8234,8236,8286,8328,8679,8805,9518,9951,10276,10022,9917,10686,10610,10822,10542,11207,11428,10764,10863,9815,11255,11186,10832,10378,10629,11044,11373
1090006,IRN,Iran,Esfahan,0.00716,9427,10234,10335,10128,9927,10039,10549,10552,10616,10669,11119,10952,11466,13339,14303,13926,13479,15260,15359,14712,15537,17082,16760,16572,15988,13036,14215,14362,13907,13325,13647,14180,14602
1090007,IRN,Iran,Fars,0.01058,6541,7100,7171,7027,6887,6965,7319,7321,7365,7402,7715,8121,9088,9852,9967,9690,9819,10297,9940,10105,10844,11764,12063,11905,12483,11562,12719,12348,11957,11456,11733,12191,12554
1090008,IRN,Iran,Gilan,0.00805,6901,7491,7566,7414,7267,7349,7722,7724,7771,7810,8140,8370,8963,9544,9023,9110,8851,9891,10275,10634,9862,10302,10412,10619,10932,10106,11662,11606,11239,10768,11029,11459,11800
1090009,IRN,Iran,Golestan,0.00391,6120,6643,6709,6575,6444,6517,6848,6850,6891,6926,7218,7026,7462,8306,8405,8102,7623,8172,8091,8485,8032,7961,8066,8089,8456,7513,8878,8210,7950,7617,7801,8105,8347
1090010,IRN,Iran,Hamadan,0.01078,5435,5901,5959,5840,5724,5788,6082,6084,6121,6152,6411,6947,7411,7679,8200,8047,8167,8905,8586,9518,9493,10219,10136,10261,11198,9077,9733,9532,9230,8844,9057,9411,9691
1090011,IRN,Iran,Hormozgan,0.00558,10132,10999,11109,10886,10670,10790,11338,11341,11410,11467,11951,12650,12177,13606,14952,13695,12780,12588,13662,12714,13582,16779,18026,17839,17975,13598,14508,14399,13943,13360,13682,14216,14640
1090012,IRN,Iran,Ilam,0.01857,7797,8464,8549,8377,8211,8304,8725,8728,8780,8824,9197,10075,8154,8894,13359,18846,20995,25654,23130,20108,22704,23525,15773,16450,16168,13654,21685,25993,25169,24116,24699,25662,26427
1090013,IRN,Iran,Kerman,0.00407,9031,9804,9901,9702,9510,9617,10106,10108,10170,10220,10652,9118,9364,9372,9190,9992,11120,11563,9776,10392,11450,11200,12315,11802,13179,10779,11770,12302,11912,11414,11690,12146,12508
1090014,IRN,Iran,Kermanshah,0.01345,4882,5300,5352,5245,5141,5199,5463,5464,5497,5525,5758,6118,6598,7404,7696,7801,7681,8142,8574,9381,10264,10982,11033,10048,11730,9770,9628,9975,9659,9255,9478,9848,10141
1090015,IRN,Iran,Khuzestan,0.00707,23300,25293,25545,25032,24535,24812,26073,26080,26238,26369,27482,25660,31053,30998,34284,37870,36864,40769,36354,29808,33571,36582,26751,26513,25234,35638,33906,39490,38238,36639,37524,38988,40149
1090016,IRN,Iran,Kohgiluyeh and Buyer Ahmad,-0.01027,57154,62045,62663,61404,60186,60866,63957,63974,64362,64684,67414,55288,54957,53751,62306,66946,61269,52938,45142,35936,42713,43641,26243,27606,23133,19696,33666,38711,37484,35916,36784,38219,39358
1090017,IRN,Iran,Kordestan,0.01066,4385,4761,4808,4711,4618,4670,4907,4909,4938,4963,5173,5117,5706,6238,6303,6403,6645,7108,7043,7667,7654,8477,7994,8007,9347,7785,7673,7949,7697,7375,7553,7848,8081
1090018,IRN,Iran,Lorestan,0.00867,5113,5550,5605,5493,5384,5445,5721,5723,5757,5786,6030,6346,6326,6799,6637,6816,7098,7130,7000,7491,8189,8090,8492,8392,8913,7834,8613,8482,8213,7870,8060,8374,8624
1090019,IRN,Iran,Markazi,0.00716,10972,11911,12029,11788,11554,11684,12278,12281,12355,12417,12941,14343,14961,15349,15425,14951,15699,15829,15314,15441,15831,17689,18534,17012,19740,17991,17303,16666,16138,15463,15837,16455,16945
1090020,IRN,Iran,Mazandaran,0.0084,8173,8872,8961,8781,8607,8704,9146,9148,9204,9250,9640,10480,10992,12022,11384,11670,11120,11937,13181,13413,13238,13277,13352,13368,13050,12079,13293,13217,12798,12263,12559,13049,13438
1090021,IRN,Iran,North Khorasan,0.00395,6196,6726,6793,6657,6524,6598,6933,6935,6977,7012,7308,7469,7759,8431,7432,7643,8417,8281,8332,8882,7568,8224,8073,7911,9193,7713,7869,7963,7710,7388,7566,7861,8096
1090022,IRN,Iran,Qazvin,0.00602,9819,10659,10765,10549,10340,10457,10988,10991,11057,11113,11582,11956,11379,11953,11531,12094,12260,12399,13800,13880,13156,14119,14525,14764,15233,15637,16802,14884,14412,13809,14143,14694,15132
1090023,IRN,Iran,Qom,0.00678,6418,6968,7037,6896,6759,6835,7182,7184,7228,7264,7570,8166,8800,9332,9512,9205,8793,9345,9365,9569,9707,10187,10518,10074,9567,10190,10119,9640,9334,8944,9160,9517,9801
1090024,IRN,Iran,Razavi Khorasan,0.00901,6196,6726,6793,6657,6524,6598,6933,6935,6977,7012,7308,7469,7759,8431,8837,8863,8875,9448,9260,10170,10496,11107,10522,10535,10805,9763,10222,10074,9755,9346,9572,9946,10242
1090025,IRN,Iran,Semnan,0.01065,8924,9688,9784,9588,9398,9504,9986,9989,10050,10100,10526,11119,11558,12599,14336,13683,13628,14144,14850,15438,17255,17878,16847,16925,15834,14568,17587,16184,15671,15016,15378,15978,16454
1090026,IRN,Iran,Sistan and Baluchestan,0.00854,3525,3827,3865,3787,3712,3754,3945,3946,3970,3989,4158,4274,4247,4413,4276,4494,4125,4123,4345,4675,5811,6079,6278,5777,6329,5595,6328,6497,6291,6028,6174,6414,6606
1090027,IRN,Iran,South Khorasan,0.00463,6196,6726,6793,6657,6524,6598,6933,6935,6977,7012,7308,7469,7759,8431,6705,7527,7898,8881,8909,9767,8315,8890,8274,8019,8911,8364,8518,8479,8211,7867,8057,8371,8621
1090028,IRN,Iran,Tehran,0.00868,13472,14625,14770,14474,14187,14347,15075,15079,15171,15247,15890,16992,17790,19561,19247,19032,22481,24207,25830,27091,26978,23854,23531,21083,21857,20964,22559,21997,21300,20409,20902,21717,22364
1090029,IRN,Iran,West Azarbaijan,0.00659,5353,5811,5869,5751,5637,5700,5990,5991,6028,6058,6314,6218,6484,6927,6608,6908,7011,6943,7065,8050,7517,8331,8032,8265,8369,7434,8312,7888,7638,7318,7495,7787,8019
1090030,IRN,Iran,Yazd,0.01628,8311,9022,9112,8929,8752,8851,9300,9303,9359,9406,9803,10615,11290,11758,10987,12370,13164,13874,14284,14928,18349,18809,23154,21106,22169,18466,19932,19741,19115,18316,18758,19490,20071
1090031,IRN,Iran,Zanjan,0.01148,6095,6616,6682,6548,6418,6491,6820,6822,6863,6898,7189,6775,7456,8281,8628,9378,9408,9252,9592,10036,10252,10473,10833,10560,11360,12439,12436,12141,11757,11265,11537,11987,12344
1094001,ITA,Italy,Agrigento,0.00232,18802,19075,19218,19039,19442,19999,20243,20599,20962,21295,22087,22637,23343,23793,24074,24049,25352,25567,23202,22601,22388,22361,22226,21681,21106,21173,20819,21313,21344,21900,20558,22365,23257
1094002,ITA,Italy,Alessandria,0.00149,33278,33761,34014,33698,34410,35397,35829,36458,37101,37690,39093,42471,43372,44425,45402,44420,45529,45586,42921,41334,42147,41265,39325,38474,37942,38870,38709,40668,40167,40994,36765,39998,41592
1094003,ITA,Italy,Ancona,0.00121,36759,37293,37572,37223,38010,39100,39576,40272,40981,41633,43181,43737,44178,43445,43251,42884,44951,46665,47156,44157,43918,43798,42223,40899,41569,41833,41855,42455,42655,43363,39738,43232,44955
1094004,ITA,Italy,Aosta Valley,6.9e-4,47640,48332,48694,48241,49261,50674,51292,52193,53113,53957,55964,57161,57078,58998,58565,58780,59280,59090,59231,55550,57723,57998,57380,54030,53024,52883,52051,53746,53726,54161,49057,53370,55498
1094005,ITA,Italy,Arezzo,0,36381,36909,37186,36840,37619,38698,39169,39858,40560,41204,42737,45177,45831,45762,46238,45434,46660,45781,42250,39637,40306,40474,39775,39728,39878,38923,37754,39645,40361,41490,36928,40175,41777
1094006,ITA,Italy,Ascoli Piceno,0,34494,34995,35257,34929,35668,36691,37138,37790,38456,39068,40521,41452,41781,42147,43441,42381,41870,43395,39067,37997,36768,36538,35105,34254,35265,34695,34914,35404,35352,37265,35272,38374,39903
1094007,ITA,Italy,Asti,9.2e-4,32899,33377,33627,33314,34018,34994,35421,36043,36678,37261,38647,39734,39527,39759,39998,39622,40532,40592,37865,33808,35374,37064,35868,35642,35368,35455,35681,35908,36530,37015,33931,36914,38386
1094008,ITA,Italy,Avellino,0,22944,23277,23452,23234,23725,24405,24703,25137,25580,25986,26953,28653,28822,27942,27630,27717,29026,29490,28883,27598,27559,27290,25460,25469,24560,26132,25364,26087,26663,26104,23867,25966,27001
1094009,ITA,Italy,Bari,0,27926,28332,28544,28279,28876,29705,30067,30595,31134,31629,32806,33555,32722,31947,31588,31236,32273,32661,32144,30556,30929,30926,30555,29344,28748,29447,29938,30095,30856,31639,29363,31945,33219
1094010,ITA,Italy,Barletta-Andria-Trani,0,21119,21425,21586,21385,21837,22464,22737,23137,23545,23919,24809,25092,24351,23709,23641,23323,23861,24156,23884,22421,22861,22811,22372,21808,21661,21920,22312,22877,22824,23048,21236,23103,24024
1094011,ITA,Italy,Belluno,0.00105,39102,39670,39967,39595,40432,41592,42099,42839,43593,44286,45934,45353,44863,45221,45370,43013,43229,44126,44825,40061,41469,43853,42715,42723,43863,44023,45392,45992,46422,49474,41072,44683,46464
1094012,ITA,Italy,Benevento,-0.00207,24009,24358,24540,24312,24826,25538,25849,26304,26767,27192,28204,28077,28176,27703,27509,27291,27644,28425,26530,25094,25350,25109,24940,25479,23663,24091,23676,23994,24306,24280,22785,24789,25777
1094013,ITA,Italy,Bergamo,0,44714,45364,45703,45279,46236,47562,48142,48987,49851,50643,52527,53477,53836,53503,53355,53683,55137,54722,51474,49398,48497,48390,46313,44871,44818,45025,45827,46647,47425,48563,44124,48004,49917
1094014,ITA,Italy,Biella,-0.00105,37163,37702,37985,37631,38427,39529,40011,40714,41431,42090,43656,44038,42434,41449,39619,40518,42308,42466,42924,38593,39758,40430,37868,36877,36686,37467,37565,38199,39096,38596,34822,37884,39394
1094015,ITA,Italy,Bologna,0.001,50105,50832,51213,50737,51809,53295,53945,54893,55860,56748,58859,58127,57713,56955,56941,57162,59211,58734,56855,53530,56496,58134,55587,54958,55123,55772,56235,57479,58102,59102,53941,58685,61024
1094016,ITA,Italy,Bolzano-Bozen,0.00313,51592,52341,52733,52243,53347,54877,55546,56522,57518,58432,60606,60508,59122,59167,60851,60233,61759,62398,62228,60408,61784,62547,63722,63154,62802,63220,63425,64848,66251,67643,61599,67016,69687
1094017,ITA,Italy,Brescia,0,44939,45591,45932,45506,46467,47800,48383,49233,50100,50897,52790,54658,54800,54076,53917,52433,53010,53788,52084,46555,46900,48001,46140,44832,44874,45275,46354,47541,48298,49147,44674,48602,50540
1094018,ITA,Italy,Brindisi,0.00137,22527,22854,23025,22811,23293,23962,24254,24680,25115,25514,26463,26094,26437,27116,26902,26781,28151,27567,25312,24365,25405,26338,26386,25105,25095,26011,25084,25576,26210,26080,24729,26904,27976
1094019,ITA,Italy,Caltanissetta,0,23081,23416,23591,23372,23866,24551,24850,25287,25732,26141,27114,26331,25971,25968,26444,27110,26941,27285,28209,25301,25234,24577,23490,23543,22052,21731,21355,21373,21304,22129,21792,23708,24653
1094020,ITA,Italy,Campobasso,0,28320,28731,28946,28677,29283,30123,30490,31026,31573,32075,33268,33896,33623,33119,33518,33511,35567,36641,34813,33420,33158,32623,31743,29184,28189,28624,28762,29392,29864,31015,28792,31323,32572
1094021,ITA,Italy,Caserta,0.00231,22110,22431,22599,22389,22862,23518,23805,24223,24650,25041,25973,26915,27643,27622,28042,28286,28766,28910,26423,25464,24465,24015,23943,23166,23040,23084,23460,23640,23567,24392,23100,25132,26134
1094022,ITA,Italy,Catania,0,24434,24788,24974,24742,25265,25990,26306,26769,27240,27673,28703,29051,29086,29359,29054,29864,29897,29761,30066,28545,28219,27644,27176,26189,25742,25244,25403,25743,26018,27082,24689,26860,27930
1094023,ITA,Italy,Catanzaro,0.00547,21137,21444,21605,21404,21856,22483,22757,23157,23565,23939,24830,26647,26216,26086,27456,27294,27949,27678,28846,28414,28948,30114,29542,28281,28130,27031,28099,28549,28116,28415,26417,28740,29886
1094024,ITA,Italy,Chieti,7.5e-4,32774,33249,33498,33187,33888,34861,35286,35905,36538,37119,38500,37432,36954,36007,33413,35505,37419,36639,37612,34592,36079,37849,36351,35550,35082,35752,35691,37006,36408,36995,33696,36659,38120
1094025,ITA,Italy,Como,-0.00264,41708,42314,42631,42234,43127,44364,44905,45694,46499,47238,48995,50037,49147,47684,46348,46981,47042,48373,44827,41215,42861,43366,40361,39187,40108,39867,39911,40960,40692,40829,36596,39814,41402
1094026,ITA,Italy,Cosenza,0,21413,21724,21887,21683,22141,22777,23054,23459,23873,24252,25154,25010,24577,24798,24911,25176,25935,26553,25661,24609,23912,23889,23060,22284,21509,21783,22130,22279,21946,22377,20794,22622,23524
1094027,ITA,Italy,Cremona,-0.00176,44641,45289,45628,45204,46159,47483,48062,48907,49768,50559,52440,49587,49208,48525,48082,47982,48306,49286,47309,41868,43351,43048,42003,42986,41724,41623,42775,45031,45147,45778,43271,47076,48953
1094028,ITA,Italy,Crotone,0.00145,21659,21973,22138,21932,22396,23038,23319,23729,24147,24531,25443,26303,27003,27495,28117,29067,29112,28864,29138,26946,27478,27022,25535,24656,23712,23460,23539,24668,25008,24920,22650,24642,25624
1094029,ITA,Italy,Cuneo,0.00242,38005,38557,38846,38485,39298,40425,40918,41637,42371,43044,44645,45785,46856,48523,49990,50700,50419,51020,49414,45224,46520,46212,44168,43860,43585,43940,44687,45789,45696,46795,43931,47793,49699
1094030,ITA,Italy,Enna,0.00195,19423,19705,19853,19669,20084,20660,20912,21280,21655,21999,22817,23239,23588,23627,24595,24684,24647,26482,24774,24399,24150,22861,22461,21810,22475,21566,21518,21792,22062,22472,21500,23391,24323
1094031,ITA,Italy,Fermo,0,33867,34358,34616,34294,35019,36023,36463,37103,37757,38357,39784,40698,41927,42135,42703,41375,40870,41927,39108,37290,36871,36183,35818,35061,34538,34373,35178,35388,34919,35241,30470,33149,34471
1094032,ITA,Italy,Ferrara,0,35374,35888,36157,35821,36578,37627,38086,38755,39438,40064,41555,42192,42028,42179,43120,42017,41314,43490,42665,37752,36997,37986,36876,36609,36291,37070,37704,38437,38319,37726,34522,37558,39055
1094033,ITA,Italy,Florence,0,48033,48730,49095,48639,49667,51092,51715,52623,53550,54401,56425,57307,56270,55868,55629,55390,56796,56888,56861,54198,54079,54458,53571,51746,52125,52056,52680,53011,54251,59877,47682,51875,53943
1094034,ITA,Italy,Foggia,0.00115,22281,22605,22774,22562,23039,23700,23989,24410,24840,25235,26174,25871,26340,25658,26566,26962,27163,27009,25936,25435,25361,25138,25457,25321,24619,24945,25169,25177,25686,26134,23848,25945,26979
1094035,ITA,Italy,ForlÔøΩ-Cesena,0.00173,39558,40133,40433,40057,40904,42077,42590,43339,44102,44803,46470,44852,45064,45555,46606,45958,47600,48727,46199,44548,45835,46084,44522,43851,43848,44693,45109,45800,46241,46511,43297,47104,48982
1094036,ITA,Italy,Frosinone,0,28129,28537,28751,28483,29085,29920,30285,30817,31360,31858,33043,35255,35773,35479,36437,36233,36094,36428,33880,32725,32854,33707,31864,30260,29875,30299,30756,31723,31872,32965,29465,32056,33334
1094037,ITA,Italy,Genoa,0.00272,40202,40785,41091,40709,41569,42762,43283,44043,44819,45532,47225,49329,48616,49219,49806,49888,50608,51883,52660,50246,50085,49322,47975,46342,47324,48037,48817,49933,49715,51376,44585,48505,50439
1094038,ITA,Italy,Gorizia,4.5e-4,34781,35286,35551,35220,35965,36996,37447,38105,38776,39393,40858,41191,40850,39849,40107,41680,41632,40983,38591,36335,40391,40355,37185,37229,37201,37443,38678,38959,39625,41132,35418,38532,40068
1094039,ITA,Italy,Grosseto,0.00311,26945,27336,27541,27285,27862,28661,29010,29520,30040,30518,31653,32884,35960,37454,38870,38032,40211,39873,38802,37273,38225,36577,35242,34445,33699,34302,34531,34791,34711,34728,32947,35844,37273
1094040,ITA,Italy,Imperia,2.8e-4,31842,32304,32546,32243,32925,33869,34282,34884,35499,36063,37405,38586,38391,39197,39068,38150,39480,43406,41901,34284,32764,36474,35148,34179,33671,33392,33668,33601,33906,34641,31629,34410,35782
1094041,ITA,Italy,Isernia,0,26326,26708,26908,26658,27221,28002,28344,28842,29350,29816,30925,32161,32045,32034,32852,33837,34038,33209,32990,31907,31828,31918,29075,27258,27743,28059,27776,28355,28603,28777,27115,29500,30676
1094042,ITA,Italy,L'Aquila,0.00381,28901,29321,29540,29266,29884,30741,31116,31663,32221,32733,33951,35448,34782,33815,34128,35543,36673,38870,36830,33559,35717,37507,38314,36405,35452,35136,34723,35362,35333,36441,33631,36589,38047
1094043,ITA,Italy,La Spezia,7.4e-4,37942,38492,38781,38420,39232,40358,40849,41567,42300,42972,44570,44231,43318,42415,42918,44630,42702,42872,42475,40117,41778,43983,43256,42353,41806,41867,42230,42498,42772,43345,41033,44641,46421
1094044,ITA,Italy,Latina,0,29475,29903,30127,29847,30478,31352,31734,32292,32861,33383,34625,35845,37661,38841,40314,40763,39700,39127,36405,34342,34616,33650,33036,31565,30785,30820,30958,31229,32024,32659,30975,33699,35042
1094045,ITA,Italy,Lecce,0.00128,20303,20598,20753,20560,20994,21596,21860,22244,22636,22995,23851,25449,25631,26040,25956,26222,26583,26248,24612,23986,23943,23837,23671,22776,22749,23200,22913,23254,23842,24465,22725,24723,25709
1094046,ITA,Italy,Lecco,-0.00119,43600,44233,44565,44150,45084,46377,46942,47767,48608,49381,51218,50559,50583,50145,50207,50019,49246,50049,47237,42622,42820,43180,42129,42005,41630,42224,42562,43742,44286,44952,41210,44834,46621
1094047,ITA,Italy,Livorno,0.00326,31313,31768,32006,31708,32379,33307,33713,34306,34910,35465,36784,36927,37471,37973,38737,38306,39780,38078,40312,39115,39875,40110,38713,37247,37227,37714,37869,37679,37626,37774,34756,37812,39320
1094048,ITA,Italy,Lodi,0,37499,38043,38328,37972,38774,39887,40373,41082,41806,42470,44050,44906,44703,43757,43191,45470,48425,46846,41055,40740,41694,39196,38072,37847,37821,36134,37678,37723,37492,39369,36265,39454,41027
1094049,ITA,Italy,Lucca,0.0044,32230,32698,32943,32636,33326,34282,34700,35310,35932,36503,37861,38357,38878,39034,39497,39768,40420,43075,41980,41405,42223,41736,40293,38691,38743,38593,39099,39860,40157,40802,37884,41216,42859
1094050,ITA,Italy,Macerata,0.00119,32310,32779,33025,32718,33409,34367,34786,35397,36021,36594,37955,38827,39081,38160,38668,40309,42139,40925,38096,36978,37156,37515,36039,35214,35595,34972,35450,37234,37771,37898,34631,37676,39178
1094051,ITA,Italy,Mantua,0,41215,41813,42126,41735,42617,43839,44373,45153,45949,46679,48415,48130,47792,47074,46298,45329,45370,46032,45207,41932,43313,44409,42800,41982,42226,42736,43320,45130,45490,45104,41877,45559,47375
1094052,ITA,Italy,Massa-Carrara,0.0037,26924,27315,27520,27264,27840,28639,28988,29497,30017,30494,31628,33293,33705,34332,34270,35477,36086,36110,33344,34927,33786,34201,34291,33420,34290,33660,34079,35071,35280,35579,33009,35912,37344
1094053,ITA,Italy,Matera,0,26093,26471,26670,26422,26980,27754,28092,28586,29090,29552,30651,31971,31280,30853,32159,31637,32440,33244,31564,29532,27078,27556,26307,25951,25442,25931,25812,25977,26957,27580,26471,28799,29947
1094054,ITA,Italy,Messina,0,24414,24768,24954,24722,25244,25968,26285,26747,27218,27651,28679,29941,29298,28856,28542,29701,29761,29936,28074,26617,26055,27042,26422,25777,25643,25002,25203,25574,25747,26164,24591,26753,27820
1094055,ITA,Italy,Milan,0.00396,59678,60544,60998,60431,61708,63478,64252,65381,66533,67590,70105,72229,73377,73774,73813,74641,74236,75521,81093,77179,81042,80920,77596,73985,73718,74554,76281,77189,78201,77819,72807,79209,82367
1094056,ITA,Italy,Modena,5.3e-4,47821,48515,48879,48424,49448,50866,51486,52391,53314,54161,56176,56355,55196,53503,52907,53313,55286,57892,57740,52117,52240,51750,50911,50795,51744,51885,53945,55344,54637,53282,49247,53578,55714
1094057,ITA,Italy,Monza e della Brianza,7e-4,38190,38745,39035,38672,39489,40622,41117,41840,42577,43253,44863,44896,44665,44204,44659,45003,44379,44936,46661,43196,45210,44809,43342,42372,41974,42230,42982,43473,43573,44333,41404,45045,46840
1094058,ITA,Italy,Naples,0.00117,24611,24969,25156,24922,25449,26179,26498,26963,27438,27874,28911,29957,30141,29860,30073,30197,30370,30559,31025,29631,29158,28427,27740,26328,26201,26557,26939,27372,27495,28365,25705,27966,29080
1094059,ITA,Italy,Novara,0,39594,40169,40470,40093,40941,42115,42629,43378,44142,44843,46512,46502,46384,46527,46675,46729,47425,47609,44349,40247,42015,41091,40211,39447,39157,40203,41088,41855,42377,43678,40157,43688,45430
1094060,ITA,Italy,Padua,8.2e-4,41811,42418,42736,42339,43234,44474,45016,45807,46614,47355,49116,48902,48117,49099,50322,50058,49645,49907,48267,44511,46711,48352,46748,45346,45479,45811,46981,47901,48112,48777,44881,48827,50774
1094061,ITA,Italy,Palermo,0.00416,21572,21886,22050,21845,22306,22946,23226,23634,24050,24433,25341,27672,27530,27566,27954,28969,29511,29474,30392,29444,29285,28217,27387,26561,25773,26273,26010,26513,26570,27098,25272,27494,28590
1094062,ITA,Italy,Parma,7.4e-4,46484,47158,47512,47070,48065,49444,50046,50926,51823,52646,54605,56069,55845,55531,55946,55033,55628,56643,55273,52986,54693,54097,53305,51573,51348,51565,52115,53117,54133,54464,51102,55595,57811
1094063,ITA,Italy,Pavia,-0.0027,36902,37438,37718,37368,38157,39252,39730,40428,41141,41795,43349,45502,45489,44920,44626,42483,42723,42987,39380,35379,35806,36847,34803,34040,35072,34992,33955,34895,35271,35831,32556,35418,36830
1094064,ITA,Italy,Perugia,0,36489,37019,37296,36950,37731,38813,39286,39976,40681,41327,42865,43446,43127,42904,43029,43063,43593,43529,42938,39071,39309,39270,37852,36636,35480,36166,35931,36373,37267,37850,34480,37511,39007
1094065,ITA,Italy,Pesaro e Urbino,0.00148,32077,32542,32786,32481,33168,34119,34535,35142,35761,36330,37681,40100,40828,39763,39797,40725,42301,41830,40478,38345,38670,38990,37173,35981,36391,36957,37651,37828,38582,39301,36086,39259,40824
1094066,ITA,Italy,Pescara,0,32890,33368,33618,33305,34009,34985,35411,36033,36668,37251,38637,39951,39921,40077,39527,39343,38933,39866,39872,38732,37566,38574,38388,36881,35799,35340,34850,35373,35805,35197,31964,34774,36161
1094067,ITA,Italy,Piacenza,0.00173,41048,41644,41956,41566,42444,43662,44194,44970,45763,46490,48220,49366,49971,49907,50365,49862,52649,54552,50187,45330,42916,45923,44937,44318,44737,44669,44802,45571,46750,47439,44814,48755,50698
1094068,ITA,Italy,Pisa,0.00138,38928,39493,39789,39419,40252,41407,41912,42648,43399,44089,45729,46580,45324,44695,44746,45778,46464,48200,47681,44837,44321,45761,43895,42807,42197,42654,43437,44437,45280,45911,42489,46225,48068
1094069,ITA,Italy,Pistoia,0.00105,31447,31904,32143,31844,32517,33450,33857,34452,35059,35617,36942,37435,38503,38429,39982,39049,37948,40480,38243,35906,37101,38193,37574,35638,35517,35721,36354,36973,37132,37053,33911,36893,38364
1094070,ITA,Italy,Pordenone,0,40589,41178,41486,41101,41969,43173,43700,44467,45251,45970,47680,48707,47813,45617,46054,46841,47743,47042,44690,39961,43534,44695,42229,42198,41106,42607,42902,43189,44008,44762,41716,45384,47194
1094071,ITA,Italy,Potenza,0.00259,27441,27839,28048,27787,28374,29188,29544,30063,30593,31079,32235,31807,32132,31043,30785,30922,32471,33026,32814,30572,31208,31831,31698,32576,30788,34080,33656,33966,35589,34973,30517,33201,34524
1094072,ITA,Italy,Prato,-0.00178,43952,44590,44924,44506,45447,46751,47321,48152,49000,49779,51631,53322,52690,51793,51209,50389,50606,51981,48453,46229,44007,44607,42912,42569,41897,42840,44072,45302,46216,46281,39469,42940,44652
1094073,ITA,Italy,Ragusa,0,25444,25813,26007,25765,26310,27064,27394,27875,28367,28817,29890,29220,30706,32472,33489,32242,32973,31535,29683,29748,30602,30285,30846,26422,25841,24918,24604,25284,25573,25705,24000,26111,27151
1094074,ITA,Italy,Ravenna,0.00122,38392,38949,39241,38876,39697,40836,41334,42060,42801,43482,45099,46905,47292,47684,48419,48204,49047,48702,48864,44840,45046,47872,45303,44642,44659,44627,45264,45371,45434,45174,42045,45742,47566
1094075,ITA,Italy,Reggio di Calabria,0,22595,22923,23095,22881,23364,24034,24327,24755,25191,25591,26543,27448,27364,27242,27953,28721,28644,28520,28263,27224,26978,25746,25191,24377,24003,24411,23877,24388,24572,25290,23384,25440,26454
1094076,ITA,Italy,Reggio nell'Emilia,0,47717,48410,48772,48319,49340,50756,51374,52277,53198,54043,56054,56594,55524,54076,53793,55242,56073,56372,56530,50796,49894,50629,48308,47501,47211,48543,49530,50869,51166,51998,48140,52373,54461
1094077,ITA,Italy,Rieti,0,26726,27114,27317,27063,27635,28428,28774,29280,29796,30269,31395,29530,30837,31998,33614,33375,34290,34636,32183,30322,29903,29077,28834,27716,27132,26168,25660,26279,27363,28237,27668,30101,31301
1094078,ITA,Italy,Rimini,0.005,34422,34922,35184,34857,35593,36614,37061,37712,38376,38986,40437,41732,41993,42710,43918,44309,45576,46069,45489,42714,41811,44708,43262,41539,41139,40706,41671,42416,42652,43322,37611,40918,42549
1094079,ITA,Italy,Rome,0.00211,50479,51212,51595,51116,52196,53693,54348,55303,56277,57172,59299,61256,62100,61368,63101,63355,64151,64721,63243,60904,60557,60580,57534,54078,51900,51393,53149,53346,53841,54987,49744,54118,56276
1094080,ITA,Italy,Rovigo,0,33059,33539,33790,33476,34183,35164,35592,36218,36856,37442,38835,38979,39977,40963,41782,41436,40641,40317,37208,36007,37803,38066,35917,35251,35870,35849,35525,35925,36710,37094,34583,37623,39123
1094081,ITA,Italy,Salerno,0,24012,24361,24543,24315,24829,25541,25852,26307,26770,27196,28207,27857,28158,27811,27540,27832,28941,29373,27685,26595,26288,26540,26643,25902,25409,25905,25786,26156,26457,27000,25091,27297,28385
1094082,ITA,Italy,Sardinia,0.00297,25201,25567,25758,25519,26058,26806,27132,27609,28095,28542,29604,30538,30223,30653,31285,31327,31970,32136,32248,30880,30844,30871,30453,29087,28673,29518,29036,29449,29770,30598,27879,30330,31540
1094083,ITA,Italy,Sardinia,0.00297,25201,25567,25758,25519,26058,26806,27132,27609,28095,28542,29604,30538,30223,30653,31285,31327,31970,32136,32248,30880,30844,30871,30453,29087,28673,29518,29036,29449,29770,30598,27879,30330,31540
1094084,ITA,Italy,Sardinia,0.00297,25201,25567,25758,25519,26058,26806,27132,27609,28095,28542,29604,30538,30223,30653,31285,31327,31970,32136,32248,30880,30844,30871,30453,29087,28673,29518,29036,29449,29770,30598,27879,30330,31540
1094085,ITA,Italy,Sardinia,0.00297,25201,25567,25758,25519,26058,26806,27132,27609,28095,28542,29604,30538,30223,30653,31285,31327,31970,32136,32248,30880,30844,30871,30453,29087,28673,29518,29036,29449,29770,30598,27879,30330,31540
1094086,ITA,Italy,Sardinia,0.00297,25201,25567,25758,25519,26058,26806,27132,27609,28095,28542,29604,30538,30223,30653,31285,31327,31970,32136,32248,30880,30844,30871,30453,29087,28673,29518,29036,29449,29770,30598,27879,30330,31540
1094087,ITA,Italy,Sardinia,0.00297,25201,25567,25758,25519,26058,26806,27132,27609,28095,28542,29604,30538,30223,30653,31285,31327,31970,32136,32248,30880,30844,30871,30453,29087,28673,29518,29036,29449,29770,30598,27879,30330,31540
1094088,ITA,Italy,Sardinia,0.00297,25201,25567,25758,25519,26058,26806,27132,27609,28095,28542,29604,30538,30223,30653,31285,31327,31970,32136,32248,30880,30844,30871,30453,29087,28673,29518,29036,29449,29770,30598,27879,30330,31540
1094089,ITA,Italy,Sardinia,0.00297,25201,25567,25758,25519,26058,26806,27132,27609,28095,28542,29604,30538,30223,30653,31285,31327,31970,32136,32248,30880,30844,30871,30453,29087,28673,29518,29036,29449,29770,30598,27879,30330,31540
1094090,ITA,Italy,Savona,0.00369,36082,36606,36880,36537,37310,38380,38848,39530,40227,40866,42386,44427,43144,44117,44378,45674,46747,48172,46625,44130,42300,42401,40584,39542,38017,38430,38589,39704,39563,39214,36754,39986,41580
1094091,ITA,Italy,Siena,2.9e-4,39519,40093,40393,40018,40864,42036,42548,43296,44059,44759,46424,44683,45102,45578,45275,45020,45615,45995,45341,43578,44358,45412,45211,43351,44034,43895,45011,44696,44949,44627,40440,43996,45750
1094092,ITA,Italy,Siracusa,0,24074,24423,24606,24378,24893,25607,25919,26374,26839,27266,28280,27571,27248,27125,26578,28263,30173,29138,29255,27811,28139,27880,27981,27124,21840,26116,26369,27111,25873,25615,23403,25461,26476
1094093,ITA,Italy,Sondrio,0.00171,34624,35126,35390,35061,35802,36829,37277,37932,38601,39214,40673,41229,43116,44159,44537,43781,43860,44361,43386,42264,44537,45564,44026,42088,42789,41334,41614,41411,41656,43587,39205,42652,44352
1094094,ITA,Italy,Taranto,5.3e-4,23074,23409,23584,23365,23859,24543,24842,25279,25724,26133,27105,26634,26476,27151,27977,28226,28248,28097,27735,26032,26710,27441,26943,24724,25356,24388,25457,25969,25667,25985,24623,26788,27856
1094095,ITA,Italy,Teramo,0,31175,31627,31864,31568,32235,33160,33564,34154,34756,35308,36622,38093,37198,36286,35645,35778,36246,35939,35907,35302,36198,35812,34287,32926,32923,32810,32945,33567,33585,33916,31077,33810,35157
1094096,ITA,Italy,Terni,0,32855,33332,33581,33269,33972,34947,35373,35994,36628,37211,38595,40019,38832,38543,39002,37754,39910,40939,39129,36958,37425,36455,34108,32692,31617,32399,32534,33948,34649,34452,30911,33629,34969
1094097,ITA,Italy,Trapani,-0.00214,23668,24011,24191,23966,24473,25175,25482,25929,26386,26806,27803,27745,27537,27413,27248,27490,28149,27634,26561,24539,25049,24292,23624,23375,22294,22526,22505,22654,22933,23102,21440,23326,24256
1094098,ITA,Italy,Trento,0,48435,49138,49506,49046,50082,51519,52147,53063,53998,54856,56897,57700,56981,56528,56198,55851,56292,57156,56027,53859,54508,54686,53556,53779,52959,52214,52390,52980,54064,55043,50912,55389,57597
1094099,ITA,Italy,Treviso,0.00117,42224,42837,43158,42757,43660,44913,45460,46259,47074,47822,49601,50568,49905,49542,49578,51444,51395,52216,51867,45897,45694,46099,43780,42759,43553,43812,45268,45839,46644,47121,43588,47421,49312
1094100,ITA,Italy,Trieste,0.00473,35794,36314,36586,36246,37012,38074,38538,39215,39906,40540,42048,44104,43936,44332,44905,46342,46771,47029,47920,45053,46476,47364,46559,44602,45673,46567,46677,48785,49421,50008,47156,51303,53348
1094101,ITA,Italy,Turin,0,41799,42405,42723,42326,43220,44460,45002,45793,46600,47340,49101,49136,48737,48220,48338,48875,49554,49559,49197,44798,46310,47129,44431,44075,43098,43739,44731,46114,47080,46963,42337,46060,47896
1094102,ITA,Italy,Udine,0,40408,40995,41302,40918,41783,42981,43505,44270,45050,45766,47468,47958,48124,46633,46551,46991,48599,50586,48195,45125,44463,44096,42010,42229,41909,42673,42605,43129,43927,45003,41255,44883,46672
1094103,ITA,Italy,Varese,0,41897,42505,42824,42425,43322,44565,45108,45901,46709,47452,49217,48366,48963,49061,49264,47867,49234,48933,47708,42995,45614,44588,43824,41681,41705,42487,41628,41898,42476,42850,38507,41894,43564
1094104,ITA,Italy,Venice,6.7e-4,39007,39574,39870,39499,40334,41491,41997,42735,43488,44179,45823,45886,45143,46031,46778,46943,48773,48700,46051,44506,44854,45205,43206,42555,42448,43066,43736,44432,44631,45857,38525,41912,43583
1094105,ITA,Italy,Verbano-Cusio-Ossola,6.9e-4,30689,31135,31368,31077,31733,32644,33041,33622,34214,34758,36051,36837,37164,37328,37070,37918,39538,38971,35764,33645,34920,35416,34832,34502,33733,33577,33714,34748,34431,35382,31084,33818,35166
1094106,ITA,Italy,Vercelli,0.00172,35416,35930,36200,35863,36621,37672,38131,38801,39484,40112,41604,43178,44524,45485,46522,44201,47446,47440,42852,38620,39976,40722,39190,39017,37982,38346,38213,39118,39282,39441,38258,41622,43281
1094107,ITA,Italy,Verona,7.6e-4,41961,42570,42889,42490,43388,44633,45177,45970,46780,47524,49292,49273,47690,48030,48967,48840,50148,50500,48846,49369,48149,47754,46929,46043,45443,46041,47303,48511,48113,48563,44398,48302,50228
1094108,ITA,Italy,Vibo Valentia,0.00295,17805,18063,18199,18029,18410,18938,19169,19506,19850,20165,20915,22130,22720,22758,23315,23395,24340,23695,23728,22528,23368,23230,22154,21551,21263,21769,21800,21911,22328,23001,21179,23041,23960
1094109,ITA,Italy,Vicenza,7.5e-4,42223,42836,43157,42756,43659,44912,45459,46258,47073,47821,49600,50036,49451,49388,49588,48726,48568,49529,47792,44831,45789,47055,45608,45393,45188,46181,46797,48148,48586,49386,45680,49696,51678
1094110,ITA,Italy,Viterbo,-0.00203,30173,30611,30840,30553,31199,32094,32485,33056,33639,34173,35444,34610,35770,36639,38292,36356,34966,36039,33714,31389,32949,32606,31254,30157,30256,29724,29521,30046,30058,30253,28200,30679,31902
1096001,JOR,Jordan,Ajloun,0.01299,5569,5382,5845,5803,5812,5930,5858,5893,6132,6407,6748,7168,7642,8063,8836,9625,10037,10508,11329,11983,12337,12367,12498,12027,11058,10341,10007,9964,9881,9796,9453,9604,9716
1096002,JOR,Jordan,Amman,0.00392,11025,10655,11572,11489,11506,11741,11597,11667,11704,11800,12002,12328,12716,12869,13542,14178,14227,14346,14910,15214,15125,15161,15322,14745,13556,12678,12268,12215,12114,12009,11589,11774,11911
1096003,JOR,Jordan,Aqaba,0.00373,7380,7132,7746,7691,7702,7859,7763,7809,7770,7770,7837,7981,8162,8353,8888,9411,9550,9739,10236,10564,10621,10647,10760,10354,9519,8903,8615,8578,8507,8433,8138,8268,8365
1096004,JOR,Jordan,Balqa,0.00504,7789,7527,8175,8117,8128,8295,8193,8242,8328,8457,8664,8963,9312,9384,9833,10250,10239,10278,10633,10800,10685,10711,10824,10417,9577,8956,8667,8630,8558,8484,8187,8318,8415
1096005,JOR,Jordan,Irbid,0.00782,5704,5512,5987,5944,5953,6074,6000,6036,6223,6445,6731,7094,7506,7618,8039,8442,8496,8593,8958,9169,9144,9166,9263,8914,8195,7664,7417,7385,7323,7260,7006,7118,7201
1096006,JOR,Jordan,Jarash,0.01027,5151,4978,5407,5368,5376,5486,5419,5451,5508,5593,5730,5928,6159,6568,7268,7988,8399,8863,9625,10250,10621,10647,10760,10354,9519,8903,8615,8578,8507,8433,8138,8268,8365
1096007,JOR,Jordan,Karak,0.00299,9156,8849,9610,9542,9556,9751,9631,9689,9587,9530,9556,9672,9828,10089,10769,11437,11641,11906,12552,12991,13099,13131,13270,12770,11740,10980,10625,10579,10491,10401,10036,10197,10316
1096008,JOR,Jordan,Madaba,0.00276,7696,7438,8078,8020,8032,8196,8095,8144,8013,7921,7895,7941,8017,8269,8869,9462,9675,9939,10524,10939,11076,11103,11220,10798,9927,9284,8984,8945,8871,8794,8486,8622,8723
1096009,JOR,Jordan,Mafraq,0.00954,4330,4184,4545,4512,4519,4611,4554,4582,4641,4724,4851,5031,5239,5528,6058,6599,6881,7204,7767,8215,8458,8479,8569,8246,7581,7090,6861,6831,6775,6716,6481,6585,6661
1096010,JOR,Jordan,Maían,0.00821,5535,5350,5810,5768,5777,5895,5823,5857,5869,5910,6005,6160,6346,6728,7406,8099,8478,8908,9636,10224,10558,10583,10695,10293,9463,8849,8564,8527,8456,8383,8089,8219,8315
1096011,JOR,Jordan,Tafeila,0.01362,4970,4803,5216,5179,5186,5292,5227,5259,5581,5937,6357,6858,7416,7734,8383,9036,9330,9677,10341,10845,11076,11103,11220,10798,9927,9284,8984,8945,8871,8794,8486,8622,8723
1096012,JOR,Jordan,Zarqa,0.00285,5842,5646,6132,6088,6097,6221,6145,6182,6110,6067,6076,6142,6233,6409,6852,7288,7429,7610,8034,8327,8408,8428,8518,8197,7536,7047,6820,6791,6734,6676,6442,6545,6622
1097001,JPN,Japan,Aichi,0.00318,40800,42440,41733,40436,40480,41707,43829,42779,42414,41877,42574,43372,43895,44181,45032,46477,47329,48437,44910,41669,43314,44292,47097,48543,48885,49504,49199,50204,50684,49111,47191,48613,49287
1097002,JPN,Japan,Akita,0.00317,23683,24690,24898,25769,26899,27586,28876,28957,28915,28954,29222,29864,29561,29917,29933,30364,32055,32832,32195,32470,28742,29074,29774,30374,30802,31113,32025,33016,32685,33831,32508,33488,33951
1097003,JPN,Japan,Aomori,0.00401,22699,23171,24199,24242,25765,26523,27193,27378,27442,27640,27812,27817,27312,27500,27969,28010,31105,31086,31277,30728,29892,29906,30886,30729,31228,32565,33198,32168,31926,32821,31538,32488,32938
1097004,JPN,Japan,Chiba,0.00171,25875,26950,27063,26650,27449,27348,27945,28207,27857,27915,29589,28869,29324,30001,30438,30957,30046,31221,31285,29949,29196,28932,29218,30784,30496,30622,30645,30828,30956,30725,29524,30414,30835
1097005,JPN,Japan,Ehime,0.0036,24538,25055,25812,26671,27783,28418,29756,29255,29334,28656,29515,29892,29301,29762,30739,30532,32979,32878,31639,31042,31399,32690,31037,32042,32191,33212,34584,34556,34173,34699,33342,34347,34823
1097006,JPN,Japan,Fukui,0.00377,30200,31396,32440,32691,33576,33451,34337,35412,35138,34512,36561,37019,37043,37493,37208,38473,37956,38467,38192,37087,40170,39440,37471,38069,36855,38847,38483,40433,42780,43472,41772,43031,43627
1097007,JPN,Japan,Fukuoka,0.00281,27838,28605,29211,29419,30054,30074,30897,31804,31489,31236,31817,32088,31914,32586,32810,33709,34134,34913,34792,33421,34064,33524,33581,33984,34197,34820,35151,35133,35289,35238,33861,34881,35364
1097008,JPN,Japan,Fukushima,0.00366,27884,29323,29726,29280,30165,31435,32695,33260,33127,33281,34194,33840,33651,33448,34653,35243,36111,36559,36491,34138,33539,31078,34278,36853,37977,38263,39034,38658,39064,39124,37594,38727,39263
1097009,JPN,Japan,Gifu,0.00319,27664,28421,28972,29241,29080,29770,30884,30973,30950,30910,31166,31418,31350,31847,31572,32377,33692,33665,33964,31921,32872,32803,33529,33437,34096,34835,35326,35196,36161,36145,34732,35779,36274
1097010,JPN,Japan,Gumma,0.00345,30879,32624,32471,32191,33014,33807,34423,35307,34769,35180,34749,34532,34362,35143,34843,35113,35628,35832,35042,33763,36379,36256,37263,39037,39627,40454,40633,42862,42843,43327,41633,42887,43481
1097011,JPN,Japan,Hiroshima,0.00257,32212,33398,33773,32937,32810,33619,34594,34839,34371,33903,35176,34973,34901,35810,38233,39264,38017,39532,39265,36411,35412,36139,35358,36264,37862,38909,39458,39751,39184,38600,37091,38209,38738
1097012,JPN,Japan,Hokkaido,0.00178,26892,28136,28674,29278,29846,30584,31202,31331,31218,31236,32062,32685,32280,32455,32776,33021,32237,32022,32310,31473,31105,30807,31258,31997,32478,33163,33302,33930,34071,34372,33028,34023,34494
1097013,JPN,Japan,Hyogo,0.00256,30326,31518,31913,32338,31258,33761,34901,34298,32661,31930,31604,30740,30622,30634,31446,31750,32957,32718,33402,30755,33333,32664,33487,34078,34714,35258,35547,36218,36368,36689,35255,36317,36820
1097014,JPN,Japan,Ibaraki,0.00507,31063,32034,31530,31404,32790,32565,33526,34376,33514,33660,34286,33643,34484,35185,34505,34664,35583,37392,37880,33469,38287,39541,39709,39581,40394,41743,42122,44458,44882,44405,42669,43955,44564
1097015,JPN,Japan,Ishikawa,0.00224,30732,31607,31428,31738,31914,33170,34350,34730,34366,34824,35460,35707,35336,35630,36058,36986,38076,38827,38478,35005,33727,33178,34308,35636,36397,37372,37641,38225,38905,38068,36579,37682,38204
1097016,JPN,Japan,Iwate,0.00381,23936,24709,25715,25953,27406,28204,29426,29807,29717,29932,31386,30203,30342,30614,31260,31229,31529,31929,31754,30589,28519,29045,31255,32973,33942,34231,34547,35056,35782,35871,34468,35507,35999
1097017,JPN,Japan,Kagawa,0.0027,28493,30012,30524,30682,31056,32036,32626,33632,33558,32212,32776,33665,33778,33664,34121,34039,35384,35254,35223,34621,34247,35428,35921,35404,35462,35907,36660,36909,37087,37961,36476,37576,38096
1097018,JPN,Japan,Kagoshima,0.00526,21518,22171,22601,22876,23875,24450,25032,25527,25727,26218,27451,27646,27408,27882,28311,28768,29352,29978,30143,28849,28419,27907,28064,28892,29191,30093,30810,32445,32288,32691,31413,32360,32808
1097019,JPN,Japan,Kanagawa,0.00139,31644,32079,31684,31246,31344,31885,32972,32666,31950,31504,33610,33191,32902,33354,33137,33389,33928,33990,33766,31880,34328,34284,34177,34357,33923,35008,35467,34790,34885,34625,33271,34274,34749
1097020,JPN,Japan,Kochi,0.00384,21944,22870,23660,24303,25088,25401,25545,25716,26057,26278,28121,28146,27489,27809,27417,27733,27326,27317,27861,26778,27922,27875,28418,29512,30057,30783,31448,31437,31575,31986,30736,31662,32100
1097021,JPN,Japan,Kumamoto,0.00313,24734,25355,25682,25642,26338,26783,28078,28293,27580,27413,28439,29185,28536,29247,28576,29171,29259,30037,29985,28392,27984,28372,28887,29226,29254,29728,31314,32300,32331,33006,31716,32671,33124
1097022,JPN,Japan,Kyoto,0.00293,29571,31320,31321,31417,31490,31773,32044,32094,31748,31744,34046,33054,33549,34294,35081,35659,35843,36599,36731,34914,34577,34589,34444,34530,35653,36920,37730,36880,37178,37681,36208,37299,37815
1097023,JPN,Japan,Mie,0.00603,29157,29974,29823,29365,29540,30010,31211,31088,30471,30406,35208,34596,35058,35938,37866,38823,40505,41475,38512,37149,38837,37347,39197,41333,40976,41033,42613,42807,43281,41144,39535,40726,41290
1097024,JPN,Japan,Miyagi,0.00306,28533,29983,30517,30435,31265,31613,32981,33471,32967,32916,33421,33617,33303,33537,33441,34004,34229,34185,34039,32843,31777,31338,34895,36140,37484,38091,38112,38741,39060,38569,37061,38178,38707
1097025,JPN,Japan,Miyazaki,0.00446,21320,21806,22772,23073,23930,24217,25025,25504,25795,25829,27810,27875,28164,28739,29048,29071,29603,30204,30388,29380,27978,28293,28940,29861,29978,30721,31501,31374,31508,31199,29980,30883,31311
1097026,JPN,Japan,Nagano,0.0027,28941,29697,29916,29639,30404,32102,33269,33633,32432,33250,35040,34190,33333,33868,34106,35143,35513,36378,36199,35328,34487,34509,34357,34975,35582,36809,37129,37069,37550,37214,35759,36836,37346
1097027,JPN,Japan,Nagasaki,0.00447,22266,22580,24066,24298,24750,25507,26468,26457,26344,26179,25789,26342,26478,26738,27323,27884,28132,28561,29114,28984,28678,28526,28704,28982,28464,30344,31304,31693,32448,32744,31464,32412,32861
1097028,JPN,Japan,Nara,0.00292,21133,21171,21000,21151,21805,22074,22978,23279,22901,23130,23983,24179,24525,24489,24842,24975,25122,25369,25082,23598,24137,23318,23651,24153,24276,24442,25231,26068,26500,26713,25669,26442,26808
1097029,JPN,Japan,Niigata,0.00177,28982,30561,31076,31598,32308,33157,34787,34970,34986,34667,34291,34519,34189,34583,35347,36287,35557,35510,35470,34041,33977,33889,34599,35610,35459,35865,36420,36994,37583,37467,36002,37087,37600
1097030,JPN,Japan,Oita,0.00315,26377,27696,28242,28657,29357,30178,30172,31532,31506,31364,33821,32997,32860,34246,35189,34810,35074,35331,36378,32517,33502,33020,33661,34127,34627,35257,35171,35446,36617,36200,34785,35833,36330
1097031,JPN,Japan,Okayama,0.00249,30930,32277,32712,32141,32307,33335,33822,33325,33144,33136,32911,34098,33984,34000,33984,35161,37124,37285,36209,34301,34743,35709,35275,36708,36377,37943,37590,37802,37618,37505,36038,37124,37639
1097032,JPN,Japan,Okinawa,0.0039,21267,21304,21133,21285,21943,22213,23123,23425,23045,23276,24135,24638,24633,25006,24719,24936,25119,25334,26183,25876,24897,24813,25225,26041,26204,26864,27886,28238,28369,28750,27626,28458,28853
1097033,JPN,Japan,Osaka,5.7e-4,37473,39415,40294,39339,39133,40306,41626,41609,40934,40667,40657,40573,40430,40885,40676,41133,41046,42082,41977,39008,39590,39875,40078,40373,40916,41374,41373,42346,42430,42259,40607,41831,42410
1097034,JPN,Japan,Saga,0.00406,23255,24090,25741,26284,26732,27925,28806,28862,29026,29395,29872,29655,29731,30482,31209,31900,31793,33412,33376,30782,31168,30251,30128,30940,31259,32053,32279,33164,35572,35750,34352,35388,35878
1097035,JPN,Japan,Saitama,0.00232,24630,25397,25929,25329,25265,25363,25925,26436,26287,26352,27063,26911,26712,26937,27166,27556,28273,28758,28479,27489,27740,28215,28086,28652,28586,29114,29172,29200,29248,29214,28071,28917,29318
1097036,JPN,Japan,Shiga,0.00222,35550,38135,37703,36816,37112,38155,40600,40516,38174,38288,39237,38415,38774,39183,40237,40404,41962,41455,40351,39136,40424,39120,38693,39621,39771,40998,42327,43730,44163,44351,42617,43901,44509
1097037,JPN,Japan,Shimane,0.0047,23691,24661,25126,25091,25873,26252,27181,27730,28312,28496,30504,31124,30576,30445,31519,31668,31350,32683,31922,31148,31170,31398,31498,32104,32735,33574,34236,34320,35075,36036,34627,35671,36165
1097038,JPN,Japan,Shizuoka,0.00411,32799,34430,33965,33407,33960,34504,35560,35944,35728,35540,38805,38178,39054,39142,39627,40744,42741,42858,42596,38647,40852,40806,41362,42366,41943,42931,43312,43938,44655,44369,42634,43919,44528
1097039,JPN,Japan,Tochigi,0.00381,33243,33785,33529,33782,33791,35190,36647,36824,35932,35041,36207,36290,36272,36898,37415,38257,39172,39673,38835,37878,38743,37948,38213,40890,40832,42845,42704,43496,43625,43244,41553,42805,43398
1097040,JPN,Japan,Tokushima,0.00729,23922,24777,25314,25426,26048,27086,27976,28730,28637,28835,28858,29505,29802,31094,32098,31832,32679,32572,32624,32248,35178,35263,35479,37251,38099,38425,38386,39079,39688,40155,38585,39748,40298
1097041,JPN,Japan,Tokyo,0.00291,63806,63917,63175,62244,61682,63139,63639,64953,63305,62580,62722,63670,62812,63552,67750,69060,69566,69742,67849,62986,70564,71292,72057,72820,72044,71995,71863,74597,75006,74924,71995,74164,75191
1097042,JPN,Japan,Tottori,5e-4,26656,27508,27857,27847,28915,29671,30465,30629,30573,31075,31862,32232,31152,31580,31728,31108,32746,32331,32689,30737,28338,27937,28342,29073,29246,30017,30648,30727,30793,30837,29632,30525,30947
1097043,JPN,Japan,Toyama,0.00345,32289,33362,33496,33632,33824,34466,36181,35995,35373,35017,37252,36986,37335,38493,39309,39635,39915,40305,39933,36008,38184,38066,38574,39604,39946,40557,40333,40896,42472,42708,41039,42275,42861
1097044,JPN,Japan,Wakayama,0.00668,23658,24805,24850,25739,25453,25707,26657,26816,26669,26933,28664,29324,29477,30058,30882,32420,31661,31954,31857,29840,33556,34224,35040,35669,35005,34261,36116,34611,35801,36488,35061,36118,36618
1097045,JPN,Japan,Yamagata,0.00397,25193,25826,26276,26389,26997,27710,29180,29622,29516,29844,31163,30357,30600,30657,31592,31850,32081,33428,32278,30201,30216,29702,30609,32206,31855,32708,34016,35888,35915,36428,35004,36058,36558
1097046,JPN,Japan,Yamaguchi,0.00526,28613,29834,31382,30445,30867,31579,32374,33330,32569,32460,33552,33886,34790,35140,36145,37498,37156,38135,38108,36178,37950,37786,38095,39756,40129,39311,40926,42469,42745,42454,40795,42024,42606
1097047,JPN,Japan,Yamanashi,0.00374,29894,30491,29960,29683,30364,31205,32578,33129,32410,32365,33956,32932,33192,33215,33269,34119,34032,34531,34991,32309,35941,35636,34751,35469,35931,37109,38002,38519,39716,39694,38142,39292,39836
1098001,KAZ,Kazakhstan,Almaty,0.01879,15519,13742,13041,11899,10565,9915,10128,10476,10468,10485,10428,12905,14881,15621,18006,20132,23895,23970,21896,20715,21171,22036,23725,26158,27096,32218,32078,31867,29883,30677,29347,30238,30243
1098002,KAZ,Kazakhstan,Aqmola,0.02682,9330,8262,7840,7154,6352,5961,6089,6298,6294,8752,9587,12176,12732,14457,18322,22034,23731,25154,23483,23454,23667,23844,25441,29565,30755,38677,35154,35567,36319,38239,37148,38276,38282
1098003,KAZ,Kazakhstan,Aqtöbe,0.03076,5803,5138,4876,4449,3951,3707,3787,3917,3914,3584,3876,4344,5037,5822,6397,7498,7595,8359,8776,7859,8873,9351,9717,9087,8875,22294,22711,22943,24143,24327,22744,23435,23439
1098004,KAZ,Kazakhstan,Atyrau,0.02712,24226,21453,20358,18575,16493,15477,15810,16353,16342,18904,28505,30667,38662,42148,48967,51964,56924,53815,64163,64265,75767,76548,67170,64971,65805,75177,80079,81108,96312,104673,81325,83796,83809
1098005,KAZ,Kazakhstan,East Kazakhstan,0.00961,19251,17047,16177,14761,13106,12299,12563,12995,12986,12873,12507,13381,13441,13594,14180,14361,15459,17048,15672,16005,16694,18408,19091,19463,19809,17168,18321,18929,19832,20767,22804,23497,23501
1098006,KAZ,Kazakhstan,Mangghystau,0.03599,8621,7634,7245,6610,5869,5508,5626,5820,5815,6848,9421,9982,13296,13159,16246,20624,23732,26225,32168,30813,34774,35124,31127,33063,37169,36275,35979,42481,44034,38650,29836,30742,30747
1098007,KAZ,Kazakhstan,North Kazakhstan,0.01676,10945,9692,9198,8392,7451,6992,7143,7388,7383,7213,6005,7646,8338,9389,9088,9440,9968,11496,12031,11212,10735,13021,12349,12256,12002,15175,14757,16384,16589,17731,19426,20016,20019
1098008,KAZ,Kazakhstan,Pavlodar,0.01276,6897,6108,5796,5289,4696,4407,4501,4656,4653,3789,4293,4659,4657,5038,5471,5241,5069,5405,6400,5819,5703,7036,6456,6625,6016,23810,23839,25930,27819,28584,28131,28986,28990
1098009,KAZ,Kazakhstan,Qaraghandy,0.01481,19395,17175,16298,14871,13204,12391,12657,13092,13083,13897,15513,16174,17333,18761,19437,22425,25333,27091,29147,28405,29432,32183,30960,30078,30994,23369,24538,25670,26220,27801,30044,30957,30961
1098010,KAZ,Kazakhstan,Qostanay,0.00768,19590,17348,16462,15021,13337,12515,12785,13224,13215,13105,13088,12819,13220,14821,15192,15217,14871,18144,18766,17740,17261,19240,17964,18729,17749,16205,15767,17437,18068,19980,22426,23107,23111
1098011,KAZ,Kazakhstan,Qyzylorda,0.0123,12764,11303,10726,9787,8690,8155,8330,8617,8610,7341,9036,9997,12848,14505,16395,18064,21389,24035,26356,22079,23699,23346,23870,23587,21062,16034,15654,15334,16079,16376,13884,14306,14308
1098012,KAZ,Kazakhstan,South Kazakhstan,0.01412,12496,11066,10501,9582,8508,7984,8155,8435,8430,9184,11618,14080,14261,16203,14540,14431,14129,17499,17502,20709,22478,23995,27733,28743,29921,9326,8988,9174,10007,10026,10830,11159,11161
1098013,KAZ,Kazakhstan,West Kazakhstan,0.04276,3725,3299,3130,2856,2536,2380,2431,2515,2513,2992,4050,4731,5474,5538,8861,8562,9060,9373,10501,9785,10414,11136,13591,12505,12876,32345,32951,33288,35029,35296,32999,34002,34007
1098014,KAZ,Kazakhstan,Zhambyl,0.02961,3435,3041,2886,2634,2338,2194,2241,2319,2317,2115,2138,2374,2732,3520,3626,3813,3587,4248,4317,4321,4601,5567,6232,6494,6733,9573,9748,10033,10485,10825,11410,11757,11758
1099001,KEN,Kenya,Baringo,0.00718,2330,2284,2193,2133,2123,2152,2176,2124,2131,2115,2063,2076,2025,2023,2064,2121,2193,2275,2213,2220,2332,2384,2428,2457,2564,2831,2801,2816,2911,2996,2925,3082,3165
1099002,KEN,Kenya,Bomet,0.00657,3146,3083,2961,2880,2867,2906,2938,2868,2877,2856,2785,2804,2734,2732,2786,2864,2961,3071,2989,2998,3150,3220,3278,3318,3427,3344,3571,3617,3740,3849,3758,3959,4066
1099003,KEN,Kenya,Bungoma,0.00718,1855,1818,1746,1699,1691,1714,1733,1691,1697,1684,1642,1653,1613,1611,1643,1689,1746,1811,1762,1768,1857,1899,1933,1957,2243,2235,2304,2420,2502,2575,2514,2648,2720
1099004,KEN,Kenya,Busia,0.00718,2734,2680,2574,2503,2492,2526,2554,2492,2500,2482,2421,2437,2377,2374,2422,2489,2573,2669,2597,2605,2737,2798,2849,2884,3060,3206,3237,3527,3646,3753,3664,3860,3965
1099005,KEN,Kenya,Elgeyo-Marakwet,0.00707,4432,4344,4172,4058,4039,4094,4139,4040,4053,4024,3924,3950,3852,3849,3926,4035,4171,4327,4210,4223,4437,4536,4619,4674,4751,5140,5599,5887,6086,6264,6115,6443,6617
1099006,KEN,Kenya,Embu,0.00525,4405,4318,4147,4033,4015,4069,4114,4015,4028,3999,3900,3926,3829,3825,3902,4010,4145,4301,4185,4197,4410,4508,4591,4646,4456,4917,4657,4867,5032,5179,5056,5327,5471
1099007,KEN,Kenya,Garissa,0.00562,2467,2418,2323,2259,2249,2279,2304,2249,2256,2240,2184,2199,2145,2143,2185,2246,2322,2409,2344,2351,2470,2525,2571,2602,2624,2683,2700,2726,2818,2901,2832,2984,3065
1099008,KEN,Kenya,Homa Bay,0.00718,1999,1959,1882,1830,1822,1846,1867,1822,1828,1815,1770,1782,1738,1736,1771,1820,1881,1952,1899,1905,2001,2046,2083,2108,2200,2232,2308,2356,2435,2507,2447,2578,2648
1099009,KEN,Kenya,Isiolo,0.00718,2528,2478,2380,2315,2304,2335,2361,2304,2312,2295,2238,2253,2197,2195,2239,2302,2379,2468,2402,2409,2531,2587,2635,2666,2793,2942,2955,3082,3187,3280,3202,3374,3465
1099010,KEN,Kenya,Kajiado,0.00657,3340,3274,3145,3059,3045,3086,3120,3045,3055,3033,2958,2977,2904,2901,2959,3041,3144,3262,3174,3183,3345,3419,3481,3523,3604,3714,3895,3806,3935,4050,3954,4166,4279
1099011,KEN,Kenya,Kakamega,0.00681,2152,2109,2026,1970,1961,1988,2010,1962,1968,1954,1905,1918,1870,1869,1906,1959,2025,2101,2044,2051,2155,2202,2243,2270,2365,2474,2483,2503,2588,2664,2601,2740,2814
1099012,KEN,Kenya,Kericho,0.00532,3588,3517,3378,3286,3271,3315,3352,3271,3282,3258,3177,3198,3119,3116,3179,3267,3377,3504,3409,3419,3593,3673,3740,3785,3835,3799,3980,3897,4029,4146,4048,4265,4380
1099013,KEN,Kenya,Kiambu,0.00718,4927,4829,4638,4511,4491,4551,4602,4491,4506,4473,4362,4391,4283,4279,4364,4486,4637,4810,4681,4695,4933,5043,5135,5196,5447,5778,6012,6192,6402,6589,6433,6777,6961
1099014,KEN,Kenya,Kilifi,0.00548,2181,2138,2053,1997,1988,2015,2037,1988,1995,1980,1931,1944,1896,1894,1932,1986,2053,2130,2072,2078,2184,2232,2273,2300,2292,2443,2358,2399,2480,2553,2492,2626,2697
1099015,KEN,Kenya,Kirinyaga,0.00683,3867,3791,3641,3541,3525,3572,3612,3525,3537,3511,3424,3447,3361,3358,3425,3521,3640,3776,3674,3685,3872,3958,4030,4079,4259,4334,4446,4507,4660,4796,4682,4933,5067
1099016,KEN,Kenya,Kisii,0.00718,2513,2463,2366,2301,2291,2321,2347,2291,2298,2282,2225,2240,2184,2182,2226,2288,2365,2454,2387,2395,2516,2572,2619,2650,2732,2827,2863,2954,3054,3143,3069,3233,3321
1099017,KEN,Kenya,Kisumu,0.00603,4736,4643,4459,4337,4317,4375,4424,4317,4332,4300,4193,4221,4117,4113,4195,4312,4458,4624,4500,4513,4742,4848,4936,4995,5158,5163,5222,5206,5383,5540,5409,5699,5853
1099018,KEN,Kenya,Kitui,0.00535,2190,2147,2062,2005,1996,2023,2045,1996,2003,1988,1939,1952,1904,1902,1940,1994,2061,2138,2080,2087,2193,2241,2282,2310,2207,2631,2323,2466,2549,2624,2561,2699,2772
1099019,KEN,Kenya,Kwale,0.00613,2505,2455,2358,2294,2283,2314,2340,2283,2291,2274,2218,2233,2177,2175,2219,2281,2357,2446,2380,2387,2508,2564,2611,2642,2666,2722,2745,2848,2945,3031,2959,3118,3202
1099020,KEN,Kenya,Laikipia,0.00718,3096,3035,2915,2835,2822,2860,2892,2822,2832,2811,2741,2760,2691,2689,2743,2819,2914,3023,2942,2951,3100,3169,3227,3266,3364,3662,4022,3883,4014,4132,4034,4250,4365
1099021,KEN,Kenya,Lamu,0.00532,5049,4949,4753,4623,4602,4664,4716,4603,4618,4584,4470,4500,4389,4385,4472,4597,4752,4930,4797,4811,5055,5168,5262,5325,5158,5530,5277,5575,5764,5933,5792,6102,6268
1099022,KEN,Kenya,Machakos,0.00718,4780,4685,4500,4377,4357,4415,4464,4357,4371,4340,4232,4260,4155,4151,4234,4352,4498,4667,4541,4555,4786,4892,4981,5041,5169,5640,5630,5843,6041,6218,6070,6395,6568
1099023,KEN,Kenya,Makueni,0.00693,2459,2410,2315,2251,2241,2271,2296,2241,2249,2232,2177,2191,2137,2135,2178,2239,2314,2401,2336,2343,2462,2516,2562,2593,2696,2932,2939,2873,2970,3057,2985,3144,3230
1099024,KEN,Kenya,Mandera,0.00675,1293,1267,1217,1184,1179,1194,1208,1179,1183,1174,1145,1152,1124,1123,1145,1177,1217,1262,1228,1232,1295,1323,1348,1364,1406,1442,1465,1497,1547,1593,1555,1638,1682
1099025,KEN,Kenya,Marsabit,0.00628,2488,2439,2342,2278,2268,2298,2324,2268,2275,2259,2203,2217,2163,2161,2204,2265,2341,2429,2364,2371,2491,2546,2593,2624,2561,2842,2902,3011,3113,3204,3128,3295,3385
1099026,KEN,Kenya,Meru,0.00718,3009,2949,2833,2755,2743,2779,2810,2743,2752,2732,2664,2682,2615,2613,2665,2740,2832,2938,2859,2867,3013,3080,3136,3173,3398,3570,3659,3702,3828,3940,3846,4052,4162
1099027,KEN,Kenya,Migori,0.00718,1979,1939,1863,1812,1803,1828,1848,1804,1810,1796,1752,1763,1720,1718,1753,1801,1862,1932,1880,1885,1981,2025,2062,2087,2226,2285,2291,2486,2571,2646,2583,2722,2795
1099028,KEN,Kenya,Mombasa,0.00657,7506,7357,7066,6873,6841,6933,7011,6842,6864,6814,6645,6690,6524,6518,6649,6834,7064,7328,7131,7152,7515,7682,7822,7916,8072,8085,8351,8814,9112,9379,9157,9647,9908
1099029,KEN,Kenya,Murang'a,0.0069,3491,3422,3287,3197,3182,3225,3261,3183,3193,3170,3091,3112,3035,3032,3093,3179,3286,3409,3317,3327,3496,3573,3639,3682,3818,3872,4001,4045,4182,4304,4202,4427,4547
1099030,KEN,Kenya,Nairobi,0.0037200000000000002,10624,10414,10002,9728,9684,9814,9923,9685,9717,9646,9406,9469,9235,9227,9411,9673,9999,10373,10093,10124,10637,10874,11073,11205,11027,11028,11056,11119,11495,11832,11551,12170,12499
1099031,KEN,Kenya,Nakuru,0.00718,4411,4324,4153,4039,4021,4075,4120,4021,4034,4005,3905,3932,3834,3831,3907,4016,4152,4307,4191,4204,4417,4515,4597,4653,4961,5062,5327,5380,5563,5725,5589,5889,6048
1099032,KEN,Kenya,Nandi,0.00414,3016,2956,2839,2761,2749,2786,2817,2749,2758,2738,2670,2688,2621,2619,2671,2746,2838,2944,2865,2874,3019,3086,3143,3181,3192,3186,3318,3151,3258,3354,3274,3449,3543
1099033,KEN,Kenya,Narok,0.0052,3411,3344,3211,3124,3109,3151,3186,3110,3120,3097,3020,3040,2965,2963,3022,3106,3211,3331,3241,3251,3416,3491,3555,3598,3558,3623,3698,3709,3835,3947,3853,4060,4170
1099034,KEN,Kenya,Nyamira,0.00647,3240,3176,3050,2967,2953,2993,3026,2953,2963,2942,2869,2888,2816,2814,2870,2950,3049,3163,3078,3088,3244,3316,3377,3417,3588,3446,3922,3706,3831,3943,3850,4056,4166
1099035,KEN,Kenya,Nyandarua,0.00718,4452,4364,4192,4077,4058,4113,4159,4059,4072,4042,3942,3968,3870,3867,3944,4054,4190,4347,4230,4243,4458,4557,4640,4696,4982,5493,5847,6137,6345,6531,6376,6717,6899
1099036,KEN,Kenya,Nyeri,0.00718,4103,4022,3863,3757,3740,3790,3833,3741,3753,3725,3633,3657,3567,3564,3635,3736,3862,4006,3898,3910,4108,4200,4277,4328,4767,4727,4926,5165,5340,5497,5366,5653,5807
1099037,KEN,Kenya,Samburu,0.00589,2074,2033,1953,1899,1891,1916,1937,1891,1897,1883,1836,1849,1803,1801,1837,1888,1952,2025,1970,1977,2077,2123,2162,2188,2276,2200,2377,2310,2388,2458,2400,2528,2597
1099038,KEN,Kenya,Siaya,0.00718,1771,1736,1667,1622,1614,1636,1654,1615,1620,1608,1568,1579,1540,1538,1569,1613,1667,1729,1683,1688,1773,1813,1846,1868,2027,2232,2253,2335,2414,2485,2426,2556,2625
1099039,KEN,Kenya,Taita Taveta,0.00711,3128,3066,2944,2864,2851,2889,2921,2851,2860,2840,2769,2788,2719,2716,2770,2848,2944,3054,2971,2980,3132,3201,3260,3299,3543,3467,3710,3679,3804,3915,3822,4027,4136
1099040,KEN,Kenya,Tana River,0.00492,2814,2759,2649,2577,2565,2600,2629,2565,2574,2555,2492,2508,2446,2444,2493,2562,2649,2748,2674,2682,2818,2880,2933,2968,3600,2869,3048,3021,3124,3215,3139,3307,3396
1099041,KEN,Kenya,Tharaka-Nithi,0.00718,3304,3239,3110,3025,3011,3052,3086,3012,3022,3000,2925,2945,2872,2869,2927,3008,3110,3226,3139,3148,3308,3382,3443,3485,3670,3891,3981,4558,4712,4850,4735,4989,5124
1099042,KEN,Kenya,Trans Nzoia,0.00469,2882,2825,2714,2639,2627,2663,2692,2628,2636,2617,2552,2569,2506,2503,2553,2625,2713,2814,2738,2747,2886,2950,3004,3040,3110,3195,3038,3073,3177,3270,3192,3363,3454
1099043,KEN,Kenya,Turkana,0.00532,1887,1850,1777,1728,1720,1743,1763,1720,1726,1713,1671,1682,1640,1639,1672,1718,1776,1843,1793,1798,1889,1931,1967,1990,2024,2112,2080,2019,2088,2149,2098,2210,2270
1099044,KEN,Kenya,Uasin Gishu,0.00615,3696,3623,3480,3385,3369,3415,3453,3370,3381,3356,3273,3295,3213,3210,3274,3366,3479,3609,3512,3523,3701,3783,3853,3899,4102,4168,4233,4069,4207,4330,4228,4454,4575
1099045,KEN,Kenya,Vihiga,0.00718,2073,2032,1952,1898,1890,1915,1937,1890,1896,1882,1836,1848,1802,1801,1836,1888,1951,2024,1970,1976,2076,2122,2161,2187,2329,2463,2528,2581,2669,2747,2682,2825,2902
1099046,KEN,Kenya,Wajir,0.00626,2082,2041,1960,1906,1898,1923,1945,1898,1904,1890,1843,1856,1810,1808,1844,1896,1959,2033,1978,1984,2085,2131,2170,2196,2221,2296,2298,2340,2419,2490,2430,2561,2630
1099047,KEN,Kenya,West Pokot,0.00622,1803,1768,1698,1651,1644,1666,1684,1644,1649,1637,1597,1607,1568,1566,1597,1642,1697,1761,1713,1718,1806,1846,1879,1902,1953,2013,2069,1989,2057,2117,2067,2177,2236
1100001,KGZ,Kyrgyzstan,Batken,0.00948,3121,2824,2404,2030,1622,1518,1602,1735,1745,1783,1858,1939,1921,2035,2153,2126,2168,2331,2504,2545,2503,2620,2574,2798,2747,2662,2447,2366,2308,2373,2293,2279,2350
1100002,KGZ,Kyrgyzstan,Biškek,0.0118,12586,11390,9695,8188,6541,6121,6459,6998,7039,7190,7493,7819,7749,8209,8683,8573,8745,9403,10097,10265,10096,10566,10380,11285,11319,11051,11687,11971,13065,13173,11494,12260,12639
1100003,KGZ,Kyrgyzstan,Chüy,0.0132,4973,4500,3830,3235,2584,2418,2552,2765,2781,2841,2960,3089,3061,3243,3430,3387,3455,3715,3989,4055,3989,4174,4101,4459,4913,5774,5727,5973,5364,5220,4771,5238,5400
1100004,KGZ,Kyrgyzstan,Jalal-Abad,0.01346,3164,2863,2437,2058,1644,1539,1624,1759,1769,1807,1883,1965,1948,2063,2182,2155,2198,2363,2538,2580,2538,2656,2609,2837,2931,3152,3125,3358,3513,3554,2939,3148,3245
1100005,KGZ,Kyrgyzstan,Naryn,0.012070000000000001,3241,2933,2496,2108,1684,1576,1663,1802,1812,1851,1929,2013,1995,2114,2236,2207,2252,2421,2600,2643,2600,2721,2673,2906,3079,3350,3429,3145,3056,3064,3307,2812,2899
1100006,KGZ,Kyrgyzstan,Osh,0.01061,2169,1963,1671,1411,1127,1055,1113,1206,1213,1239,1291,1348,1335,1415,1496,1477,1507,1620,1740,1769,1740,1821,1789,1945,1968,1893,1808,1892,2065,2014,2006,2003,2065
1100007,KGZ,Kyrgyzstan,Osh (city),0.01299,6293,5695,4847,4094,3271,3060,3230,3499,3519,3595,3746,3910,3874,4105,4341,4286,4372,4701,5048,5132,5048,5283,5190,5642,6052,5930,6153,6843,6877,6715,6072,5845,6026
1100008,KGZ,Kyrgyzstan,Talas,0.01247,4064,3678,3130,2644,2112,1976,2086,2260,2273,2321,2419,2525,2502,2651,2804,2768,2824,3036,3260,3314,3260,3412,3352,3644,4042,4078,3861,3887,3453,3651,3600,5326,5490
1100009,KGZ,Kyrgyzstan,Ysyk-Köl,0.01051,9817,8884,7562,6386,5102,4774,5038,5458,5490,5608,5844,6099,6044,6403,6772,6686,6821,7334,7875,8006,7874,8241,8096,8802,8211,7558,8497,8394,8431,10035,9569,7499,7731
1104001,KOR,"Korea, Republic of",Busan,0.01782,8757,9602,10088,10668,11536,12514,13580,14155,14219,15535,16202,17587,18584,19706,20559,21355,22257,23687,25054,24270,24877,25193,25841,26443,27754,28688,29124,29343,30078,31643,30761,32138,33048
1104002,KOR,"Korea, Republic of",Chungcheongbuk-do,0.01792,13106,14370,15097,15966,17265,18729,20371,20224,19468,22019,22824,23051,24331,25000,27454,27419,29617,31089,30862,31280,34236,35871,36832,38021,39195,41588,43745,46435,48957,49011,48246,50406,51834
1104003,KOR,"Korea, Republic of",Chungcheongnam-do,0.02473,12601,13817,14516,15351,16600,18007,20087,22318,22124,25376,27915,28772,31335,33963,36673,38591,40415,42249,43740,46648,51499,54354,56353,56770,57268,57689,58990,61389,60368,59633,60017,62704,64480
1104004,KOR,"Korea, Republic of",Daegu,0.01497,8416,9227,9694,10252,11086,12026,13045,13770,13016,14237,15218,15704,16699,16989,17864,18559,19645,20644,20754,20380,21198,21958,22730,23613,24366,25138,25352,25522,26346,27424,27036,28247,29047
1104005,KOR,"Korea, Republic of",Daejeon,0.01391,10182,11164,11729,12404,13413,14550,15580,16271,15862,16685,18176,18510,20003,20636,21240,21762,22649,23418,24033,24684,25818,26508,26839,27162,27790,28854,30052,30353,31053,32976,33647,35153,36149
1104006,KOR,"Korea, Republic of",Gangwon-do,0.01452,10763,11801,12398,13112,14178,15380,17394,18149,17535,18722,19424,19921,21082,22430,23008,23732,25312,26707,27021,27119,27581,28248,28884,30029,31717,32269,33247,34233,35086,36945,36213,37834,38906
1104007,KOR,"Korea, Republic of",Gwangju,0.01495,9673,10606,11143,11784,12743,13823,15014,15358,14178,15113,16321,17092,18270,18124,18521,20145,21608,22854,22790,22702,24159,24416,24893,25909,27107,27710,28768,28874,30422,32072,32151,33590,34542
1104008,KOR,"Korea, Republic of",Gyeonggi-do,0.01529,12659,13880,14583,15422,16677,18090,18505,18289,17586,20348,22135,23002,24095,24275,25151,26201,27403,28374,28773,28966,31024,31667,32697,34264,35377,36821,37949,40390,41901,41474,41296,43145,44367
1104009,KOR,"Korea, Republic of",Gyeongsangbuk-do,0.01602,13197,14470,15202,16077,17385,18859,19988,22522,21869,24424,27283,27663,29579,31546,34831,36637,37587,38523,39917,40017,43148,44003,44022,45531,47858,46116,46991,47051,46257,45995,45102,47121,48456
1104010,KOR,"Korea, Republic of",Gyeongsangnam-do,0.01123,17006,18646,19590,20718,22403,24302,25550,27764,20874,22524,24210,25707,27334,27753,28968,30474,31951,34125,35910,35912,36271,37178,37875,37908,37744,38330,38446,37510,37582,39150,37525,39205,40315
1104011,KOR,"Korea, Republic of",Incheon,0.01374,12266,13449,14130,14943,16158,17528,18515,19409,17636,18667,19653,20999,23354,23696,25127,25856,27250,29009,27541,27819,30068,29904,29886,30567,32201,33289,34176,34644,34383,35083,34337,35874,36891
1104012,KOR,"Korea, Republic of",Jeju-do,0.01714,10719,11753,12347,13058,14120,15317,15808,16435,15762,17220,18156,18494,20122,20782,21979,22602,23147,24306,24348,25887,26357,28186,29576,30524,32078,33866,35542,36001,34847,35193,33170,34655,35637
1104013,KOR,"Korea, Republic of",Jeollabuk-do,0.01748,9689,10623,11161,11803,12764,13845,15424,16280,15362,16778,17878,18570,19551,19869,21040,21619,23095,24384,25313,26560,27198,28307,28501,29757,30488,30682,30618,30874,31578,33009,33077,34558,35537
1104014,KOR,"Korea, Republic of",Jeollanam-do,0.02164,13208,14482,15215,16090,17399,18874,20613,22966,23293,24226,25564,26752,28745,30553,34220,34707,35156,38867,41594,39583,44996,45466,45514,46443,45648,45912,46738,46989,47764,49365,49704,51929,53400
1104015,KOR,"Korea, Republic of",Sejong,0.02568,15268,16740,17587,18600,20113,21818,24338,27041,26806,30745,33822,34861,37966,41150,44434,46757,48968,51189,52995,56519,62396,65855,68278,68783,77754,59246,49964,45808,41784,41397,41242,43088,44309
1104016,KOR,"Korea, Republic of",Seoul,0.01617,13578,14887,15640,16541,17886,19402,21129,22433,22190,24581,27114,28349,30992,31739,31771,33545,35325,37549,38469,38612,40188,41444,41881,42506,43375,44592,46190,47331,49707,51923,52264,54604,56151
1104017,KOR,"Korea, Republic of",Ulsan,0.01176,35158,38549,40499,42831,46315,50241,52821,57399,43153,46144,48847,49811,53723,51496,59656,59429,61087,65673,67293,62147,71936,78975,78255,78086,75261,74971,75136,74781,72679,74950,68856,71939,73977
1112001,LKA,Sri Lanka,Central,0.02041,3598,3783,3865,4045,4189,4339,4250,4261,4228,4170,4461,4428,4435,4524,4625,4764,5251,5733,6205,6560,7133,7874,8698,9219,9789,10230,12159,12920,12739,12171,11537,11812,10874
1112002,LKA,Sri Lanka,Eastern,0.02138,2417,2569,2727,2963,2993,3020,3237,3556,3761,3963,4155,4043,4271,4594,4503,4430,5013,5605,6200,6688,7311,7655,8020,8059,8236,8876,8596,9655,9768,9890,9338,9560,8801
1112003,LKA,Sri Lanka,North Central,0.02523,3261,4083,4238,4505,4719,4944,4162,3416,3724,4037,4097,3852,4100,4442,4811,5245,5657,6049,6417,6656,7374,8001,8694,9068,10177,11440,11794,12096,12527,11927,12051,12339,11358
1112004,LKA,Sri Lanka,North Western,0.01447,5665,5275,5345,5545,5774,6016,6625,7456,6798,6054,6091,5674,5525,5466,5553,5681,6172,6646,7098,7410,7749,8668,9695,10395,10826,11091,11783,12614,12600,12746,12200,12491,11498
1112005,LKA,Sri Lanka,Northern,0.03857,1443,1319,1228,1157,1190,1224,1270,1352,1589,1837,2286,2578,2795,3080,3449,3875,4164,4437,4691,4849,5532,6122,6779,7200,8848,9632,10072,10645,11004,12461,11365,11635,10711
1112006,LKA,Sri Lanka,Sabaragamuwa,0.0199,3181,3162,3252,3426,3566,3713,3839,4074,3914,3720,4035,4056,4121,4266,4564,4918,5175,5398,5585,5651,6209,6909,7690,8209,8818,9740,10767,11244,10688,10887,10856,11115,10232
1112007,LKA,Sri Lanka,Southern,0.02194,2819,3092,3131,3246,3335,3426,3457,3579,4021,4477,4872,4915,4941,5060,5190,5365,5961,6556,7145,7603,8269,8698,9156,9247,9667,10136,10506,11105,11450,11145,10769,11026,10149
1112008,LKA,Sri Lanka,Uva,0.01984,3556,3529,3707,3987,4031,4072,4065,4161,4026,3859,4323,4477,4516,4640,4855,5120,5451,5754,6026,6172,6532,7455,8492,9259,10212,10870,10452,12485,11924,11649,11178,11444,10535
1112009,LKA,Sri Lanka,Western,0.01532,6046,6306,6555,6979,7370,7784,8140,8733,9539,10359,10743,10334,10809,11518,12089,12791,13318,13742,14062,14062,14798,15575,16407,16581,17220,17150,17376,18077,18940,18762,17314,17727,16318
1113001,LSO,Lesotho,Berea,0.01154,1391,1462,1538,1568,1639,1672,1745,1793,1807,1806,1871,1935,1950,2042,2083,2162,2253,2338,2451,2402,2510,2605,2746,2768,2785,2839,2905,2778,2701,2629,2401,2415,2415
1113002,LSO,Lesotho,Butha-Buthe,0.01141,802,842,886,904,945,963,1006,1031,1038,1036,1072,1109,1117,1170,1193,1239,1291,1339,1404,1376,1438,1492,1573,1585,1595,1626,1664,1591,1547,1506,1375,1383,1383
1113003,LSO,Lesotho,"Leribe, Maseru, Mokhot., QN, TT",0.01158,1446,1519,1599,1630,1704,1737,1814,1864,1880,1881,1949,2016,2031,2127,2170,2253,2347,2436,2554,2502,2615,2714,2860,2883,2901,2957,3026,2894,2814,2739,2501,2516,2516
1113004,LSO,Lesotho,Mafeteng,0.01141,1075,1130,1189,1212,1267,1292,1349,1383,1392,1390,1437,1487,1498,1569,1600,1661,1731,1796,1883,1845,1928,2002,2109,2126,2139,2181,2232,2134,2075,2020,1845,1855,1855
1113005,LSO,Lesotho,Mohale's Hoek,0.01141,931,979,1030,1050,1097,1119,1168,1198,1206,1204,1245,1288,1297,1359,1386,1439,1499,1556,1631,1598,1670,1733,1827,1841,1853,1889,1933,1848,1797,1749,1598,1607,1607
1113006,LSO,Lesotho,Quthing,0.01154,904,950,999,1019,1065,1086,1134,1164,1174,1173,1215,1257,1267,1326,1353,1405,1464,1519,1592,1560,1631,1692,1784,1798,1809,1844,1887,1805,1755,1708,1560,1569,1569
1114001,LTU,Lithuania,Alytus county,0.01571,12843,11601,8252,7975,8335,8748,9261,10096,10920,10862,11333,11769,12124,12670,13327,14209,14985,16726,17751,15082,15844,17145,17584,18336,19333,19610,20042,21252,21655,22417,22426,23750,24028
1114002,LTU,Lithuania,Kaunas county,0.02268,14501,13099,9317,9005,9411,9878,10458,11400,12331,12265,12796,14452,15076,17086,18299,20354,22117,24919,25961,22020,23054,25548,26941,28169,29581,30602,32378,34423,36247,37908,37830,40062,40531
1114003,LTU,Lithuania,Klaipeda county,0.01774,17546,15850,11274,10896,11387,11952,12653,13794,14919,14841,15483,16382,17296,18934,19890,22229,24079,26728,27713,25762,26571,28643,29662,30464,31433,31692,32497,33824,34331,35636,34642,36686,37116
1114004,LTU,Lithuania,Marijampole county,0.01784,11436,10330,7348,7102,7422,7790,8247,8990,9724,9673,10091,9712,10183,11773,12266,13221,14448,15544,16602,13862,15181,16352,17708,18219,18796,18838,18983,20502,20854,22117,22921,24273,24557
1114005,LTU,Lithuania,PaneveÔøΩys county,0.01778,13929,12582,8949,8650,9039,9488,10045,10950,11844,11781,12291,12978,13559,14538,16174,17020,17175,18181,19762,16780,17601,19453,20629,21187,22110,23081,23621,25271,26097,27270,27562,29188,29530
1114006,LTU,Lithuania,Taurage county,0.0215,8999,8129,5782,5588,5840,6130,6490,7075,7652,7612,7941,8600,8855,9398,9823,10123,10728,11815,13566,12150,13247,15075,15527,15958,16707,17086,17535,18923,20259,20658,20586,21800,22056
1114007,LTU,Lithuania,TelÔøΩiai county,0.01611,13733,12405,8824,8528,8912,9354,9903,10796,11677,11615,12118,12746,13269,14971,17045,18310,19194,21744,22611,18503,20154,22004,21887,22251,21782,22362,22628,24653,25662,25454,25721,27239,27558
1114008,LTU,Lithuania,Utena county,0.01259,13851,12512,8899,8601,8989,9435,9988,10889,11777,11715,12222,13005,13817,15946,16742,17874,18364,20175,21546,19297,16658,17983,18163,18844,19569,19593,19805,20305,20680,21638,22197,23507,23782
1114009,LTU,Lithuania,Vilnius county,0.0207,21832,19721,14028,13558,14168,14871,15744,17164,18564,18466,19265,20964,23536,26136,28040,30940,34830,39841,40146,34242,35055,37108,39226,41516,43473,44766,46300,48270,51353,54224,53771,56943,57610
1114010,LTU,Lithuania,ÔøΩiauliai county,0.02064,12186,11008,7830,7568,7908,8301,8788,9580,10362,10307,10753,10798,11587,13108,14680,15651,16939,18684,19380,16360,17820,19717,20974,21499,22201,22988,24188,26264,26978,28064,28348,30021,30372
1116001,LVA,Latvia,Kurzeme,0.01409,12868,9887,9250,8246,8588,8916,9258,10185,10941,11344,12114,13067,14218,15823,17394,19416,18743,21219,20948,18461,17573,20278,20129,19908,20085,20770,21661,22668,23409,23953,23259,25027,25930
1116002,LVA,Latvia,Latgale,0.02005,7155,5498,5143,4585,4775,4958,5148,5663,6084,6308,6736,7203,7766,8482,9582,10505,11206,13869,14136,13003,12062,13352,14507,13890,14105,14549,14793,15765,15543,15736,16030,17248,17871
1116003,LVA,Latvia,Pieriga,0.02043,11333,8708,8146,7263,7564,7853,8153,8970,9636,9991,10669,11249,12107,13064,14184,15585,18315,21049,20361,17356,17550,19034,20351,21480,21276,22553,23856,25912,26347,27794,25613,27560,28555
1116004,LVA,Latvia,Riga,0.01839,24438,18777,17566,15661,16310,16933,17581,19341,20778,21543,23006,25149,27202,29913,32742,37165,43200,45736,44685,38152,37167,36982,41365,43922,45265,47673,48706,49800,53608,52195,50794,54656,56627
1116005,LVA,Latvia,Vidzeme,0.02032,8961,6886,6442,5743,5981,6209,6447,7093,7620,7900,8436,9139,9869,10524,11708,13085,14768,17471,16125,15224,14637,14960,15380,16020,18143,18491,19220,19793,21225,21937,21915,23581,24432
1116006,LVA,Latvia,Zemgale,0.01859,9149,7030,6576,5863,6106,6339,6582,7241,7779,8065,8613,8961,9975,11014,11711,12913,14858,16548,16687,15023,15058,15628,17265,16194,17144,17815,18324,18722,19110,20885,21183,22794,23616
1118001,MAR,Morocco,Central,0.01098,6295,6524,6176,5928,6342,5802,6305,6001,6222,6119,6070,6358,6457,6715,7092,7178,7442,7644,8272,8775,9099,9466,9617,9873,10002,10301,10224,10610,10810,11003,10103,10796,10817
1118002,MAR,Morocco,Eastern,0.00696,4022,4265,4131,4059,4446,4166,4637,4523,4808,4848,4934,5633,5777,6101,6251,6282,6726,6928,6207,5311,5539,5763,5855,6011,6090,6271,6225,6460,6581,6699,6151,6573,6585
1118003,MAR,Morocco,North-Central,0.01177,2794,2920,2787,2698,2912,2688,2948,2833,2966,2946,2953,2900,3023,3367,3463,3537,3780,3769,4228,4633,4482,4662,4737,4863,4927,5073,5036,5226,5324,5419,4976,5317,5328
1118004,MAR,Morocco,Northwestern,0.01267,3955,4220,4112,4064,4477,4219,4723,4632,4950,5018,5133,5564,5749,5923,6149,6138,6360,6250,6866,7385,7263,7556,7677,7881,7984,8222,8162,8470,8629,8783,8065,8618,8634
1118005,MAR,Morocco,South-Central,0.01106,3595,3711,3498,3343,3561,3242,3506,3320,3424,3348,3302,3449,3538,3808,3577,4002,4198,4452,4888,5255,5293,5507,5595,5744,5819,5993,5948,6173,6289,6401,5878,6281,6293
1118006,MAR,Morocco,Southern,0.00668,3809,4157,4140,4178,4695,4509,5141,5132,5577,5747,5971,6501,6575,6683,6800,6944,7383,7423,6640,5669,5878,6115,6213,6378,6462,6654,6605,6854,6983,7108,6527,6974,6988
1118007,MAR,Morocco,Tansift,0.01616,2885,3066,2978,2933,3220,3024,3375,3299,3514,3552,3623,3759,3856,4192,4325,4456,5193,5578,5818,5955,6332,6588,6693,6871,6961,7169,7116,7384,7523,7657,7031,7513,7528
1123001,MEX,Mexico,Aguascalientes,0.0044,17083,17436,17730,17910,18677,17578,18896,20229,21317,21359,22840,24220,23401,19089,19311,19284,20047,21216,20411,19340,19866,19902,20733,20843,22389,23604,25426,25610,26307,25749,23447,24697,25519
1123002,MEX,Mexico,Baja California Norte,0.00165,20461,20883,21235,21450,22007,20082,20986,22708,23076,23889,24624,25411,23352,25600,25694,25156,25743,24980,23746,21025,20963,20536,21022,20795,21302,23499,24425,24582,24830,25015,23401,24648,25468
1123003,MEX,Mexico,Baja California Sur,0.00421,21447,21889,22258,22484,22508,21831,23304,23641,23396,23318,23712,24599,23545,24879,25538,26308,26667,28896,28398,27626,26641,26061,25313,24189,23518,26278,26396,28639,32984,29026,23504,24757,25581
1123004,MEX,Mexico,Campeche,0.01314,27967,28544,29025,29319,29376,27582,28649,29064,29551,28046,29323,31769,33180,116249,143619,158142,165619,165612,170433,118509,127341,147259,137763,123712,113524,67771,59661,64714,68565,74134,54392,57292,59198
1123005,MEX,Mexico,Chiapas,0,7358,7510,7637,7714,7879,7745,7721,7927,8212,8140,8132,7685,7715,8931,8456,8339,8553,8472,8579,8106,8422,8455,8545,8288,8438,8120,7986,7467,7101,6922,6676,7032,7266
1123006,MEX,Mexico,Chihuahua,0,20872,21303,21662,21882,22630,20780,22133,23419,24971,25822,27499,26703,25242,19418,19497,19445,20386,20648,20100,18278,18616,18394,19752,19784,20267,22354,23353,23526,23611,23647,23117,24349,25160
1123007,MEX,Mexico,Coahuila,0.00579,19588,19992,20329,20535,21043,20649,22000,23621,24958,25137,25445,24712,25268,26683,26959,26482,27264,27821,27665,23715,26786,28147,29182,28125,28875,29912,30476,31627,31841,31329,27618,29091,30059
1123008,MEX,Mexico,Colima,0.00272,16769,17115,17403,17580,18054,17050,18213,18418,19136,19506,19323,18205,18366,19624,18732,18437,18866,19652,19392,18373,18998,19511,19562,19773,19797,19878,19968,20416,20794,21737,21010,22130,22866
1123009,MEX,Mexico,Distrito Federal,0.00154,40355,41187,41882,42306,43703,39983,41850,44595,46130,46969,49478,48286,49909,40304,40759,41522,42702,43026,42660,41881,42795,43163,44077,45392,45938,47308,47743,47669,48515,48133,41394,43600,45051
1123010,MEX,Mexico,Durango,0.00313,13125,13396,13622,13760,14279,13667,14392,14729,16022,15742,15804,16141,15911,15743,15732,15159,15264,15292,15299,15095,15093,15754,16134,16519,16639,16808,17463,17098,16917,17158,16083,16940,17504
1123011,MEX,Mexico,Guanajuato,0.00661,11212,11444,11637,11755,11925,11332,11760,12184,12865,12782,13194,13523,13777,13633,13735,13337,14356,14169,14385,13485,14206,14750,15293,15700,16413,17508,17806,18768,19085,18455,16939,17842,18436
1123012,MEX,Mexico,Guerrero,0,9462,9657,9820,9919,10114,9507,9561,9601,9942,9997,9973,10750,10527,9250,9396,9353,9296,9506,9263,9022,9291,9170,9297,9378,9620,9799,9854,9745,9880,9916,9414,9916,10246
1123013,MEX,Mexico,Hidalgo,0.00406,10547,10764,10946,11057,11155,9733,10557,10993,11825,11755,11955,10737,10570,10990,12073,10835,12484,12134,12527,10997,11774,11991,12815,12431,13141,14185,13733,14577,15176,14459,12595,13266,13708
1123014,MEX,Mexico,Jalisco,0.00427,16240,16575,16854,17025,17250,15630,16242,17047,18276,18604,19042,19138,18368,19934,19567,19565,19895,19916,19405,18263,18948,18880,19448,19870,20582,21432,22277,22287,22648,22709,20969,22087,22822
1123015,MEX,Mexico,Mexico,0,13360,13635,13865,14006,14137,12634,13431,14279,14792,14811,15398,14075,13316,12438,12218,12155,12277,12345,12162,11474,11972,12074,12369,12600,12726,13129,13208,13351,13504,13034,12911,13599,14051
1123016,MEX,Mexico,Michoacan,0.00602,8840,9022,9174,9267,9710,9422,9724,10667,10692,11171,11143,10343,9913,10584,10715,10846,11210,11479,11630,11042,11273,11838,11872,11984,12514,12539,13148,13710,13812,13845,12904,13592,14044
1123017,MEX,Mexico,Morelos,-0.00207,15664,15987,16256,16421,16205,14240,14608,15060,15983,16408,16955,17016,15986,16543,16100,16741,15859,15594,14921,14576,14879,14391,14223,14676,14517,14633,15060,15431,14875,14507,13148,13849,14310
1123018,MEX,Mexico,Nayarit,0.00406,10752,10974,11159,11272,11345,10124,10384,10454,11220,11447,11409,11657,11363,12796,14042,14233,14023,13640,14335,13271,13629,13553,13131,13282,13645,14183,14580,14515,14236,14218,13154,13855,14316
1123019,MEX,Mexico,Nuevo Leon,0.00424,26914,27469,27932,28215,29075,26688,27694,29702,31529,32339,33732,33412,33345,32545,33603,33881,35393,36329,35672,33001,34295,34135,34896,34387,35105,37106,37206,37933,38897,39154,33180,34949,36112
1123020,MEX,Mexico,Oaxaca,0.0045,7488,7642,7771,7850,8027,7626,7717,7651,7913,7953,8062,8342,8318,8868,9212,8486,9656,9223,9438,8935,9268,9333,9698,9365,9708,10211,9385,9566,10233,9731,9377,9877,10206
1123021,MEX,Mexico,Puebla,0.00353,10330,10543,10721,10830,11035,9976,10754,11487,12100,12476,12677,13708,13049,11831,11650,12117,12347,12624,12548,11608,12194,12523,13148,12925,12851,13219,13389,13719,13793,13547,11868,12501,12917
1123022,MEX,Mexico,Queretaro,0.00726,16967,17317,17609,17788,18657,17633,18786,20566,22067,22302,23005,22317,21632,20721,21398,22576,23326,23801,23902,23182,23795,24631,24966,24861,25732,27326,28321,28868,29297,28769,23141,24375,25186
1123023,MEX,Mexico,Quintana Roo,-0.00526,29346,29951,30456,30765,30252,27227,27898,29521,30340,28540,28425,31058,29138,25071,25294,24718,25012,26129,25866,23126,22978,22427,22719,22911,23477,23817,24878,24505,24852,24462,17277,18198,18804
1123024,MEX,Mexico,San Luis Potosi,0.00856,11790,12033,12236,12360,13035,11452,12108,12729,13491,13570,14107,13323,13120,14535,15190,15701,16407,16578,16439,15513,16065,16458,17017,17209,17636,18685,19214,20132,20952,20890,19878,20938,21634
1123025,MEX,Mexico,Sinaloa,0.00474,14088,14379,14621,14770,14571,13998,14174,14406,14742,14482,15078,13867,13841,15970,16790,16316,16275,16944,17406,16689,16687,16748,17145,17207,16965,17946,18743,18542,18678,19117,18392,19373,20017
1123026,MEX,Mexico,Sonora,0.00696,18634,19018,19339,19535,20438,19575,20172,21100,22397,22848,23210,22245,20657,23384,23955,24801,26341,26307,25520,23796,24289,25951,26639,27029,26985,28323,29747,29802,29560,28729,29303,30865,31893
1123027,MEX,Mexico,Tabasco,0.01467,11025,11253,11442,11559,11643,11348,11319,11614,11554,11449,11631,12180,11794,22217,25313,27810,30358,31467,35125,30629,34257,39374,39325,35816,35567,27669,25149,25222,23918,24084,23160,24394,25206
1123028,MEX,Mexico,Tamaulipas,0.00417,16351,16688,16969,17141,18070,16798,17543,18192,19453,20005,20692,20310,20272,22926,23313,23940,24377,24139,24736,21230,20952,20468,20722,20648,20741,21649,21527,21482,21632,21926,21045,22167,22904
1123029,MEX,Mexico,Tlaxcala,0.00231,8593,8771,8918,9009,9181,8667,9296,9927,10105,10236,10561,10582,9954,12114,12864,11132,10691,10607,10981,10667,11357,10668,11023,10653,10844,11549,11299,10925,11214,11498,10104,10643,10997
1123030,MEX,Mexico,Veracruz,0.00665,9874,10078,10248,10352,10797,10465,10636,10924,11188,10994,11186,10847,10768,12502,13145,12986,13980,14219,14287,13615,14233,14479,15162,14894,14788,14613,14186,13938,14133,14340,13496,14215,14688
1123031,MEX,Mexico,Yucatan,0.00446,12441,12697,12911,13042,13524,12462,12964,13513,14164,14466,15192,16010,15141,14659,14657,15139,15374,15556,15393,15173,15238,15092,15736,15789,16194,16497,17117,17388,17762,17818,15744,16583,17135
1123032,MEX,Mexico,Zacatecas,0.0091,9039,9226,9381,9476,9549,9625,9639,9735,10680,10305,10630,10195,10018,10734,11331,11110,11994,12324,12931,13425,14814,15619,15717,14308,14611,15185,15718,15632,15157,14478,14423,15192,15697
1125001,MKD,"Macedonia, the former Yugoslav Republic of",East,0.01419,11565,10594,9710,8819,8469,8113,7921,7776,7740,7772,7812,6900,7005,7265,7627,8049,8539,9431,11402,11178,13247,13765,13109,13214,14024,14280,14476,15356,16036,16920,16164,17392,17836
1125002,MKD,"Macedonia, the former Yugoslav Republic of",Northeast,0.00731,11086,10064,9137,8213,7801,7387,7121,6896,6763,6682,6600,5313,5441,5709,5497,5583,6067,6509,8004,6870,6962,8956,8943,8821,8540,9242,9158,9219,9511,9917,9365,9961,10216
1125003,MKD,"Macedonia, the former Yugoslav Republic of",Pelagonia,0.00792,10581,10140,9727,9249,9305,9345,9571,9862,10313,10888,11519,11592,12617,12922,12264,11752,11579,12277,13709,14400,14443,13767,13281,14168,14467,14685,15365,15288,15579,16044,14962,15717,16119
1125004,MKD,"Macedonia, the former Yugoslav Republic of",Polog,0.01221,4645,4449,4267,4056,4079,4096,4193,4320,4516,4767,5041,4426,4603,5224,5078,5426,5665,5971,6250,6161,6333,6998,6529,6911,6734,6858,7212,7439,7959,8592,8388,9212,9447
1125005,MKD,"Macedonia, the former Yugoslav Republic of",Skopje,0.0089,15859,15042,14285,13453,13406,13339,13537,13827,14334,15006,15745,15742,15756,15807,17342,18484,19384,20736,20632,20459,20168,19607,19940,20320,21041,21780,22394,22346,22696,23294,21649,22662,23241
1125006,MKD,"Macedonia, the former Yugoslav Republic of",Southeast,0.01667,10538,9811,9145,8452,8265,8070,8036,8053,8190,8411,8657,8231,8378,9057,9510,10593,10680,11445,11034,12429,14076,15421,15337,15522,17461,17774,18602,18503,18687,19067,17614,18324,18792
1125007,MKD,"Macedonia, the former Yugoslav Republic of",Southwest,0.01296,7083,6830,6591,6304,6377,6439,6628,6863,7211,7648,8127,7413,7813,6883,7455,7475,7971,8093,9890,9196,9967,10702,10365,10409,10857,11986,12087,12633,13308,14159,13636,14785,15163
1125008,MKD,"Macedonia, the former Yugoslav Republic of",Vardar,0.0131,11112,10341,9636,8902,8703,8494,8456,8470,8611,8840,9095,9857,9862,10665,10586,11021,12832,13005,12859,12726,13240,13528,14349,15655,15754,16411,16448,16313,16857,17604,16649,17737,18190
1130001,MNG,Mongolia,Arhangay,0.00859,4306,3844,3416,3245,3255,3406,3420,3494,3553,3605,3591,3858,3675,2933,3597,3474,3225,3972,5140,4944,3099,3937,4957,5987,5868,6961,5824,5539,5280,6687,6954,6932,7150
1130002,MNG,Mongolia,Bayan-Ölgiy,0.0104,2831,2527,2246,2133,2140,2239,2249,2297,2336,2370,2361,2419,2069,2554,2730,2297,2243,2446,2841,2334,2681,3060,3319,4075,4523,4774,4625,4135,4209,4111,4300,4286,4421
1130003,MNG,Mongolia,Bayanhongor,0.01593,3231,2885,2564,2435,2443,2556,2567,2622,2667,2705,2695,2548,1570,1737,2423,3037,2659,3024,4057,3445,3019,3600,4164,5406,5882,5905,5185,5294,4866,5367,6516,6495,6699
1130004,MNG,Mongolia,Bulgan,0.00902,4966,4434,3941,3743,3755,3929,3945,4030,4098,4158,4142,3978,4070,2844,3496,3647,3851,4600,6101,6208,5338,5569,5769,7661,7219,7411,6495,5652,5657,6245,6526,6506,6710
1130005,MNG,Mongolia,Darhan-Uul,0.01229,3357,2997,2664,2530,2538,2656,2667,2724,2770,2811,2800,3677,3625,3480,3490,3088,2771,3439,4560,4151,3767,3801,4408,5004,5383,5304,5277,5038,4601,5135,6263,6244,6440
1130006,MNG,Mongolia,Dornod,0.02661,2487,2221,1974,1874,1881,1968,1976,2018,2053,2083,2075,2325,2569,2437,2815,2714,2464,3188,3510,3305,4372,5639,5804,8711,13173,11388,12460,12793,12038,12159,9563,9533,9832
1130007,MNG,Mongolia,Dornogovi,0.01633,2836,2532,2250,2137,2144,2243,2252,2301,2340,2374,2365,2366,2618,2547,2913,2727,1708,1896,2901,2882,3931,5468,6477,7088,7189,6955,6408,6363,7051,6800,7292,7269,7497
1130008,MNG,Mongolia,Dundgovi,0.02196,2775,2478,2202,2091,2098,2195,2204,2252,2290,2323,2314,2737,3140,3484,3926,4166,3654,3636,4201,3841,3917,4465,5379,7793,7139,8019,7369,7369,7859,8293,7510,7487,7722
1130009,MNG,Mongolia,Dzavhan,0.01981,2760,2464,2190,2080,2087,2183,2192,2240,2278,2311,2302,2423,2587,2639,2560,2974,3213,3799,4758,3527,3345,4053,4976,6350,6459,6772,6105,5703,5727,6124,6801,6779,6992
1130010,MNG,Mongolia,Govi-Altay,0.0157,3684,3289,2923,2776,2785,2914,2926,2989,3040,3084,3073,2936,2081,2020,2838,2735,3363,3647,4054,3387,2690,3195,3919,5016,5751,6066,5987,5904,6372,6052,7205,7182,7408
1130011,MNG,Mongolia,Govisümber,0.01652,3395,3031,2694,2558,2567,2686,2697,2755,2802,2842,2832,3798,3445,3200,4937,4356,3981,2565,4795,4351,4818,4706,4729,6321,6741,7705,7872,7272,6421,6587,7020,6998,7218
1130012,MNG,Mongolia,Hentiy,0.01026,3750,3348,2976,2826,2835,2967,2979,3043,3095,3140,3128,3008,3071,3197,3289,3221,3100,3413,3779,3405,3691,4512,5118,6811,6612,6761,6159,5454,6043,6396,6229,6209,6404
1130013,MNG,Mongolia,Hovd,0.01219,3427,3060,2719,2583,2591,2711,2722,2781,2828,2869,2858,2803,2580,2857,3369,3337,3204,3744,4436,3302,3216,3484,3836,5195,5417,5547,5429,5699,6013,6236,6467,6446,6649
1130014,MNG,Mongolia,Hövsgöl,0.01155,3584,3200,2843,2700,2709,2835,2846,2908,2957,3000,2989,2720,2659,2709,3221,3095,2903,3574,4505,4019,3649,3784,4118,5054,5204,5387,4900,4517,4925,5487,5126,5110,5270
1130015,MNG,Mongolia,Orhon,0.00578,15362,13716,12189,11576,11614,12152,12202,12465,12677,12861,12813,5818,10211,13147,22820,21894,33957,41181,29632,23332,21184,21651,20502,20565,19925,16497,15599,21064,20512,20487,17646,17590,18143
1130016,MNG,Mongolia,Selenge,0.01629,3955,3531,3138,2980,2990,3129,3142,3209,3264,3311,3299,4085,4011,3350,3062,3057,4442,5232,6719,5958,8813,6920,7176,7748,8201,7403,6858,6439,6791,7045,8036,8011,8262
1130017,MNG,Mongolia,Sühbaatar,0.01777,4018,3587,3188,3028,3038,3178,3192,3260,3316,3364,3351,3082,3397,3854,4004,4003,10281,10572,6772,6449,6079,6545,7440,8511,8741,7965,7668,8474,9035,8533,7473,7449,7683
1130018,MNG,Mongolia,Töv,0.01789,3571,3188,2833,2691,2700,2825,2836,2897,2947,2989,2978,4387,3012,3037,3621,3505,3672,4104,5129,5413,4529,4748,5361,7076,7824,8314,7588,6194,6436,6961,7648,7624,7864
1130019,MNG,Mongolia,Ulaanbaatar,0.01594,8407,7506,6670,6335,6356,6650,6678,6822,6937,7038,7012,7276,7725,8314,8064,8908,8727,8792,9739,9989,10795,12743,14116,14494,15337,15477,15465,15777,16896,17169,15329,15281,15761
1130020,MNG,Mongolia,Uvs,0.01497,2961,2644,2349,2231,2239,2342,2352,2403,2443,2479,2470,2601,2390,2683,3132,2982,2947,3441,3719,3029,3164,3774,4145,5147,5733,5716,4930,4536,4997,4994,5652,5634,5811
1130021,MNG,Mongolia,Ömnögovi,0.02999,3559,3178,2824,2682,2691,2816,2827,2888,2937,2980,2969,2998,2447,1666,3836,4655,4789,5743,6055,7351,8459,10828,9328,10991,8359,6817,9515,13961,11814,12755,15166,15119,15594
1130022,MNG,Mongolia,Övörhangay,0.01518,2898,2588,2300,2184,2191,2293,2302,2352,2392,2426,2417,2277,2062,2157,2736,2769,2548,3015,3427,3509,2234,2781,3387,4907,5026,5542,5245,5179,5048,5827,5753,5735,5916
1132001,MOZ,Mozambique,Cabo Delgado,0.02305,290,298,270,291,294,287,308,306,362,383,346,380,430,469,502,519,570,584,616,644,698,746,763,4435,849,931,965,927,793,748,719,717,729
1132002,MOZ,Mozambique,Gaza,0.02558,290,298,270,290,294,287,308,358,391,434,507,563,606,640,679,702,763,820,881,920,950,1009,1040,798,1063,1152,1197,1148,1279,1324,1274,1270,1291
1132003,MOZ,Mozambique,Inhambane,0.03573,348,357,324,349,353,344,369,391,404,450,579,644,703,737,829,885,987,1059,1118,1168,1465,1571,1659,1256,1801,1908,1985,2162,2630,3365,3237,3227,3283
1132004,MOZ,Mozambique,Manica,0.01379,313,322,292,314,318,310,333,397,484,546,508,549,587,611,641,647,699,721,755,778,597,615,619,474,639,660,666,628,787,625,601,600,610
1132005,MOZ,Mozambique,Maputo,0.01402,1662,1708,1547,1667,1688,1646,1766,1842,2091,2276,1852,2058,2156,2243,2363,2423,2527,2616,2711,2760,2924,2997,2969,2397,3375,3395,3369,3355,3218,3384,3256,3246,3301
1132006,MOZ,Mozambique,Nampula,0.02009,335,344,312,336,340,332,356,438,452,469,500,544,549,561,576,602,643,686,724,748,857,901,917,708,1000,1041,1078,1078,978,968,931,928,944
1132007,MOZ,Mozambique,Niassa,0.01482,247,254,230,248,251,245,263,305,303,343,360,389,440,467,486,498,523,540,557,575,575,607,608,458,581,600,602,547,591,603,581,579,589
1132008,MOZ,Mozambique,Sofala,0.02,638,655,593,639,647,631,677,690,732,821,963,1075,1097,1149,1209,1274,1362,1443,1511,1561,1451,1512,1532,1215,1734,1816,1866,1812,1724,1650,1587,1582,1610
1132009,MOZ,Mozambique,Tete,0.02247,253,260,236,254,257,251,269,315,305,348,393,429,538,571,610,629,691,714,674,698,676,718,739,559,895,936,962,1036,1116,807,777,774,788
1132010,MOZ,Mozambique,Zambezia,0.01871,263,270,244,263,267,260,279,293,272,298,323,351,398,418,438,458,499,526,554,574,570,560,756,599,642,692,700,683,715,690,664,662,674
1136001,MYS,Malaysia,Johor,0.01032,9529,10098,10644,11327,11981,12751,13574,14107,12668,13047,13783,13494,13859,14299,14902,15331,15335,16045,15742,15107,16313,16958,17449,17809,18889,19866,20909,21476,21871,22068,20963,21389,22964
1136002,MYS,Malaysia,Kedah,0.01129,5736,6079,6407,6818,7212,7676,8171,8492,7626,7854,8297,8123,8343,8608,8971,9229,9763,10404,10168,9988,10512,11078,11205,11484,11933,12300,12608,12747,12861,13213,12909,13171,14141
1136003,MYS,Malaysia,Kelantan,0.01234,3552,3764,3967,4222,4466,4753,5059,5258,4722,4863,5138,5030,5166,5330,5555,5715,6092,6555,6691,6739,7130,7458,7505,7515,7751,7928,8205,8328,8229,8468,8209,8376,8993
1136004,MYS,Malaysia,Kuala Lumpur,0.01462,24797,26280,27700,29476,31179,33183,35324,36712,32966,33953,35869,35116,36067,37212,38782,39898,41069,42511,43829,45645,47476,49030,52966,56134,59858,63285,65792,68936,73034,76572,70527,71959,77259
1136005,MYS,Malaysia,Labuan,0.0131,15524,16452,17341,18453,19518,20773,22113,22982,20638,21255,22454,21983,22579,23295,24278,24977,28223,28822,24288,24967,24770,26710,28882,30863,35967,41122,42173,42998,44641,45933,44784,45694,49059
1136006,MYS,Malaysia,Melaka,0.01199,11933,12646,13329,14184,15003,15968,16998,17666,15864,16338,17260,16898,17356,17907,18662,19199,19908,20033,20211,20324,21666,22427,23879,24008,25308,26460,26753,28477,28791,28993,26752,27296,29306
1136007,MYS,Malaysia,Negeri Sembilan,0.00956,12142,12868,13563,14433,15267,16248,17296,17976,16142,16625,17563,17195,17660,18221,18990,19536,20568,21052,21042,20482,21863,22471,23113,23251,23756,24065,24627,25383,25856,26793,25582,26101,28024
1136008,MYS,Malaysia,Pahang,0.01094,9667,10245,10798,11491,12154,12935,13770,14311,12851,13236,13982,13689,14060,14506,15118,15553,16338,17248,17451,16443,17597,18753,18660,18835,19513,20052,20778,21741,21384,21585,21050,21478,23060
1136009,MYS,Malaysia,Perak,0.01333,7203,7634,8046,8562,9056,9639,10261,10664,9576,9862,10419,10200,10476,10809,11265,11589,11939,12690,12924,12651,13263,13926,14566,14887,15833,16698,17380,17843,18213,18721,18337,18709,20087
1136010,MYS,Malaysia,Perlis,0.00756,7461,7907,8334,8868,9381,9984,10628,11045,9919,10215,10792,10565,10851,11196,11668,12004,12230,12406,12262,12152,12371,12258,12776,13035,13585,14045,14358,14349,14671,15064,13743,14022,15055
1136011,MYS,Malaysia,Pulau Pinang,0.00848,15688,16626,17524,18648,19725,20993,22347,23226,20856,21480,22692,22216,22818,23542,24535,25241,26728,26849,26308,24085,25699,25239,26126,26997,28581,30006,30913,31093,31809,32592,31925,32574,34972
1136013,MYS,Malaysia,Sabah,0.0117,6509,6899,7271,7738,8185,8711,9273,9637,8654,8913,9416,9218,9468,9768,10181,10474,10951,12067,13682,12416,13092,13625,13290,13094,13078,12930,13456,14984,15527,14978,12595,12850,13797
1136014,MYS,Malaysia,Sarawak,0.00963,14786,15670,16517,17576,18591,19786,21063,21891,19657,20246,21388,20939,21506,22189,23125,23791,25066,26343,28987,25036,26108,28476,28689,28939,29275,29345,28824,30514,31488,31610,28337,28913,31042
1136015,MYS,Malaysia,Selangor,0.01053,13736,14557,15344,16327,17270,18381,19567,20336,18261,18807,19868,19452,19978,20612,21482,22100,22169,22552,22856,22781,24059,24245,25507,26642,27606,28371,28925,29827,30983,32495,30326,30942,33221
1136016,MYS,Malaysia,Trengganu,0.00755,9274,9829,10360,11024,11661,12410,13211,13730,12330,12699,13415,13134,13489,13917,14505,14922,15963,16663,16384,15286,15741,15938,16133,16389,16995,17479,17438,18151,18153,18261,15680,15999,17177
1140001,NGA,Nigeria,North East,0.00814,2471,2418,2467,2323,2192,2105,2108,2085,2055,1985,2000,2031,2245,2309,2415,2462,2499,2548,2602,2736,2876,2946,2988,3103,3213,3216,3085,3032,3014,3006,2880,2914,2938
1140002,NGA,Nigeria,North West,0.01137,3159,3091,3154,3001,2861,2776,2811,2811,2801,2737,2790,2867,3207,3338,3537,3651,3755,3880,4017,4223,4439,4547,4612,4789,4960,4964,4762,4680,4652,4640,4446,4498,4534
1140003,NGA,Nigeria,South East,0.00772,4488,4391,4480,4217,3976,3816,3819,3774,3717,3587,3612,3665,4047,4158,4347,4425,4488,4572,4664,4904,5154,5280,5355,5561,5759,5764,5530,5435,5402,5387,5163,5223,5265
1140004,NGA,Nigeria,South West,0.01687,3215,3146,3210,3147,3090,3086,3213,3303,3382,3393,3550,3742,4292,4580,4972,5255,5533,5852,6197,6516,6848,7016,7115,7389,7652,7659,7348,7221,7178,7158,6860,6940,6996
1141001,NIC,Nicaragua,Atlantico Norte & Sur,0.01114,2092,2037,1997,1943,1963,2034,2125,2174,2222,2345,2409,2468,2476,2529,2654,2755,2831,2934,2992,2853,2935,3080,3236,3351,3465,3584,3695,3812,3633,3480,3373,3673,3759
1141002,NIC,Nicaragua,Interior Central,0.01126,2510,2445,2396,2331,2355,2441,2550,2609,2666,2814,2891,2965,2978,3044,3197,3322,3414,3538,3608,3440,3539,3713,3902,4040,4178,4321,4455,4597,4381,4197,4067,4429,4533
1141003,NIC,Nicaragua,Interior Norte,0.011,2656,2587,2536,2467,2493,2583,2699,2761,2822,2978,3059,3131,3137,3201,3355,3479,3575,3705,3778,3602,3707,3889,4086,4231,4375,4525,4665,4814,4588,4395,4259,4638,4747
1141004,NIC,Nicaragua,Interior Sur,0.01058,2646,2577,2526,2458,2484,2574,2689,2751,2811,2967,3048,3107,3101,3151,3290,3399,3492,3619,3691,3519,3621,3799,3992,4133,4274,4421,4558,4703,4482,4293,4161,4531,4637
1141005,NIC,Nicaragua,Pacfico Central,0.00945,4761,4637,4544,4422,4468,4630,4837,4949,5057,5338,5483,5551,5503,5554,5760,5909,6072,6293,6418,6118,6296,6605,6941,7187,7432,7686,7925,8177,7793,7465,7234,7878,8063
1141006,NIC,Nicaragua,Pacfico Norte,0.00977,2934,2858,2801,2726,2754,2854,2982,3051,3117,3290,3380,3430,3410,3450,3587,3690,3792,3929,4008,3820,3931,4124,4334,4488,4641,4800,4948,5106,4866,4661,4517,4919,5035
1141007,NIC,Nicaragua,Pacfico Sur,0.01309,2509,2443,2395,2330,2354,2440,2549,2608,2665,2813,2889,3007,3063,3175,3379,3557,3654,3787,3863,3682,3789,3975,4177,4325,4473,4626,4769,4921,4690,4493,4354,4741,4853
1142001,NLD,Netherlands,Achterhoek,0.00628,25684,26098,26339,26480,27095,27796,28637,29723,30918,32259,33374,33238,33092,32900,32710,33781,34734,36393,37744,36436,36089,37260,35770,35408,36375,36921,38091,39536,40406,41052,39853,42082,43469
1142002,NLD,Netherlands,Agglomeratie 's-Gravenhage,0.00179,45157,45887,46309,46557,47639,48872,50349,52259,54361,56719,58678,58597,57946,58979,58919,59732,60342,62426,62173,59912,60675,58717,57774,56519,56242,56302,56274,55226,55049,55857,53599,56597,58462
1142003,NLD,Netherlands,Agglomeratie Haarlem,0,32318,32840,33143,33320,34094,34977,36034,37401,38905,40593,41995,42325,43821,41541,41058,41417,42846,42451,42472,41297,41154,41136,38734,37674,37249,37575,38486,39500,39914,39174,38130,40262,41590
1142004,NLD,Netherlands,Agglomeratie Leiden en Bollenstreek,0.00302,35484,36057,36389,36584,37434,38403,39564,41065,42716,44569,46108,48539,46403,46641,47015,46990,50648,51740,53942,49528,48938,49531,49905,49227,47243,46463,45983,46114,46770,46378,44515,47005,48555
1142005,NLD,Netherlands,Alkmaar en omgeving,0.0068,27698,28145,28405,28557,29220,29977,30883,32054,33343,34790,35991,37012,37249,37745,37774,38371,39443,42059,43298,41905,41736,42742,41973,41174,41712,40488,40843,40733,41212,42501,41461,43780,45223
1142006,NLD,Netherlands,Arnhem/Nijmegen,0.00389,33268,33805,34117,34299,35096,36005,37093,38500,40048,41785,43229,43570,43332,43731,43621,44052,45417,46243,46299,45572,45291,46338,45247,44659,45204,45500,46160,46980,47951,48429,46694,49306,50931
1142007,NLD,Netherlands,Delft en Westland,0.00612,41292,41959,42346,42572,43561,44689,46040,47787,49708,51865,53656,55801,57004,56072,55161,56091,57843,62337,62639,56909,56390,56170,55724,56524,57901,59247,61289,62461,63448,63877,63926,67501,69726
1142008,NLD,Netherlands,Delfzijl en omgeving,0.00244,36126,36710,37048,37246,38111,39098,40280,41808,43489,45376,46943,39243,38857,40852,40089,43987,40195,42682,41777,34733,38350,42090,39868,39023,41090,42718,42828,45828,43760,44391,44531,47022,48572
1142009,NLD,Netherlands,Flevoland,0.00555,27613,28059,28317,28469,29130,29884,30788,31956,33241,34682,35880,36624,35962,36937,37491,38035,40562,42389,41610,39004,40057,39986,39254,38211,38803,39301,40362,41338,41736,41931,40481,42745,44154
1142010,NLD,Netherlands,Groot-Amsterdam,0.00756,62491,63501,64086,64429,65925,67632,69676,72320,75228,78491,81202,81047,84762,83625,86154,86862,89172,91107,91996,88870,92336,92668,91646,93105,96718,100358,103564,106104,109244,112277,101315,106982,110509
1142011,NLD,Netherlands,Groot-Rijnmond,0.00671,37657,38266,38618,38825,39727,40755,41987,43580,45332,47299,48933,49771,49628,50153,51985,54799,56178,58641,59918,55727,56191,55740,56255,55145,55172,57542,58059,59112,59564,60111,57418,60629,62628
1142012,NLD,Netherlands,Het Gooi en Vechtstreek,0,45857,46597,47026,47278,48376,49629,51129,53069,55203,57597,59587,57914,56462,55674,55557,55053,55704,58005,56467,54042,53140,52530,50674,49554,50908,51882,51952,52667,53351,53910,50867,53712,55483
1142013,NLD,Netherlands,IJmond,0,38886,39514,39878,40091,41022,42084,43357,45001,46811,48842,50529,46260,45694,46929,51901,54703,54429,56107,56844,48826,46717,46531,45943,45981,46224,43400,42605,41977,43305,41730,39383,41586,42957
1142014,NLD,Netherlands,Kop van Noord-Holland,0.00442,25352,25762,25999,26138,26745,27438,28267,29340,30519,31843,32943,33818,33535,34288,34211,34593,35659,37180,38076,36277,35174,35227,35069,35382,35564,36021,36613,36894,37034,37636,36647,38697,39972
1142015,NLD,Netherlands,Midden-Limburg,0.00765,26720,27152,27402,27548,28188,28918,29792,30923,32166,33561,34720,34926,33438,33905,34244,34905,36804,38336,38803,39207,39229,40173,38980,39785,40188,40236,41238,42843,44112,44633,45786,48347,49940
1142016,NLD,Netherlands,Midden-Noord-Brabant,0.00601,29652,30131,30408,30571,31281,32091,33061,34315,35695,37243,38530,40503,40291,40514,40622,41136,41892,44157,44678,43429,43490,44596,43196,43084,43995,44856,45756,47123,48070,48624,46534,49137,50757
1142017,NLD,Netherlands,Noord-Drenthe,0.00356,25719,26134,26375,26516,27132,27834,28676,29763,30960,32303,33419,34467,33858,34300,34301,35383,35886,37085,37825,35819,36035,36214,36500,36145,36538,36355,36156,36509,37056,37400,36299,38329,39593
1142018,NLD,Netherlands,Noord-Friesland,0.00697,24352,24746,24973,25107,25690,26356,27152,28182,29316,30587,31644,32866,32854,33509,33542,34589,35716,36711,38181,36413,36847,38075,37673,37812,38701,37672,36999,37070,38010,38795,37686,39794,41106
1142019,NLD,Netherlands,Noord-Limburg,0.0057,33352,33891,34203,34386,35185,36096,37187,38598,40150,41892,43339,43805,43525,41950,43433,43127,44645,47122,47018,44494,44346,45605,45952,46581,47131,47754,49664,51539,52117,52544,49644,52421,54149
1142020,NLD,Netherlands,Noord-Overijssel,0.00612,31881,32396,32695,32870,33633,34504,35547,36896,38379,40044,41427,42158,41534,41760,42491,43839,44819,45738,48588,45908,45421,46949,45690,45713,47096,47455,48683,49639,51138,51530,49547,52318,54043
1142021,NLD,Netherlands,Noordoost-Noord-Brabant,0.00509,36129,36712,37050,37249,38114,39101,40283,41811,43492,45379,46946,47332,46814,46721,47581,49601,49968,49985,51414,51890,49934,50517,51577,49611,50480,51456,52785,54054,54465,55497,54440,57485,59380
1142022,NLD,Netherlands,Oost-Groningen,0.00503,19530,19845,20028,20135,20603,21136,21775,22601,23510,24530,25377,24858,24713,24902,24412,24974,25447,26592,26833,25610,24489,26979,26475,26577,27264,27196,27945,28827,29371,28501,29064,30690,31702
1142023,NLD,Netherlands,Oost-Zuid-Holland,0.0036,31182,31686,31977,32149,32895,33747,34767,36086,37537,39165,40518,40807,41266,39861,39765,40277,41999,43851,44804,45570,43616,43025,41784,41823,41189,40857,41889,42396,42682,42611,41313,43623,45061
1142024,NLD,Netherlands,Overig Groningen,0.00893,47824,48597,49044,49306,50452,51758,53323,55346,57571,60068,62143,67473,65032,64723,65674,68913,75424,74889,84080,74306,75663,76896,79516,80988,73609,68431,62482,62607,62338,60869,52929,55889,57732
1142025,NLD,Netherlands,Overig Zeeland,0.00844,24767,25167,25399,25535,26128,26805,27615,28663,29815,31109,32183,32196,33059,33706,33890,33682,34175,37436,38860,37912,39772,39401,38644,38479,39455,40408,41538,41661,42686,43848,42744,45134,46622
1142026,NLD,Netherlands,Twente,0.0074,27343,27785,28041,28191,28846,29592,30487,31644,32916,34344,35530,36428,35985,36351,36773,37444,38729,40995,41839,41673,41452,42584,41051,40754,41067,41571,42846,43932,45035,46007,44969,47484,49049
1142027,NLD,Netherlands,Utrecht,0.00399,48046,48822,49271,49535,50686,51998,53570,55602,57838,60347,62431,64247,62964,61255,61734,62250,63379,65803,66215,66236,65834,65595,64571,64305,64671,65018,65434,67696,69044,71006,68202,72017,74391
1142028,NLD,Netherlands,Veluwe,0.00651,30745,31242,31529,31698,32434,33274,34280,35580,37011,38617,39950,41158,41004,41142,42210,42236,45219,46397,46795,45605,45713,48078,46538,46246,46858,46961,48050,49580,50232,50939,49643,52419,54147
1142029,NLD,Netherlands,West-Noord-Brabant,0.00471,37090,37689,38036,38239,39128,40141,41354,42923,44649,46586,48195,49250,48695,48789,48761,49802,50703,52643,53817,51037,51313,52771,51790,51426,51652,52942,53585,55265,56394,56269,54226,57259,59147
1142030,NLD,Netherlands,Zaanstreek,0.00289,27402,27845,28101,28252,28908,29657,30553,31712,32987,34418,35607,35763,37157,36696,34367,34592,35176,36403,37123,35902,35187,35828,34670,35108,35847,34302,36015,36102,37488,38050,36868,38930,40213
1142031,NLD,Netherlands,Zeeuwsch-Vlaanderen,0.0062,31476,31984,32279,32452,33206,34065,35095,36426,37891,39535,40900,41508,43470,44406,44904,45107,45416,48059,49626,41804,44193,48861,47458,46666,46649,47544,46679,47876,51151,47980,47479,50134,51787
1142032,NLD,Netherlands,Zuid-Limburg,0.00671,30232,30721,31004,31170,31894,32719,33708,34987,36394,37973,39284,39937,40653,40911,42313,42302,43349,45446,45682,42616,44278,45387,43984,43903,44254,46648,49112,49859,50453,50989,48219,50916,52594
1142033,NLD,Netherlands,Zuidoost-Drenthe,0.00412,26990,27426,27678,27826,28473,29210,30093,31235,32491,33900,35071,36717,36628,35733,36028,36400,39581,41564,43777,39121,38293,38626,38693,38670,36958,35559,35502,36572,38157,36535,34662,36600,37807
1142034,NLD,Netherlands,Zuidoost-Friesland,0.00949,23122,23495,23711,23838,24392,25024,25780,26758,27834,29042,30045,30433,29410,29342,29828,31204,33377,34978,35046,33908,34820,37073,36196,37097,39539,38799,40268,41410,42398,43420,43044,45452,46950
1142035,NLD,Netherlands,Zuidoost-Noord-Brabant,0.00785,38396,39016,39375,39586,40506,41554,42810,44435,46221,48226,49892,49038,47035,46387,48958,49407,53079,54547,54915,50594,55228,57171,55909,56228,57849,60192,61176,64030,64888,65667,64052,67635,69864
1142036,NLD,Netherlands,Zuidoost-Zuid-Holland,0.0051,32960,33492,33801,33982,34771,35671,36750,38144,39678,41399,42829,45111,42742,42638,43061,43474,46201,48677,49383,48872,47655,47854,46614,46964,47651,48278,49296,50125,50713,48362,48734,51460,53156
1142037,NLD,Netherlands,Zuidwest-Drenthe,0.00552,27032,27469,27722,27870,28517,29256,30140,31284,32541,33953,35126,35122,35921,36264,36474,37568,38908,39712,40791,38447,38488,40331,39381,39056,40463,39877,39502,40221,41004,42972,41166,43469,44902
1142038,NLD,Netherlands,Zuidwest-Friesland,0.00132,31833,32347,32645,32819,33582,34451,35493,36839,38320,39983,41364,42305,40567,41713,41958,42163,41970,44396,44800,42609,41384,40803,39911,34828,31400,31995,32426,34498,34597,36149,34772,36717,37927
1142039,NLD,Netherlands,Zuidwest-Gelderland,0.00682,30443,30935,31219,31386,32116,32947,33943,35231,36647,38237,39558,40929,39148,37926,38669,39151,41298,44237,46674,44825,44696,44321,42793,43397,44669,45255,45835,47403,48200,48142,47640,50304,51963
1142040,NLD,Netherlands,Zuidwest-Overijssel,0.00331,31983,32499,32799,32974,33740,34614,35660,37013,38501,40171,41559,41596,41161,40134,40511,39629,40359,41266,42439,41618,41889,42155,39652,39846,40686,40884,42896,44656,45755,45819,42634,45019,46503
1143001,NOR,Norway,Akershus,0.00444,39844,40833,42004,42897,44762,46333,49248,52435,51777,50153,53928,52120,59468,57386,59063,58496,61947,60973,63360,62186,57886,57628,58936,59470,59889,59295,60947,61678,61153,61391,60218,62188,63440
1143002,NOR,Norway,Aust-Agder,0.00196,34048,34893,35893,36656,38250,39593,41283,43130,43126,44587,49123,47423,47080,45208,45030,46371,43910,45697,51524,49364,46137,45472,46343,45073,45484,46463,46314,46873,47144,47327,46423,47942,48907
1143003,NOR,Norway,Buskerud,0.00218,39229,40203,41356,42235,44072,45618,47103,48726,49746,49719,49571,51733,52483,52009,53371,53736,51721,52612,56171,54244,53725,52908,53159,52694,52888,54170,53875,54186,54373,54585,53542,55293,56407
1143004,NOR,Norway,Finnmark Finnmrku,0.00816,34994,35863,36891,37675,39314,40693,40576,40447,43043,43541,44557,42077,43279,42812,44143,48350,43460,42486,47818,49935,52256,53757,53091,52650,54353,55976,59911,60848,62242,62484,61290,63295,64570
1143005,NOR,Norway,Hedmark,0.00443,32777,33590,34553,35288,36822,38114,39758,41555,42396,42337,44176,46086,46113,48497,50083,49860,44772,44589,47125,45992,44669,45931,45742,46055,47190,48834,49911,51084,51340,51540,50555,52209,53260
1143006,NOR,Norway,Hordaland,0.00791,40917,41933,43135,44052,45968,47581,50329,53334,52263,53782,55990,58950,57087,60885,63344,65502,73147,74187,67946,65622,63760,65973,67555,68209,68458,67808,67275,67542,67236,67498,66208,68374,69751
1143007,NOR,Norway,Mre og Romsdal,0.00508,39393,40371,41528,42411,44256,45809,48081,50566,51914,51559,51938,54952,56280,54452,54342,54639,61384,65592,61837,61365,62047,62609,62079,59354,61472,59366,56660,56423,56992,57213,56121,57956,59123
1143008,NOR,Norway,Nord-Trndelag,0.00171,34729,35591,36612,37390,39016,40385,41398,42505,42509,42795,44549,44071,42206,43303,44208,43939,44113,42148,45039,44402,44546,43904,44745,43519,43915,44861,44717,45257,45518,45695,44822,46288,47220
1143009,NOR,Norway,Nordland,0.00688,35129,36001,37034,37821,39466,40851,42574,44458,43235,44161,45738,45774,45501,47620,48855,49892,48323,48954,53037,51325,53113,51705,51834,52532,54395,54659,58134,59839,60908,61145,59977,61939,63186
1143010,NOR,Norway,Oppland,0.0058,32281,33082,34031,34754,36266,37538,38244,39015,39938,41950,42631,43625,45035,46260,47915,47548,42902,42885,48322,45755,45403,46097,45872,45415,46598,48243,49608,51147,51995,52197,51200,52875,53940
1143011,NOR,Norway,Oslo,0.00142,80049,82036,84388,86182,89930,93085,98905,105270,112465,117752,118473,119133,112304,109770,116270,121420,116750,120389,111002,105506,109041,109169,111150,110490,110663,110348,111344,114087,113458,113899,111723,115378,117701
1143012,NOR,Norway,Rogaland,0.0075,45665,46799,48141,49164,51302,53102,55111,57308,60491,61098,60414,61243,60753,66104,66592,67902,71703,71965,75524,72236,74774,72366,74051,75084,74840,76068,70116,69682,70278,70552,69204,71468,72907
1143013,NOR,Norway,Sogn†og†Fjordane,0.00289,37487,38418,39519,40359,42114,43592,45942,48512,48772,51033,52435,54962,55054,57596,57240,58664,54449,56636,59301,57618,58743,57849,58124,57616,57827,59229,58907,59247,59451,59682,58542,60457,61675
1143014,NOR,Norway,Sr-Trndelag,0.00437,41564,42595,43817,44748,46694,48333,50538,52950,50219,50131,54499,54136,55470,52604,54254,57049,56692,59240,57342,57000,57886,55298,56632,56950,57399,59027,60536,63032,62541,62784,61585,63599,64880
1143015,NOR,Norway,Telemark,0.00343,40176,41173,42353,43254,45135,46719,46800,46888,49340,47119,47160,49878,46856,46982,49245,50404,54154,55021,55766,51349,51400,49982,49241,49269,49470,52200,51541,53439,55136,55350,54293,56069,57198
1143016,NOR,Norway,Troms Romsa,0.00733,36391,37295,38364,39180,40883,42318,44724,47354,45393,47283,47171,48638,50002,50294,52045,51337,46278,44456,49961,52313,52256,54382,54187,55937,56607,56835,62086,63678,63987,64236,63009,65070,66380
1143017,NOR,Norway,Vest-Agder,0.00423,39527,40508,41669,42555,44406,45964,48163,50568,54071,54103,50895,49762,53716,51379,53720,54630,66164,75091,62502,61631,61313,61868,61345,58652,60744,58664,55990,55755,56317,56536,55456,57271,58424
1143018,NOR,Norway,Vestfold,0.00282,35393,36271,37311,38104,39762,41157,42704,44396,44835,44728,46120,49844,51681,50279,51202,51421,57506,57556,51778,49273,46872,47156,48352,47255,46716,48917,49950,50636,50153,50348,49386,51002,52029
1143019,NOR,Norway,ÿstfold,0.00203,36760,37672,38752,39576,41297,42746,42575,42386,43224,43323,45247,45234,46853,46408,48438,48244,48302,49002,49062,46614,44179,44492,44660,43471,44113,44786,45786,47072,47102,47285,46382,47899,48863
1144001,NPL,Nepal,Central,0.00948,2219,2292,2313,2331,2454,2474,2545,2614,2636,2696,2769,2811,2729,2754,2802,2824,2846,2920,3076,3196,3331,3428,3575,3691,3897,4026,4004,4311,4584,4832,4631,4743,4923
1144002,NPL,Nepal,Eastern,0.01592,1390,1436,1449,1460,1537,1550,1594,1637,1651,1689,1793,1881,1888,1969,2071,2156,2247,2305,2428,2523,2629,2706,2822,2913,3076,3178,3161,3403,3619,3814,3656,3744,3886
1144003,NPL,Nepal,Far-west,0.00936,1165,1203,1214,1223,1288,1299,1336,1372,1383,1415,1449,1467,1421,1429,1450,1457,1464,1502,1582,1644,1713,1763,1839,1898,2004,2071,2060,2217,2358,2485,2382,2439,2532
1144004,NPL,Nepal,Mid-west,0.01468,1115,1152,1163,1172,1234,1244,1279,1314,1325,1355,1426,1484,1477,1529,1596,1649,1706,1750,1844,1915,1996,2054,2143,2212,2335,2413,2400,2584,2747,2896,2776,2842,2950
1144005,NPL,Nepal,Western,0.01572,1324,1368,1380,1391,1464,1476,1519,1560,1572,1608,1704,1785,1788,1861,1954,2032,2114,2168,2284,2373,2473,2545,2655,2741,2894,2990,2974,3201,3404,3588,3439,3522,3656
1146001,NZL,New Zealand,Auckland,0.00589,32991,31059,31045,32627,33815,34868,35536,35776,35739,37437,38260,37820,38576,40977,42002,42999,43160,42914,41460,39763,40333,40571,41277,42493,42547,44703,46853,47488,47914,48505,47352,49577,50848
1146002,NZL,New Zealand,Bay of Plenty,0.00763,23239,21878,21868,22982,23819,24561,25031,25200,25175,26371,26950,27966,28595,28948,29558,30243,30566,32323,31629,30444,31040,31989,32434,33107,32986,32789,34306,36674,37397,38365,37251,39001,40001
1146003,NZL,New Zealand,Canterbury,0.00883,25847,24333,24322,25561,26492,27317,27840,28028,27999,29330,29975,30513,31370,32826,33947,35382,35822,36665,35525,35545,35673,36705,38169,40014,42124,42899,42646,41866,42470,42456,41001,42927,44028
1146004,NZL,New Zealand,Chatham Islands,0.00668,28584,26910,26898,28267,29297,30210,30788,30996,30964,32435,33148,33983,34957,36001,36899,37699,38240,38966,38161,37666,37851,38350,38977,39765,40499,41233,41901,42444,43096,43408,42156,44137,45268
1146005,NZL,New Zealand,Gisborne,0.00605,20323,19132,19124,20098,20830,21479,21890,22038,22015,23061,23568,24309,24731,25224,24806,25275,24927,26646,25111,25996,26300,26992,27112,27251,27127,27795,28717,28931,29879,31250,29954,31361,32165
1146006,NZL,New Zealand,Hawke's Bay,0.00567,23989,22584,22574,23724,24588,25354,25839,26014,25987,27222,27820,29118,29923,31384,32503,33605,33406,33556,29833,30328,30256,31145,31093,32111,32386,32238,32730,33940,34892,34925,33761,35347,36253
1146007,NZL,New Zealand,Manawatu-Wanganui,0.00652,21462,20205,20196,21225,21998,22683,23117,23274,23250,24354,24890,26084,27162,27204,28171,28979,30262,30145,29768,28840,29920,30528,30267,30461,31029,30954,31044,31502,32454,33133,32324,33843,34710
1146008,NZL,New Zealand,Marlborough,0.01084,24170,22754,22744,23903,24773,25545,26034,26210,26183,27427,28030,29737,31592,31972,33759,34115,34749,37227,37976,38331,36640,36268,37610,39617,42002,43097,43582,44867,45693,46414,43378,45416,46580
1146009,NZL,New Zealand,Nelson,0.00668,28584,26910,26898,28267,29297,30210,30788,30996,30964,32435,33148,33983,34957,36001,36899,37699,38240,38966,38161,37666,37851,38350,38977,39765,40499,41233,41901,42444,43096,43408,42156,44137,45268
1146010,NZL,New Zealand,Northern Islands,0.00612,29713,27972,27960,29384,30454,31403,32004,32220,32187,33716,34458,35164,36095,37143,37981,38718,39284,39921,39077,38319,38521,38904,39449,40144,40524,41428,42327,42992,43574,43926,42761,44770,45918
1146011,NZL,New Zealand,Northland,0.00701,19226,18100,18092,19013,19706,20320,20708,20848,20827,21816,22296,24103,25031,23977,24875,26315,27499,29233,27909,27649,25923,26823,26535,26390,27416,27575,28731,29367,29843,29267,28098,29419,30173
1146012,NZL,New Zealand,Otago,0.00793,23651,22266,22256,23390,24242,24997,25475,25647,25621,26838,27428,28823,30250,31796,32848,34011,34205,34701,33720,34110,34905,35279,35488,36093,37027,36990,38155,39215,39961,39926,38389,40193,41223
1146013,NZL,New Zealand,Southern Islands,0.00895,25035,23568,23558,24758,25660,26459,26965,27147,27120,28408,29033,30269,31367,32381,33468,34456,34913,35925,35235,35582,35720,36575,37444,38539,40416,40595,40508,40665,41534,41714,40174,42062,43140
1146014,NZL,New Zealand,Southland,0.0094,26362,24818,24807,26070,27020,27861,28395,28587,28557,29914,30572,34790,36230,35097,35474,34211,35607,37190,38802,40438,40398,42281,42078,40748,44510,41878,39625,41865,44052,44806,43205,45234,46394
1146015,NZL,New Zealand,Taranaki,0.01019,35058,33005,32990,34670,35933,37052,37761,38017,37978,39782,40657,48545,48208,46700,45200,44016,44371,50971,66630,67190,63565,64099,61785,62299,63294,60896,51385,49999,53059,51864,50469,52840,54195
1146016,NZL,New Zealand,Tasman,0.00668,23707,22319,22309,23445,24299,25056,25536,25708,25682,26902,27494,28308,29501,30192,31327,32175,31064,32711,31393,31441,31963,32233,31742,32451,33178,33489,34320,35125,35935,36736,35884,37570,38533
1146017,NZL,New Zealand,Waikato,0.00672,24372,22945,22934,24102,24980,25759,26251,26429,26402,27656,28264,31063,32579,30922,32236,32604,33685,36132,34513,35285,33769,34539,35682,34844,36904,36106,36080,36945,37704,38668,37278,39029,40030
1146018,NZL,New Zealand,Wellington,0.00415,38299,36056,36040,37875,39255,40478,41252,41531,41489,43460,44415,43613,44873,46296,46626,46903,48067,47757,46402,46404,47921,47553,48677,49571,49403,50495,50850,50931,50983,50271,49199,51511,52831
1146019,NZL,New Zealand,West Coast,0.01196,21306,20058,20049,21070,21838,22518,22949,23104,23080,24177,24708,27640,28368,27199,28998,29403,33059,34633,36587,39408,37572,38869,40426,38943,40152,38051,35123,36219,39240,40222,37289,39041,40042
1148001,PAK,Pakistan,Azad Kashmir Province,0.00845,2561,2671,2775,2837,2795,2788,3009,2963,2925,2867,2928,2930,2949,2988,3126,3290,3425,3510,3562,3660,3687,3762,3863,3998,4133,4206,4381,4358,4391,4264,4136,4325,4443
1148002,PAK,Pakistan,Balochistan,-0.01125,3778,3849,4240,4326,4331,4214,4297,4190,4138,3595,3450,3330,3149,3107,3046,2951,2807,2607,2539,2502,2417,2362,2323,2373,2422,2772,3213,3294,3425,3436,3333,3486,3581
1148003,PAK,Pakistan,Federally Administered Tribal Areas,0.00845,2561,2671,2775,2837,2795,2788,3009,2963,2925,2867,2928,2930,2949,2988,3126,3290,3425,3510,3562,3660,3687,3762,3863,3998,4133,4206,4381,4358,4391,4264,4136,4325,4443
1148004,PAK,Pakistan,NWFP,0.00845,2561,2671,2775,2837,2795,2788,3009,2963,2925,2867,2928,2930,2949,2988,3126,3290,3425,3510,3562,3660,3687,3762,3863,3998,4133,4206,4381,4358,4391,4264,4136,4325,4443
1148005,PAK,Pakistan,Northern Areas,0.00845,2561,2671,2775,2837,2795,2788,3009,2963,2925,2867,2928,2930,2949,2988,3126,3290,3425,3510,3562,3660,3687,3762,3863,3998,4133,4206,4381,4358,4391,4264,4136,4325,4443
1148006,PAK,Pakistan,Punjab w/ Islamabad,0.01005,2764,2806,2920,2850,2916,3002,3018,2949,2951,3094,3152,3198,3245,3377,3599,3776,3918,4001,3979,4006,3956,3957,3984,4103,4221,4560,5030,5254,5565,5686,5516,5768,5926
1148007,PAK,Pakistan,Sindh,0.00324,3933,3962,4197,4188,4169,4265,4289,4236,4223,4135,4137,4119,4028,4148,4344,4610,4838,4998,5009,5083,5059,5100,5175,5270,5360,4930,4577,4665,4823,4810,4666,4879,5012
1149001,PAN,Panama,Bocas Del Toro,0.00437,7598,8095,8533,8770,8794,8727,8848,8836,8457,8299,8175,8177,7976,6504,7340,6885,7167,7952,9921,9508,8874,9603,9441,9894,9542,9908,10206,10311,10812,10952,8859,10094,11004
1149002,PAN,Panama,Chiriqu,0.00588,6729,7169,7557,7767,7788,7728,7835,7972,7776,8221,8476,9129,9273,8958,9343,9755,10312,10965,11643,8605,8770,8369,8962,9018,8945,9778,10331,10564,10835,10975,8877,10115,11027
1149003,PAN,Panama,Cocl,0.01508,5922,6310,6651,6836,6855,6802,6897,6875,7039,6361,5757,6377,6478,6882,7431,7720,7625,8520,8535,9287,10134,10612,11276,12370,13256,13250,13543,13783,14072,14255,11530,13138,14322
1149004,PAN,Panama,Coln,0.01403,21371,22768,24001,24668,24735,24546,24886,27884,29479,27961,28334,28896,27459,27997,29230,33004,35155,37739,39200,36184,37395,42058,44004,39364,37293,45078,57162,69571,74693,75664,61200,69733,76020
1149005,PAN,Panama,Darin,0.0032,4453,4745,5002,5140,5155,5115,5186,5286,5849,5266,5470,6142,5986,6591,6511,5103,4958,5503,6057,4968,5374,5702,5928,6147,5903,5893,6179,6348,6188,6269,5070,5777,6298
1149006,PAN,Panama,Herrera,0.01664,5172,5510,5808,5969,5986,5940,6022,6109,6631,7078,6950,7066,7288,7566,7908,8694,9095,9905,10687,10891,11341,11541,12013,12485,14272,13590,13505,13969,14165,14350,11607,13225,14417
1149007,PAN,Panama,Los Santos,0.01481,5342,5691,5999,6166,6183,6135,6220,6588,7113,7236,7469,7962,7923,8468,8707,9737,9849,10967,11807,9265,10026,10565,11153,11626,12320,12532,13719,14255,14377,14564,11780,13422,14633
1149008,PAN,Panama,Panam City,0.01576,16111,17164,18094,18597,18648,18505,18761,19296,20391,20955,20957,19997,20195,20833,21964,22913,24565,27103,29507,30709,31908,35230,38310,40911,42769,43529,43138,43354,43476,44041,35622,40588,44248
1149009,PAN,Panama,San Blas,0.0032,4453,4745,5002,5140,5155,5115,5186,5286,5849,5266,5470,6142,5986,6591,6511,5103,4958,5503,6057,4968,5374,5702,5928,6147,5903,5893,6179,6348,6188,6269,5070,5777,6298
1149010,PAN,Panama,Veraguas,0.01732,4195,4469,4711,4842,4855,4818,4885,5135,5358,5482,5529,5650,5620,5818,6292,6460,7071,8108,8014,7956,8438,9018,9386,11244,10465,10943,11719,12069,12304,12464,10081,11487,12522
1150001,PER,Peru,Amazonas,0.01423,3676,3439,3241,3368,2893,2999,3008,3126,3040,3017,3033,2988,3130,3294,3458,3682,3920,4192,4493,4640,4988,4628,5262,5566,6313,6351,6014,6135,6261,6281,5518,6179,6279
1150002,PER,Peru,Ancash,0.02295,3017,2738,2603,2722,3068,3003,3560,4276,4728,5262,5872,6363,7441,7585,7784,7982,8128,8627,9343,9320,9589,11511,11648,12437,10770,11463,11264,11768,12009,12047,10584,11851,12044
1150003,PER,Peru,Apurmac,0.02448,1300,1368,1218,1320,1367,1541,1616,1754,1779,1838,1923,1968,2084,2193,2322,2489,2709,2775,2854,3006,3326,3326,3930,4743,5072,5403,10626,12769,13030,13072,11484,12860,13068
1150004,PER,Peru,Arequipa,0.01396,7247,7177,7177,7447,8244,8730,8736,9058,8791,8703,8730,8577,9194,9419,9828,10353,10833,12337,13242,13121,14076,14195,14863,15241,15481,15675,16775,17042,17391,17447,15328,17164,17442
1150005,PER,Peru,Ayacucho,0.02302,1601,1723,1567,1719,1987,2054,2181,2393,2453,2560,2702,2789,2927,3056,3007,3239,3499,3877,4186,4604,4813,5533,5977,6665,6589,6854,6632,6739,6878,6899,6062,6788,6898
1150006,PER,Peru,Cajamarca,0.01779,2114,2109,2007,2168,2567,2898,3091,3406,3504,3669,3884,4021,4429,4810,4872,5202,5124,4713,5098,5445,5357,6673,7118,6794,6515,6560,6109,6088,6213,6233,5476,6132,6231
1150007,PER,Peru,Cusco,0.02111,3082,3136,3073,3211,3570,3757,3736,3849,3711,3649,3635,3546,3388,3588,4215,4555,5059,5500,5861,6094,6966,11146,11019,12947,12104,10566,10091,10366,10578,10612,9323,10439,10609
1150008,PER,Peru,Huancavelica,0.01029,2475,2519,2375,2655,2967,3349,3503,3792,3838,3958,4133,4223,4128,4223,4260,4523,4758,4576,4667,4803,4892,4977,5398,5612,5849,6011,5906,5836,5955,5974,5249,5877,5973
1150009,PER,Peru,Hu·nuco,0.01085,3049,3219,3156,3421,3186,3821,3650,3601,3313,3097,2921,2683,2723,2964,3034,3077,3124,3168,3352,3353,3571,3701,4282,4807,5042,5518,5524,5572,5686,5704,5012,5612,5703
1150010,PER,Peru,Ica,0.02014,5172,5256,5203,5675,6553,6453,6458,6697,6500,6435,6455,6342,6678,6834,7359,8218,8785,9453,11382,11686,12492,15168,14975,16737,16937,18079,16865,17229,17582,17638,15496,17352,17634
1150011,PER,Peru,Junn,0.00632,5898,6090,5768,5955,6420,6870,6613,6582,6116,5780,5518,5142,5264,5349,5654,5616,6174,6507,6994,6793,7236,6119,6466,6878,7609,8472,8089,8165,8332,8359,7344,8223,8357
1150012,PER,Peru,La Libertad,0.01115,5106,5204,5005,5064,5807,6048,5912,5983,5661,5458,5326,5083,5341,5627,5523,5978,6805,7377,7829,7865,8467,8668,9495,9836,9802,10188,9909,9531,9726,9757,8572,9599,9755
1150013,PER,Peru,Lambayeque,0.00492,5925,5979,5847,5893,6906,7118,6760,6626,6052,5610,5238,4758,4948,5110,4846,5178,5398,5899,6331,6470,6927,5903,6568,7081,7410,7870,7666,7451,7604,7628,6701,7504,7626
1150014,PER,Peru,Lima w/ Callao,0.01594,7264,7282,7164,7292,8156,8710,9000,9632,9644,9845,10180,10306,10532,10758,11147,11704,12533,13607,14844,14694,15924,16059,16814,17242,17513,17732,18977,19279,19674,19737,17340,19417,19732
1150015,PER,Peru,Loreto w/ Ucayali,0.00536,7977,7810,7431,7563,7799,7829,7337,7082,6355,5769,5253,4628,4795,4870,5066,5254,5472,5623,5840,5903,6203,5517,6152,6481,7269,7624,7279,7296,7445,7469,6562,7348,7467
1150016,PER,Peru,Madre de Dios,0.01441,6259,5886,5842,6731,6839,7093,7069,7300,7055,6954,6945,6793,7252,7064,7582,8115,8206,8848,9287,8830,9341,22018,15589,17185,13065,15788,17881,14804,15107,15155,13315,14909,15151
1150017,PER,Peru,Moquegua,0.00518,19810,23282,23838,23744,24727,24927,23670,23199,21188,19639,18336,16651,19168,20324,21604,22220,22009,21605,22482,21921,22903,34557,31461,33764,30501,28741,25980,27475,28038,28127,24711,27671,28120
1150018,PER,Peru,Pasco,0.00791,7265,7503,7225,7628,7623,8559,8514,8776,8465,8327,8299,8100,8762,8666,8925,8921,9564,10556,10574,9982,9727,12871,12366,12176,12054,11960,11796,12063,12310,12349,10849,12149,12346
1150019,PER,Peru,Piura,0.01169,5111,4819,4694,4925,5252,5292,5162,5211,4917,4727,4598,4374,4455,4570,4901,5116,5551,6017,6362,6440,6721,7577,8609,8928,9263,9517,8894,8459,8632,8660,7608,8519,8658
1150020,PER,Peru,Puno,0.01709,2024,2145,2075,2216,2496,2534,2674,2919,2977,3093,3251,3342,3564,3580,3655,3808,3961,4204,4387,4504,4819,4738,5094,5748,6085,6063,6202,6087,6212,6232,5475,6131,6230
1150021,PER,Peru,San Martn,0.01011,4206,3383,3261,3292,3586,3679,3610,3668,3485,3375,3309,3175,3239,3307,3538,3792,3926,4208,4553,4658,4903,4362,4863,5123,5746,6027,5754,5767,5886,5904,5187,5808,5903
1150022,PER,Peru,Tacna,0.01177,6823,7610,7366,7025,7229,7612,7981,8658,8781,9074,9491,9714,9962,10442,10926,11158,11416,11908,12227,11906,13240,12123,12249,12951,13235,13165,12672,13070,13338,13380,11755,13163,13377
1150023,PER,Peru,Tumbes,0.01367,4823,4302,3666,4049,4303,4524,4513,4664,4512,4452,4450,4357,4475,4619,4885,5492,5222,5576,5863,5915,6502,7559,8614,9097,9530,9126,8582,8711,8889,8918,7835,8773,8915
1151001,PHL,Philippines,Bicol Region,0.00538,2189,2127,2085,2076,2112,2154,2231,2294,2214,2222,2255,2258,2278,2329,2416,2469,2532,2668,2523,2729,2212,2221,2394,2558,2646,2751,2856,2943,3143,3285,2928,3054,3242
1151002,PHL,Philippines,"Cagayan Valley, Cordillera, Illogos",0.01947,1926,1872,1835,1883,1973,2070,2204,2328,2349,2461,2604,2717,2852,3031,3265,3462,3680,3840,3620,3608,4060,4450,4597,4836,5075,5180,5407,5753,6009,6281,5599,5840,6200
1151003,PHL,Philippines,Central Visayas,0.01055,4028,3914,3837,3876,3999,4136,4342,4526,4395,4436,4528,4563,4631,4765,4973,5114,5277,5601,5509,5400,4959,5525,5966,6306,6715,6923,7417,7683,8136,8503,7580,7906,8393
1151004,PHL,Philippines,Eastern Visayas,0.01124,2189,2127,2085,2089,2139,2194,2286,2365,2280,2286,2317,2318,2335,2385,2471,2522,2583,2614,2836,2854,3493,3894,3602,3729,3614,3606,3975,3975,4130,4317,3848,4014,4261
1151005,PHL,Philippines,Metro Manila,0.01805,10260,9970,9774,9763,9963,10192,10588,10922,10752,11002,11384,11626,11955,12461,13175,13722,14338,15213,17860,17713,17090,18318,19340,20774,21716,23380,24905,26192,27170,28397,25313,26403,28030
1151006,PHL,Philippines,Mindanao,0.02254,2223,2160,2118,2081,2088,2101,2146,2175,2176,2262,2375,2461,2566,2710,2902,3060,3235,3386,3474,3633,3757,6033,6351,6552,6862,7222,7558,8009,8440,8821,7863,8202,8707
1151007,PHL,Philippines,"Tagalog, Luzon, W. Visayas",0.00221,4629,4498,4409,4394,4473,4564,4730,4867,4658,4634,4661,4627,4624,4684,4812,4869,4942,5120,4776,4681,5508,3948,4196,4385,4649,4785,5003,5260,5523,5773,5146,5367,5698
1154001,POL,Poland,Bialostocki,0.01581,9958,9225,9427,9753,10246,10957,11619,12362,12932,13536,14304,15043,15138,15636,15882,16314,17367,18967,19518,20038,20726,21448,21848,22076,22692,23291,23911,25040,26589,27975,27602,29617,31940
1154002,POL,Poland,Bialski,0.01631,7093,6571,6715,6947,7298,7805,8276,8805,9211,9642,10188,11076,10663,11138,11262,11502,12228,13428,13882,13805,14627,15606,15523,15954,16243,16570,17279,18280,19485,20001,19950,21407,23086
1154003,POL,Poland,Bielski,0.01548,12616,11687,11943,12356,12980,13881,14720,15661,16383,17149,18121,18144,18057,18641,19407,19567,20441,21411,22562,23691,23735,24834,25450,25495,27201,29460,30602,31571,33226,34376,32071,34412,37111
1154004,POL,Poland,Bydgosko-Torunski,0.01408,13329,12348,12618,13054,13714,14666,15553,16546,17310,18118,19145,19468,19659,20095,20430,21265,22709,24268,25249,25276,25442,26294,26872,26733,27726,29147,29942,30939,32674,33605,33594,36047,38874
1154005,POL,Poland,Bytomski,0.01607,8878,8225,8405,8695,9135,9769,10359,11021,11530,12068,12752,13426,14220,14353,14746,15457,16127,16820,17488,18225,18632,19269,19157,19180,19863,20855,20896,22304,24108,24847,23745,25478,27476
1154006,POL,Poland,Chelmsko-zamojski,0.01475,7050,6531,6673,6904,7253,7757,8226,8751,9155,9583,10126,10515,10558,10918,11307,11709,12428,13391,13833,13598,14232,14645,14415,14441,14651,14819,15491,16400,16777,17589,17421,18693,20159
1154007,POL,Poland,Chojnicki,0.01575,7920,7337,7497,7756,8148,8714,9241,9831,10285,10765,11376,11861,12012,12492,12618,13094,13886,15244,15433,15899,15886,16488,16562,16479,17369,17934,19033,19795,21142,21539,22148,23765,25628
1154008,POL,Poland,Ciechanowski,0.01648,9065,8398,8581,8878,9327,9974,10577,11253,11772,12322,13020,12888,12621,13174,12987,14127,15052,16103,17571,17723,17952,18633,18302,19158,19629,19978,20640,22787,24080,25790,26522,28458,30690
1154009,POL,Poland,City of Krakow,0.01878,17580,16286,16642,17217,18088,19343,20512,21823,22829,23896,25251,24015,25011,26495,28482,29360,32588,34775,35482,36216,37320,39192,39721,41229,43186,45669,47833,50856,54249,56538,55384,59428,64088
1154010,POL,Poland,City of LÔøΩdz,0.01957,12919,11968,12230,12653,13292,14215,15074,16037,16777,17561,18556,19040,19642,20948,21508,22004,23535,25474,27206,28194,29895,30588,31093,31813,33189,34662,35097,37272,40782,43315,43050,46193,49815
1154011,POL,Poland,City of Poznan,0.01746,22325,20682,21133,21864,22969,24564,26048,27713,28991,30346,32066,31972,32665,33537,36210,38226,39727,43216,44625,46364,46722,48166,49678,51318,52884,54847,56810,60130,62537,67301,66893,71777,77405
1154012,POL,Poland,City of Szczecin,0.01281,16681,15454,15791,16337,17163,18354,19464,20707,21663,22675,23960,23510,23639,23311,23207,24761,26324,27276,28679,28357,28403,29602,29978,30125,31676,33414,33790,35620,38483,39636,39251,42117,45420
1154013,POL,Poland,City of Warsaw,0.01819,32225,29853,30505,31560,33155,35457,37600,40002,41847,43803,46286,47020,47281,49069,51007,54946,58627,63378,64342,67502,70852,72848,74676,76161,78610,80591,83301,88815,93950,98677,97001,104083,112246
1154014,POL,Poland,City of Wroclaw,0.02033,16453,15242,15575,16114,16928,18103,19197,20424,21366,22364,23632,23238,24821,25063,25633,26080,28580,31518,33920,35997,37113,38664,39821,41398,43963,45953,47507,50807,54842,58518,56557,60686,65445
1154015,POL,Poland,Czestochowski,0.01607,10123,9378,9583,9914,10415,11138,11812,12566,13146,13760,14540,15706,15284,15793,17216,17610,17738,19200,19517,19452,19946,21143,21412,21642,22619,23817,24866,26337,27889,29571,29196,31327,33784
1154016,POL,Poland,Elblaski,0.01566,8238,7631,7798,8068,8476,9064,9612,10226,10697,11197,11832,11802,12149,12680,13176,13488,14180,15302,15996,16342,16649,17232,17452,17305,18187,19047,19796,20745,21709,22273,22589,24239,26139
1154017,POL,Poland,Elcki,0.0152,7335,6795,6943,7184,7547,8070,8558,9105,9525,9970,10535,10584,10154,10731,11313,11781,12849,13498,14098,14109,14868,15262,15369,15313,15971,16383,17136,17830,18543,19052,18998,20385,21983
1154018,POL,Poland,Gdanski,0.01785,8002,7413,7575,7837,8233,8804,9336,9933,10391,10877,11493,12134,12085,12547,12560,13393,14353,15360,16282,16895,16996,17491,18149,18697,19710,20663,21081,22268,23749,24552,23860,25602,27610
1154019,POL,Poland,Gliwicki,0.01991,12178,11281,11528,11926,12529,13399,14209,15117,15814,16553,17491,17333,17601,18150,19662,19697,21877,23804,24854,26542,28106,29267,30624,30502,32573,33724,35516,36278,38074,40466,39042,41893,45178
1154020,POL,Poland,Gorzowski,0.01445,10659,9874,10090,10439,10966,11728,12436,13231,13841,14488,15309,15332,15648,15594,16340,16972,18025,19169,19804,20654,20906,20907,21571,21319,22570,23444,24207,24805,26056,27112,26913,28878,31143
1154021,POL,Poland,Grudziadzki,0.01634,7963,7377,7538,7799,8193,8762,9292,9885,10341,10824,11438,11680,11954,12134,12686,12804,13467,14376,15043,15302,15359,16070,16663,17366,17930,18652,19571,20542,21925,22741,23053,24736,26676
1154022,POL,Poland,Inowroclawski,0.0152,8412,7793,7963,8238,8655,9255,9815,10442,10924,11434,12082,12383,12741,13350,14029,14044,14835,15586,16574,16945,16944,17387,17172,17373,17970,18237,19161,20030,21087,21763,21226,22776,24562
1154023,POL,Poland,JeleniogÔøΩrski,0.01545,10119,9375,9579,9911,10412,11134,11807,12562,13141,13755,14535,14796,14067,14557,14737,15196,15916,16776,18074,18580,19340,20418,21707,21754,22906,22717,23112,23898,25099,25794,25742,27622,29788
1154024,POL,Poland,Kaliski,0.01976,9004,8341,8524,8818,9264,9907,10506,11177,11693,12239,12933,13406,13198,13673,14750,15435,16341,16995,17981,18977,19160,20452,21202,21630,23096,25373,25803,27240,28886,29915,29667,31833,34329
1154025,POL,Poland,Katowicki,0.01595,15948,14774,15097,15619,16408,17547,18608,19797,20710,21678,22906,22922,25567,25293,26323,26853,27913,30370,31872,33068,32509,34544,34473,35278,36155,37406,37550,39803,42978,44882,43348,46512,50160
1154026,POL,Poland,Kielecki,0.0165,9509,8809,9002,9313,9784,10463,11095,11804,12349,12926,13658,13781,14319,15015,15837,15748,17049,18619,20111,19789,20034,20769,20866,20777,21375,22144,22623,23805,25582,26087,25571,27438,29590
1154027,POL,Poland,Koninski,0.01623,9037,8372,8554,8850,9298,9943,10544,11218,11735,12283,12980,13505,13603,14499,14815,15448,15697,16518,17032,18280,18163,19339,19633,19588,20216,21116,21943,23477,24965,26742,26096,28001,30197
1154028,POL,Poland,Koszalinski,0.01537,10146,9399,9604,9936,10439,11163,11838,12594,13175,13791,14572,14875,15133,15505,16266,16661,18137,18366,19827,20227,20787,20779,21110,21389,22166,23407,23787,24958,26425,27443,26886,28849,31111
1154029,POL,Poland,Krakowski,0.02156,6936,6425,6566,6793,7136,7631,8093,8610,9007,9428,9962,11152,11254,11836,11923,12583,13680,14528,16198,16207,16317,17719,18071,18383,19296,20826,21926,23335,24957,25592,24457,26243,28301
1154030,POL,Poland,Krosnienski,0.01391,7939,7355,7516,7776,8169,8736,9264,9856,10310,10792,11404,11303,11172,11681,12003,12335,13242,13840,14364,14579,14836,15690,15659,15884,16509,16758,16920,17932,19093,19687,19118,20514,22123
1154031,POL,Poland,Legnicko-Glogowski,0.02032,14721,13638,13936,14418,15146,16198,17177,18274,19117,20010,21145,19678,20766,21542,24434,28994,34743,37269,35049,36298,42740,46360,43729,39737,39671,40613,39300,41105,40032,42059,42575,45684,49266
1154032,POL,Poland,Leszczynski,0.0183,9578,8873,9067,9381,9855,10539,11176,11890,12438,13019,13757,13753,13755,14814,15937,16358,17580,18569,19341,20008,20502,21578,22204,22817,23824,25033,25834,27265,28745,29981,29926,32111,34629
1154033,POL,Poland,Lomzynski,0.01888,7121,6597,6742,6975,7327,7836,8309,8840,9248,9680,10229,10918,10795,10924,11631,12316,12691,13699,14240,15016,15929,16858,16340,17218,17869,18309,18786,20484,21394,22673,22967,24644,26576
1154034,POL,Poland,Lubelski,0.01746,10228,9475,9682,10017,10523,11253,11934,12696,13282,13902,14690,15167,15468,15848,16105,16300,17189,18676,20062,20728,21479,22231,23586,24450,25264,25519,26440,27752,29150,30571,29603,31764,34255
1154035,POL,Poland,LÔøΩdzki,0.01897,8998,8336,8518,8813,9258,9901,10499,11170,11685,12231,12924,13547,14087,14906,15346,16248,17539,18957,19576,19475,19944,20618,21071,21253,22336,23864,24332,25014,26596,27936,28517,30599,32998
1154036,POL,Poland,Nowosadecki,0.01636,7624,7063,7218,7467,7845,8389,8896,9465,9901,10364,10951,11019,11173,11396,11849,12506,13085,13824,15052,15256,14885,15855,15908,15881,17059,17685,17721,18762,20681,21556,21773,23363,25195
1154037,POL,Poland,Nowotarski,0.01578,7084,6563,6706,6938,7289,7795,8266,8794,9200,9630,10176,10159,10403,10789,10996,11533,12112,12740,13526,14023,14170,14428,14741,14738,15358,16163,16815,17830,19243,19808,19027,20416,22017
1154038,POL,Poland,Nyski,0.01525,7768,7196,7354,7608,7992,8547,9064,9643,10088,10559,11158,11081,11414,11348,11467,12336,13043,14431,14889,15437,15595,16234,16364,16373,16814,17197,17753,18456,19488,20337,20235,21712,23415
1154039,POL,Poland,Olsztynski,0.01471,10020,9283,9485,9813,10309,11025,11691,12438,13012,13620,14392,14078,14417,15312,15742,16260,16917,17791,18397,19022,19440,20473,20682,21248,22024,22634,23322,23829,24844,25993,25983,27880,30066
1154040,POL,Poland,Opolski,0.01798,10529,9755,9968,10312,10834,11585,12286,13071,13674,14313,15124,14824,15110,15485,18265,17987,18599,20532,22212,22155,23241,24369,24468,24694,26190,27342,27541,28888,30667,31974,30875,33129,35727
1154041,POL,Poland,Ostrolecki,0.01893,7836,7260,7418,7675,8063,8622,9143,9728,10176,10652,11256,11669,11622,11881,12246,12661,13959,15144,15632,16333,16497,17805,17990,18792,19860,20577,20722,22683,24243,24738,25023,26850,28955
1154042,POL,Poland,Oswiecimski,0.01388,9904,9175,9375,9700,10190,10897,11556,12294,12861,13462,14225,13654,14383,15221,15162,15669,16437,17236,17658,18118,18574,19805,19679,19555,20316,21551,22128,23275,24021,24808,24373,26153,28203
1154043,POL,Poland,Pilski,0.01471,9605,8898,9092,9407,9882,10568,11207,11923,12473,13056,13796,14113,13700,14125,15086,15688,15821,17027,17339,18365,18215,18820,19039,19523,20158,21665,22112,22922,24559,25028,24943,26764,28863
1154044,POL,Poland,Piotrkowski,0.01985,9695,8981,9178,9495,9975,10667,11312,12035,12590,13178,13925,14455,14634,15534,16517,17506,18147,19010,20039,21419,22632,24215,24988,24909,25577,26687,27549,28472,30008,31345,32126,34472,37175
1154045,POL,Poland,Plocki,0.02206,13559,12561,12835,13279,13950,14918,15820,16831,17607,18430,19475,17113,17482,20021,27160,25672,27078,28900,29000,30225,33622,37520,38760,35420,37100,41978,45435,45343,47560,53026,45538,48863,52695
1154046,POL,Poland,Poznanski,0.01793,13310,12331,12600,13036,13695,14645,15531,16523,17285,18093,19118,19010,18380,19971,21150,21884,23906,25269,27045,27880,27563,29370,29724,30434,32043,34007,35917,37290,38763,40127,39114,41969,45261
1154047,POL,Poland,Przemyski,0.01218,7396,6851,7001,7243,7609,8138,8629,9181,9604,10053,10623,11012,11225,11436,11507,11906,12521,13003,13489,13184,13426,14034,13900,14048,14534,14886,15396,15966,16889,17588,17127,18377,19818
1154048,POL,Poland,Pulawski,0.01588,7389,6845,6995,7237,7603,8130,8622,9173,9596,10044,10614,10480,10756,11421,12110,12516,12636,13579,14648,13666,14233,15983,16066,16179,16290,17512,17807,18774,19483,20707,20215,21691,23392
1154049,POL,Poland,Radomski,0.01695,8106,7510,7674,7939,8340,8919,9458,10063,10527,11019,11643,12183,12360,12752,12777,13292,14188,15016,15558,16459,16886,17702,17871,18041,18839,19638,19596,20931,22147,23603,23953,25702,27718
1154050,POL,Poland,Rybnicki,0.01898,9860,9135,9334,9657,10145,10849,11505,12240,12805,13403,14163,14889,14774,15431,18464,18234,17996,18697,21539,21224,23436,25205,24597,23446,23847,24748,24869,27099,29012,29795,27613,29629,31953
1154051,POL,Poland,Rzeszowski,0.01945,9027,8363,8546,8841,9288,9933,10533,11206,11723,12271,12966,13638,13973,14256,14599,15293,15824,16792,18496,19426,20213,21524,22307,22920,23547,25143,25487,26495,28441,29944,28071,30120,32482
1154052,POL,Poland,Sandomiersko-jedrzejowski,0.01539,7963,7377,7538,7799,8193,8762,9292,9885,10341,10824,11438,11598,11949,12472,12817,12893,13958,15123,16222,16055,16430,16904,16639,16182,16991,17452,17700,18512,19940,21038,21139,22683,24461
1154053,POL,Poland,Siedlecki,0.02048,7628,7067,7221,7471,7848,8393,8900,9469,9906,10369,10956,11748,11664,12372,12857,13813,14644,15497,16839,16666,18399,20142,20208,20713,21091,21375,21859,23219,24328,25613,25471,27330,29474
1154054,POL,Poland,Sieradzki,0.01615,8322,7709,7878,8150,8562,9156,9710,10330,10807,11312,11953,12040,12613,12934,13607,14183,15245,16301,16623,15325,15690,16817,17259,17509,18219,18878,19842,21068,21499,23114,23247,24944,26901
1154055,POL,Poland,Skierniewicki,0.01747,8130,7532,7696,7963,8365,8946,9486,10092,10558,11051,11678,11364,12651,13059,13807,14306,15117,16402,16947,16479,16863,18026,18345,18912,19570,19755,20962,21959,22474,23830,24348,26126,28174
1154056,POL,Poland,Slupski,0.01693,8778,8132,8309,8597,9031,9658,10242,10896,11399,11931,12608,13368,13220,13897,13979,14886,15969,17099,18066,18870,18628,19210,19578,19540,20532,21193,21423,23175,24549,25144,25515,27378,29525
1154057,POL,Poland,Sosnowiecki,0.01549,11332,10498,10727,11098,11659,12469,13222,14067,14716,15404,16277,15524,16525,17348,20212,19100,21627,22640,22536,21413,22669,23756,23947,23502,25123,26129,27367,28365,30667,30852,29437,31586,34063
1154058,POL,Poland,Starogardzki,0.01558,9093,8423,8607,8905,9355,10004,10609,11287,11808,12359,13060,13137,14571,15399,15427,15075,16283,18317,18238,18726,19001,19791,20123,20279,21547,22313,23159,23459,23871,25581,25384,27237,29373
1154059,POL,Poland,Suwalski,0.01632,7479,6928,7080,7324,7695,8229,8726,9283,9712,10166,10742,11096,12042,12287,12409,12825,13054,14588,14390,15177,15827,16652,16302,16993,17400,17705,18166,19341,20585,21383,21249,22801,24589
1154060,POL,Poland,Swiecki,0.01598,9176,8501,8686,8987,9441,10096,10707,11391,11916,12473,13180,13221,13227,13284,14461,14072,15243,16062,15821,15907,17133,18150,17856,18998,20461,20921,21318,23584,27732,26176,25938,27831,30014
1154061,POL,Poland,Szczecinecko-pyrzycki,0.01248,8971,8310,8492,8786,9230,9870,10467,11136,11649,12194,12885,12613,12035,11505,12103,12391,13067,14054,14288,14549,14830,15437,15564,15714,16551,17115,17685,18423,19339,19880,19544,20971,22616
1154062,POL,Poland,Szczecinski,0.01555,9519,8818,9011,9322,9793,10473,11106,11816,12361,12938,13672,13638,14127,14797,15336,15830,16164,17670,18819,18436,18938,19630,20176,20004,21013,22178,22759,23614,25190,26384,26049,27951,30143
1154063,POL,Poland,Tarnobrzeski,0.01702,8439,7818,7989,8265,8683,9286,9847,10476,10959,11472,12122,12368,13072,14013,14432,14515,15366,16460,17136,17210,17777,18629,18534,19446,19980,20883,21733,22407,24047,25250,24494,26282,28343
1154064,POL,Poland,Tarnowski,0.01626,7820,7244,7402,7658,8045,8604,9124,9707,10155,10629,11232,11149,11583,11732,12414,12690,13702,14174,14987,15306,16084,17807,17940,17275,17674,18547,18693,19745,20745,21470,21164,22710,24490
1154065,POL,Poland,Trojmiejski,0.01756,16366,15161,15492,16028,16838,18007,19095,20316,21253,22246,23507,23150,24266,24342,26313,27831,29248,30821,30496,32874,33521,35917,37696,36927,36982,39724,41699,43909,47643,50198,46438,49828,53736
1154066,POL,Poland,Tyski,0.01904,14922,13823,14125,14614,15352,16418,17410,18523,19377,20283,21432,23354,23387,26397,26886,26891,26575,29102,32492,35365,35777,37562,36507,34385,34384,35545,36509,38841,39661,39419,35934,38558,41582
1154067,POL,Poland,Walbrzyski,0.0155,8769,8124,8301,8588,9022,9648,10232,10885,11387,11919,12595,13166,13348,14032,14532,14787,15977,17047,17445,17971,17855,18645,18662,18641,19821,20725,21525,22240,23473,24225,23174,24866,26816
1154068,POL,Poland,Warsaw-East,0.01679,9960,9227,9429,9755,10248,10959,11622,12364,12935,13539,14307,14451,13588,14064,14430,15817,16493,17392,18357,18731,19896,20997,21110,21654,22576,23941,23891,25082,26980,28123,27799,29829,32168
1154069,POL,Poland,Warszawski zachodni,0.01843,15212,14092,14400,14898,15651,16737,17749,18883,19754,20677,21849,23333,24715,23541,24729,24310,26544,28094,29545,31645,32928,35036,35542,35638,37962,40258,41091,41918,45323,47780,46950,50378,54328
1154070,POL,Poland,Wloclawski,0.01457,8540,7912,8085,8364,8787,9397,9965,10601,11090,11609,12267,12553,12819,13249,14182,14070,14868,16135,16434,15965,16970,17419,17267,18232,18197,19743,19836,20332,21006,21906,22492,24134,26026
1154071,POL,Poland,Wroclawski,0.02254,9005,8342,8524,8819,9265,9908,10507,11178,11694,12240,12934,13059,14158,14688,14670,15326,16061,18477,20000,20476,21786,23554,24942,25586,26132,28526,30206,31221,32934,33775,35449,38038,41021
1154072,POL,Poland,ZielonogÔøΩrski,0.01601,9892,9164,9364,9688,10177,10884,11541,12279,12845,13446,14208,14285,14378,14849,16277,17367,18255,19469,19508,19309,19949,20951,21105,21691,22823,23495,24377,25331,26690,27508,26854,28814,31074
1154073,POL,Poland,Zyrardowski,0.01837,9228,8548,8735,9037,9494,10153,10767,11455,11983,12543,13254,14183,14475,15591,15435,16741,17307,17615,17990,19673,20109,21351,22604,23253,23383,25166,25508,26225,27096,28296,28630,30720,33129
1157001,PRT,Portugal,Alentejo Central,4.1e-4,24351,25448,25719,25137,25286,26251,27055,28105,29293,30250,31169,31412,29166,28994,29172,28708,28417,28382,28678,27385,28216,27998,26761,26459,26711,27545,28112,29881,31041,31572,29455,30918,32841
1157002,PRT,Portugal,Alentejo Litoral,0.0063,28784,30080,30401,29713,29889,31030,31980,33221,34625,35757,36843,36238,35812,37544,36627,41119,43363,43263,43096,35947,41056,40614,38061,35855,36784,45134,43257,46449,43875,42819,34345,36050,38293
1157003,PRT,Portugal,Algarve,0.0044,25043,26171,26450,25851,26004,26997,27824,28904,30125,31110,32054,32979,33315,33456,33462,33988,34547,35352,35260,32598,32265,31492,30851,30596,31540,32426,34388,36817,38221,39572,32228,33828,35932
1157004,PRT,Portugal,Alto Alentejo,0.00413,18461,19292,19498,19057,19169,19901,20511,21307,22207,22933,23629,23744,23986,24688,25242,24554,24154,24303,24039,23815,24066,23903,22578,22861,23928,24710,25264,25839,26733,27189,26180,27479,29189
1157005,PRT,Portugal,Alto Minho,0.00731,15773,16483,16659,16282,16379,17004,17524,18205,18974,19594,20189,20477,20580,20170,20335,20605,21331,21524,22110,22431,23638,22854,22726,23511,23647,23528,24525,25698,26827,27328,25920,27206,28899
1157006,PRT,Portugal,Alto TÔøΩmega,0.00928,12666,13236,13377,13075,13152,13654,14072,14618,15236,15734,16212,16691,16643,16555,17400,18271,18750,19335,20271,20373,20870,20785,19950,20944,20173,19993,20837,21176,21725,22562,21641,22715,24129
1157007,PRT,Portugal,Autonomous Region of Madeira,0.00528,21679,22655,22896,22378,22511,23370,24085,25020,26078,26930,27748,27478,29587,29716,31227,31838,32221,32521,32868,31470,31698,31960,29544,29590,30001,30433,31269,33036,33540,34200,29000,30439,32333
1157008,PRT,Portugal,Autonomous Region of the Azores,0.00599,19353,20224,20440,19977,20095,20863,21501,22336,23280,24041,24771,26125,26940,26999,27332,27838,28274,28776,29496,28897,29400,28867,27666,27637,27709,28245,28890,29555,30380,31326,28429,29840,31697
1157009,PRT,Portugal,Ave,0.00532,18538,19373,19579,19136,19249,19984,20596,21395,22300,23028,23728,23990,23954,22995,22713,22560,22621,23374,23494,22560,23524,23452,23731,24059,24968,26196,26889,27610,28883,29006,27526,28893,30690
1157010,PRT,Portugal,Baixo Alentejo,0.00993,17860,18664,18863,18436,18545,19253,19843,20613,21484,22186,22860,23301,23608,23101,24732,25468,29280,30180,27795,29126,30340,30163,29681,29422,30111,30722,30627,32694,33652,33356,30062,31554,33518
1157011,PRT,Portugal,Beira Baixa,0.00684,19144,20006,20219,19762,19878,20637,21269,22095,23028,23781,24503,24437,24706,24757,24920,25745,26803,27070,27063,26932,28564,28532,29605,28574,28637,29348,29174,29966,30284,31666,29743,31219,33162
1157012,PRT,Portugal,Beiras e Serra da Estrela,0.00689,14311,14955,15114,14772,14860,15427,15899,16517,17215,17777,18317,18164,17915,17846,18231,18894,19561,19569,19736,19553,20182,20135,19535,19849,20366,21179,21650,22743,23552,24488,23117,24264,25774
1157013,PRT,Portugal,CÔøΩvado,0.00649,17649,18444,18641,18219,18327,19026,19609,20370,21231,21925,22591,23593,23917,23063,23538,23545,23782,24534,25166,24574,24732,24377,24049,24192,24913,25415,26695,27941,28931,30524,28720,30145,32021
1157014,PRT,Portugal,Douro,0.00896,13769,14389,14542,14213,14297,14843,15298,15892,16563,17104,17624,18446,18127,18184,18383,19186,19903,20131,20940,21120,22047,22136,21598,21910,22392,22614,23426,23582,24952,25889,24115,25313,26887
1157015,PRT,Portugal,LezÔøΩria do Tejo,0.00151,23151,24194,24451,23898,24040,24957,25722,26720,27849,28759,29633,29366,30236,30047,30841,29195,29469,29892,29474,28619,28536,27519,26336,26063,26418,27121,27899,28908,29158,29944,28602,30022,31890
1157016,PRT,Portugal,Metropolitan area of Lisbon,0.00198,34928,36500,36889,36055,36268,37653,38806,40312,42015,43388,44706,44910,45368,44732,45702,45854,46203,47063,47260,45690,46002,44983,42473,41907,41736,41958,42425,43757,44719,45984,41393,43448,46151
1157017,PRT,Portugal,Metropolitan area of Porto,0.00315,23627,24691,24954,24389,24533,25470,26250,27269,28421,29350,30241,30795,30329,29373,29472,29812,30047,31102,31176,29544,30163,29678,28693,28504,29228,29929,30748,32048,33101,33841,31098,32642,34673
1157018,PRT,Portugal,MÔøΩdio Tejo,0.00215,20673,21604,21834,21340,21467,22286,22968,23860,24868,25681,26461,26581,26068,26356,26620,25932,26696,27239,26588,26214,26840,26456,25454,25211,25455,25850,26752,27476,27955,28105,26469,27783,29512
1157019,PRT,Portugal,Oeste,0.00249,20747,21681,21912,21416,21543,22365,23050,23945,24957,25772,26555,26655,26506,26613,27177,26833,26988,27488,26604,26074,25808,24925,24427,24545,24869,25404,26246,27198,27916,28978,26852,28185,29939
1157020,PRT,Portugal,RegiÔøΩo de Aveiro,0.00313,23930,25008,25274,24702,24848,25797,26587,27619,28786,29727,30630,30564,30971,30387,30651,30736,30482,31166,30491,29624,29978,29508,28857,28686,29477,30651,31643,32878,34094,34442,32336,33941,36053
1157021,PRT,Portugal,RegiÔøΩo de Coimbra,0.00388,21360,22322,22560,22049,22180,23027,23732,24653,25695,26534,27340,27992,28045,28099,28607,28570,28745,29221,29190,28813,29711,29232,27972,27761,27788,28991,29502,30327,31660,32139,29925,31410,33364
1157022,PRT,Portugal,RegiÔøΩo de Leiria,0.00375,23788,24859,25124,24556,24701,25644,26429,27455,28615,29550,30448,31019,30897,30882,31289,30857,31739,32503,32107,31216,31258,31005,29907,30040,30775,31252,32107,33275,33884,34834,32565,34182,36308
1157023,PRT,Portugal,Terras de TrÔøΩs-os-Montes,0.00931,15377,16069,16241,15873,15967,16577,17084,17747,18497,19102,19682,20192,20229,20202,21124,22075,22379,22899,24098,24174,25103,25138,22916,23247,24449,24727,25074,23902,26583,26802,25726,27003,28683
1157024,PRT,Portugal,TÔøΩmega e Sousa,0.00654,12980,13565,13709,13399,13478,13993,14421,14981,15614,16124,16614,17127,17327,16801,16775,17193,17985,18721,18726,18444,19007,18906,18470,18663,19102,19564,19989,20343,20941,21418,20506,21524,22863
1157025,PRT,Portugal,Viseu DÔøΩo LafÔøΩes,0.00579,17145,17917,18107,17698,17803,18482,19048,19787,20624,21298,21944,22242,21809,22098,22758,23072,23831,24397,24281,23730,23866,23488,23346,23409,23138,23643,24024,24808,25804,27117,25977,27266,28963
1158001,PRY,Paraguay,Alto Paraguay,0.00992,12574,12683,12578,12605,12678,12934,12539,12479,11924,11234,10490,9956,9546,9914,10281,10471,10959,11544,12287,12138,13337,13751,13492,14433,15008,15255,15718,16280,16609,16357,16039,16493,16338
1158002,PRY,Paraguay,Alto Paran,0.00979,8187,8257,8189,8682,9231,9949,10186,10701,10790,10726,10565,10576,10697,10877,11042,11010,11279,11629,12114,11967,13149,13558,13302,14229,14796,15040,15496,16051,16375,16127,15813,16260,16108
1158003,PRY,Paraguay,Amambay,0.01144,8038,8107,8040,8300,8604,9050,9050,9295,9171,8927,8617,8459,8395,8787,9180,9418,9928,10531,11286,11149,12250,12631,12393,13256,13785,14012,14437,14953,15255,15024,14732,15149,15007
1158004,PRY,Paraguay,Asuncin,0.01136,18701,18863,18707,18797,18958,19397,18862,18830,18052,17067,15995,15237,14668,15523,16391,16989,18084,19363,20938,20683,22727,23433,22991,24594,25574,25996,26784,27742,28302,27874,27332,28105,27841
1158005,PRY,Paraguay,Boquern,0.01263,14426,14551,14431,13431,12426,11521,9997,8725,7110,5484,3928,2535,1225,2829,4520,6191,8112,10236,12663,12510,13746,14173,13905,14875,15468,15723,16199,16779,17118,16859,16531,16998,16839
1158006,PRY,Paraguay,Caaguaz,0.00992,5454,5501,5455,5635,5844,6149,6153,6322,6240,6077,5869,5764,5723,5884,6041,6092,6313,6585,6942,6857,7535,7769,7622,8154,8479,8619,8880,9197,9383,9241,9061,9318,9230
1158007,PRY,Paraguay,Caazap,0.01345,4709,4750,4711,5153,5637,6235,6537,7018,7220,7312,7328,7454,7653,7881,8104,8186,8497,8878,9373,9260,10174,10491,10293,11010,11449,11638,11990,12420,12670,12479,12236,12582,12464
1158008,PRY,Paraguay,Canindey,0.01368,4906,4948,4907,5838,6838,8007,8809,9859,10515,10991,11327,11814,12404,12669,12918,12939,13317,13796,14440,14265,15674,16161,15857,16962,17638,17929,18472,19133,19519,19224,18850,19383,19201
1158009,PRY,Paraguay,Central,0.00528,10985,11080,10988,11057,11167,11443,11144,11143,10701,10135,9515,9082,8760,8870,8966,8899,9075,9312,9652,9535,10477,10802,10599,11337,11789,11984,12347,12789,13047,12849,12600,12956,12834
1158010,PRY,Paraguay,Concepcin,0.01139,6502,6558,6504,6646,6820,7102,7031,7150,6985,6733,6436,6256,6149,6453,6759,6952,7345,7809,8387,8285,9104,9387,9210,9852,10244,10413,10729,11113,11337,11166,10948,11258,11152
1158011,PRY,Paraguay,Cordillera,0.01007,6841,6900,6843,6924,7033,7249,7103,7147,6907,6585,6226,5984,5815,6037,6258,6371,6666,7019,7469,7378,8107,8359,8201,8773,9122,9273,9554,9896,10096,9943,9749,10025,9931
1158012,PRY,Paraguay,Guair,0.01003,6561,6618,6563,6822,7118,7536,7584,7837,7780,7618,7397,7302,7288,7495,7697,7764,8048,8397,8854,8746,9611,9909,9722,10400,10814,10993,11326,11731,11968,11787,11558,11885,11773
1158013,PRY,Paraguay,Itapa,0.01174,6442,6498,6444,6878,7359,7978,8212,8671,8785,8772,8677,8720,8853,9099,9338,9413,9751,10168,10713,10583,11629,11990,11764,12584,13086,13302,13705,14195,14482,14263,13985,14381,14246
1158014,PRY,Paraguay,Misiones,0.01073,7103,7164,7105,7452,7843,8373,8494,8846,8847,8726,8532,8480,8519,8782,9039,9139,9496,9931,10495,10368,11392,11746,11525,12328,12819,13031,13425,13906,14187,13972,13700,14088,13956
1158015,PRY,Paraguay,Paraguar,0.00992,6109,6162,6111,6205,6325,6544,6436,6501,6308,6039,5733,5534,5401,5566,5727,5788,6012,6285,6640,6560,7208,7432,7292,7800,8111,8245,8494,8798,8976,8840,8668,8913,8830
1158016,PRY,Paraguay,Presidente Hayes,0.00876,16379,16521,16384,16076,15808,15742,14871,14391,13342,12166,10963,10007,9193,9482,9765,9877,10269,10745,11361,11223,12332,12715,12475,13345,13877,14106,14533,15053,15357,15125,14831,15250,15107
1158017,PRY,Paraguay,San Pedro,0.01381,4257,4294,4258,4539,4851,5254,5403,5699,5769,5756,5690,5714,5797,6046,6295,6437,6764,7153,7642,7549,8295,8553,8391,8976,9334,9488,9775,10125,10330,10173,9976,10258,10161
1158018,PRY,Paraguay,—eembuc˙,0.00992,7669,7735,7671,7787,7937,8209,8072,8151,7907,7567,7181,6930,6762,6999,7232,7341,7658,8040,8530,8427,9259,9547,9367,10020,10419,10591,10912,11302,11531,11356,11135,11450,11343
1162001,ROU,Romania,Alba,0.01816,12285,10789,9931,10094,10505,11180,11649,11115,10910,10885,11166,11728,12428,13603,15316,15204,17755,21956,22363,20640,21288,21512,22891,22143,23587,24606,25467,28415,30698,30979,30065,31997,33577
1162002,ROU,Romania,Arad,0.01439,15008,13181,12132,12332,12833,13658,14231,13578,13329,13298,13641,14554,15366,15734,18286,18426,20775,21102,22653,21671,21484,22834,23225,23213,23687,25431,26513,28967,30553,31940,29177,31053,32586
1162003,ROU,Romania,Arges,0.01473,13698,12030,11073,11255,11713,12465,12988,12393,12165,12136,12449,13208,15085,15324,17468,19480,21281,22670,24137,25782,21938,21465,20216,20227,21843,22725,23468,26377,27987,28735,27257,29009,30441
1162004,ROU,Romania,Bacau,0.01318,10755,9446,8694,8837,9197,9788,10198,9730,9551,9529,9775,10501,11510,11633,12786,12574,13221,14161,15420,15023,14297,13827,15734,14877,15474,16311,16396,17537,19135,20359,20721,22054,23142
1162005,ROU,Romania,Bihor,0.01332,13160,11558,10638,10813,11253,11976,12479,11906,11687,11660,11961,13203,15294,15182,16987,16941,18948,20405,21235,19691,19197,17453,17458,17463,19208,19833,20631,22679,24042,25320,24668,26254,27550
1162006,ROU,Romania,Bistrita-Nasaud,0.01477,11079,9730,8956,9103,9473,10082,10505,10023,9839,9816,10069,9748,10936,11421,12127,13548,14709,16199,17663,17312,15904,16683,17551,16602,17390,18669,19440,20572,21455,22631,21765,23164,24307
1162007,ROU,Romania,Botosani,0.01494,7810,6859,6313,6418,6678,7108,7406,7066,6936,6920,7098,7380,8064,7993,7936,8320,8821,10376,11416,10970,10722,11408,10995,11960,11844,12104,12581,14201,15512,16362,15944,16968,17806
1162008,ROU,Romania,Braila,0.01637,10204,8961,8248,8384,8725,9286,9675,9232,9062,9041,9274,10355,11282,11315,12705,12397,13790,16267,18082,18204,14363,16625,16602,17144,17031,17502,18554,20916,22467,23626,22192,23618,24784
1162009,ROU,Romania,Brasov,0.01662,16806,14760,13586,13810,14371,15295,15936,15205,14925,14891,15275,16609,18676,18188,18748,20019,21124,24008,24246,24278,24783,25667,28375,27986,29067,29815,31902,33954,36095,36965,35756,38054,39933
1162010,ROU,Romania,Bucuresti,0.01947,32123,28212,25967,26395,27468,29234,30460,29063,28528,28462,29196,28934,31516,32075,35213,41554,43195,48619,58619,52372,52367,57532,56976,59554,61440,66939,68163,73610,76905,82285,80131,85282,89492
1162011,ROU,Romania,Buzau,0.01548,9765,8577,7894,8024,8350,8887,9260,8835,8673,8652,8876,9717,9619,10842,12322,11319,12415,13315,15205,14460,13876,14139,14995,15727,15549,16558,16309,18058,20091,21023,20867,22208,23305
1162012,ROU,Romania,Calarasi,0.01445,8110,7122,6556,6664,6935,7380,7690,7337,7202,7185,7371,9042,8075,8564,11157,9233,9995,10517,14054,12191,13266,12793,12509,13525,13035,13414,13764,14856,16191,16889,15191,16168,16966
1162013,ROU,Romania,Caras-Severin,0.01492,11427,10036,9238,9390,9771,10400,10836,10339,10149,10125,10386,11327,12100,13151,14290,14132,15370,16247,17188,18236,17109,16289,17938,16978,17557,19065,21121,22264,22482,23614,22835,24303,25502
1162014,ROU,Romania,Cluj,0.01934,16107,14146,13021,13235,13773,14659,15273,14573,14305,14272,14640,15912,17885,18329,19876,21225,22722,26969,27786,27004,25865,26384,28221,28708,30605,30921,34189,39424,40964,43482,43282,46064,48338
1162015,ROU,Romania,Constanta,0.01518,18021,15827,14568,14808,15410,16400,17088,16304,16004,15967,16379,16732,19270,18750,20759,22810,24017,24028,24565,25203,24493,28776,29959,32617,35886,33568,33955,34667,35895,34476,31927,33979,35656
1162016,ROU,Romania,Covasna,0.0076,14614,12835,11814,12008,12496,13300,13858,13222,12979,12948,13283,12686,14246,13259,15117,14190,14222,16360,17147,16403,15347,16326,15881,16085,16372,17177,18192,20174,21936,22851,22277,23709,24879
1162017,ROU,Romania,Dolj,0.01721,10503,9225,8491,8630,8981,9559,9959,9503,9328,9306,9546,10316,10109,11286,12832,12874,13999,15383,17591,17208,16723,17609,17472,17481,18553,18860,19017,21204,23302,25045,24271,25832,27107
1162018,ROU,Romania,DÔøΩmbovita,0.01563,10092,8863,8158,8292,8629,9184,9569,9130,8962,8941,9172,9406,10398,10941,12207,12078,13610,15663,16326,15781,17261,16631,16678,15986,16331,17764,18227,19713,20321,21582,21343,22715,23836
1162019,ROU,Romania,Galati,0.01234,11678,10256,9440,9596,9986,10628,11073,10565,10371,10347,10614,11407,11502,11385,13585,13442,13390,15221,16001,14479,14879,15510,16049,16752,17288,16793,16763,18415,20232,21315,19696,20962,21997
1162020,ROU,Romania,Giurgiu,0.01516,7426,6522,6003,6102,6350,6758,7042,6719,6595,6580,6749,8533,8055,7787,9563,9434,9938,9898,12036,12350,12676,11522,10057,11693,11318,12004,11694,13011,17705,15069,17989,19146,20091
1162021,ROU,Romania,Gorj,0.01485,14578,12803,11784,11978,12465,13266,13823,13189,12946,12916,13249,14924,16721,17092,17839,17442,18879,19856,19404,21739,20456,20830,23891,23552,21816,24163,25203,27556,30042,33312,30461,32419,34020
1162022,ROU,Romania,Harghita,0.01063,12974,11394,10488,10660,11094,11807,12302,11738,11522,11495,11791,10938,12332,12065,13187,13060,15478,16476,17577,16627,15897,16342,16192,16120,16548,16651,17523,20100,21530,23031,22347,23784,24958
1162023,ROU,Romania,Hunedoara,0.01339,12639,11100,10217,10385,10807,11502,11984,11435,11224,11198,11487,12544,13981,14057,15611,15817,17036,19649,19513,18554,16990,17324,21681,18278,19390,18805,20083,22050,23567,24467,23979,25521,26781
1162024,ROU,Romania,Ialomita,0.01347,10163,8926,8216,8351,8690,9249,9637,9195,9026,9005,9237,10519,10444,11248,13433,12543,12956,11811,15192,14237,13480,14713,14728,15520,15178,15978,16440,18233,19287,20427,19156,20387,21394
1162025,ROU,Romania,Iasi,0.01693,11155,9797,9018,9166,9539,10152,10578,10093,9907,9884,10139,11196,11952,11707,12367,13329,13899,15393,17191,16354,16557,16429,17261,17892,19022,19297,19982,23275,24299,26010,25549,27192,28534
1162026,ROU,Romania,Ilfov,0.01315,18716,16438,15130,15379,16004,17033,17747,16933,16622,16583,17011,18585,19849,22308,26794,30506,35198,35370,41895,37474,33333,32015,34152,29614,28919,30301,29985,32897,34414,34973,32621,34718,36432
1162027,ROU,Romania,Maramures,0.01688,9648,8474,7799,7928,8250,8781,9149,8729,8569,8549,8769,9127,9909,10156,11625,11752,13059,13846,14731,14779,14703,14608,15677,15512,16590,17887,17901,20078,21111,22539,21901,23309,24459
1162028,ROU,Romania,Mehedinti,0.0144,9232,8108,7463,7586,7894,8401,8754,8352,8198,8179,8390,10266,9632,11316,12085,10971,12493,12781,13857,13698,12265,12652,13344,13009,13380,14073,14942,18270,20401,18504,20166,21462,22521
1162029,ROU,Romania,Mures,0.01179,13506,11862,10918,11098,11549,12291,12807,12219,11995,11967,12276,13597,14058,15035,15137,15043,16111,18076,18360,16990,16194,17052,18283,17964,19238,19980,19859,21371,23875,24234,24927,26530,27839
1162030,ROU,Romania,Neamt,0.01455,9526,8366,7701,7828,8146,8669,9033,8619,8460,8440,8658,9279,9524,9124,10428,10811,11584,11875,12475,11896,11131,11935,13461,13837,14026,14969,15555,17207,18673,19203,19305,20546,21560
1162031,ROU,Romania,Olt,0.01227,10454,9181,8451,8590,8939,9514,9913,9458,9284,9263,9502,9917,8700,9048,10604,10128,10943,11960,13140,11761,12499,12515,13535,13800,14476,14545,15168,17431,19114,19930,17809,18954,19890
1162032,ROU,Romania,Prahova,0.01771,13714,12044,11086,11269,11727,12480,13004,12407,12179,12151,12464,12920,14675,14331,15481,17594,18879,20672,22871,23147,19590,28366,24091,26131,33723,28790,31146,29545,31447,30762,29126,30998,32529
1162033,ROU,Romania,Salaj,0.0183,10115,8884,8177,8312,8650,9206,9592,9152,8983,8963,9194,9923,10524,11458,11977,12555,14683,16075,17051,16668,15489,15596,16772,17607,18842,19339,19968,22696,24003,25045,23420,24925,26156
1162034,ROU,Romania,Satu Mare,0.01549,10316,9060,8339,8476,8821,9388,9782,9333,9161,9140,9376,11520,11622,11923,13569,13562,13960,15047,16440,15526,14987,15541,16084,16672,17234,17793,18405,20753,21749,22929,22451,23894,25074
1162035,ROU,Romania,Sibiu,0.01762,14131,12410,11423,11611,12083,12860,13399,12784,12549,12520,12843,13928,16006,15713,17355,18228,20864,22606,25276,24750,24198,25330,25360,24671,25218,27226,29511,31392,32683,33983,32519,34609,36318
1162036,ROU,Romania,Suceava,0.01209,9820,8624,7938,8069,8397,8936,9311,8884,8721,8700,8925,9110,10234,10445,11077,11030,11407,12801,12836,12961,12285,12795,13428,13697,14260,14295,14926,16286,17578,18899,18759,19965,20951
1162037,ROU,Romania,Teleorman,0.01457,9191,8072,7430,7552,7859,8365,8715,8316,8163,8144,8354,9916,9373,8900,10776,9851,10425,11941,13550,12976,12214,12327,13540,13533,14421,14850,14579,16057,17323,19141,18338,19517,20481
1162038,ROU,Romania,Timis,0.01771,16490,14483,13330,13550,14101,15007,15636,14919,14645,14611,14988,16490,18076,19618,21336,23375,26375,28177,33787,31111,32770,32829,30262,30789,31148,33904,35057,35814,38301,40214,38149,40602,42606
1162039,ROU,Romania,Tulcea,0.01897,9448,8298,7638,7764,8079,8598,8959,8548,8391,8371,8587,9688,10859,11702,12854,12433,13541,13244,15373,14446,15294,18485,17613,18397,18101,18901,19847,22045,24168,24306,24225,25782,27055
1162040,ROU,Romania,Vaslui,0.01707,6313,5544,5103,5187,5398,5745,5986,5712,5607,5593,5738,6702,6840,7752,7784,7180,8212,8430,10406,9499,9076,9757,11359,10931,11217,11386,12158,13180,14304,14414,14104,15010,15751
1162041,ROU,Romania,Vrancea,0.01224,10894,9567,8806,8951,9315,9914,10330,9856,9674,9652,9901,9187,9653,9197,10833,10115,11878,12061,13179,12384,12529,12411,13969,14285,14498,15228,15667,16885,18537,19842,18989,20209,21207
1162042,ROU,Romania,VÔøΩlcea,0.01438,11951,10496,9661,9820,10219,10876,11332,10813,10614,10589,10862,11750,11400,13205,14036,14524,16322,16875,18266,16646,15281,16717,17720,17385,17139,18884,18980,20958,23977,25045,24496,26070,27357
1163001,RUS,Russia,Adygey,0.01946,6723,6359,5424,4951,4326,4143,3984,4036,3819,4066,4480,4558,4682,5103,5375,6090,6605,7990,8616,9630,9721,10105,10925,11122,10726,10480,10631,10958,11271,11949,11631,12257,11975
1163002,RUS,Russia,Altay,0.00857,9641,9119,7778,7101,6204,5942,5713,5788,5477,5831,6425,7210,7402,7923,8585,8510,9601,10927,11089,11124,11320,10806,11393,12148,11865,11472,11262,10783,10563,11251,10952,11542,11276
1163003,RUS,Russia,Amur,0.0123,15457,14620,12471,11384,9946,9526,9159,9280,8781,9348,10301,13059,13342,13740,13935,14010,15274,15878,16352,18414,19463,21441,20775,18093,18183,19224,17948,16619,17915,21607,21032,22164,21655
1163004,RUS,Russia,Arkhangel'sk,0.01264,24454,23130,19729,18010,15735,15071,14490,14681,13892,14789,16296,15174,16394,18135,20834,20395,23292,25633,24213,26572,27432,28269,29020,29205,29025,29813,30952,32024,32130,32371,31509,33206,32443
1163005,RUS,Russia,Astrakhan',0.01572,15184,14361,12250,11183,9770,9358,8997,9116,8625,9183,10118,9827,10786,11639,10768,11040,11677,12040,15312,13565,12990,13384,15334,18862,18470,17691,18113,20662,24327,24731,24072,25368,24786
1163006,RUS,Russia,Bashkortostan,0.00836,19241,18198,15523,14170,12380,11858,11401,11551,10930,11636,12822,12455,12101,13692,14528,14815,17105,17523,19159,16257,16898,18156,20990,20002,19658,18104,17497,17168,18291,18558,18064,19037,18599
1163007,RUS,Russia,Belgorod,0.01908,15269,14442,12318,11245,9825,9410,9047,9166,8673,9234,10175,10161,10930,11613,14450,15167,16248,18808,21814,20297,23556,25981,26307,25788,25457,25059,25006,25309,25114,25603,24922,26264,25660
1163008,RUS,Russia,Bryansk,0.01587,9506,8991,7669,7001,6117,5858,5633,5707,5400,5749,6335,6599,7145,7381,7207,7896,8548,9453,10134,9994,10398,10768,12221,12294,12455,12377,12231,12649,12993,13785,13418,14141,13816
1163009,RUS,Russia,Buryat,0.00301,11767,11130,9494,8666,7572,7252,6973,7064,6684,7117,7842,9298,10188,12353,12554,12227,13053,13406,13508,12765,12463,12413,12580,12711,12134,11582,10729,10234,11213,12038,11717,12348,12064
1163010,RUS,Russia,Chechnya,0.0174,4183,3956,3374,3080,2691,2578,2478,2511,2376,2530,2787,2820,2356,2744,3080,3169,3825,4885,5725,5300,5074,5276,5778,6407,6964,6254,6418,6271,6600,6827,6645,7003,6842
1163011,RUS,Russia,Chelyabinsk,0.00739,18022,17046,14540,13273,11596,11107,10679,10819,10237,10899,12010,12028,12635,14194,15647,15682,17517,19840,19932,16305,17002,17477,17936,17686,18068,19348,19318,19269,18628,18465,17973,18941,18506
1163012,RUS,Russia,Chukot,0.01643,36029,34077,29067,26534,23183,22204,21349,21630,20466,21789,24009,37753,49536,59359,45519,37502,40565,47783,60906,88959,69567,69332,66543,61350,72560,68643,72070,69264,71887,78725,76628,80755,78899
1163013,RUS,Russia,Chuvash,0.01172,9432,8921,7609,6946,6069,5813,5589,5662,5358,5704,6285,7133,7474,7979,8780,8540,10054,11742,12863,11349,11401,11866,12979,12564,12172,11371,11216,10965,11007,11543,11236,11841,11569
1163014,RUS,Russia,City of St. Petersburg,0.01547,21733,20556,17534,16006,13984,13394,12878,13047,12346,13144,14483,16417,19057,20309,22170,22424,23976,28342,31319,31250,31641,33331,33902,34285,32745,36408,37132,36342,38033,39419,38369,40435,39506
1163015,RUS,Russia,Dagestan,0.02571,4635,4384,3740,3414,2983,2857,2747,2783,2633,2803,3089,3854,4283,5121,5852,5352,6287,6840,8057,9232,8596,8872,9461,10713,11268,10614,10241,10205,9380,9616,9360,9864,9638
1163016,RUS,Russia,Gorno-Altay,0.01435,7372,6972,5947,5429,4743,4543,4368,4425,4187,4458,4912,6799,6918,7864,8038,6894,7911,8986,9593,9902,9851,9979,10787,11038,11704,11008,10901,10240,10560,11141,10844,11428,11166
1163017,RUS,Russia,Ingush,0.01881,3639,3442,2936,2680,2342,2243,2156,2185,2067,2201,2425,2454,2049,2387,2680,2757,3014,4976,4916,4709,4370,4989,6361,7147,7192,5987,5828,5740,5842,6043,5882,6199,6056
1163018,RUS,Russia,Irkutsk,0.01378,21354,20197,17228,15726,13740,13160,12653,12820,12130,12914,14230,14123,14322,15123,16051,16273,18338,19694,18721,19139,20326,20529,22595,23259,24082,23232,23538,24755,25953,26769,26056,27459,26828
1163019,RUS,Russia,Ivanovo,0.01385,7774,7353,6272,5725,5002,4791,4607,4667,4416,4702,5181,5811,6188,6744,6827,6332,6910,8290,8441,8289,9356,9572,9604,10575,9275,9780,9274,9116,9827,10350,10074,10617,10373
1163020,RUS,Russia,Kabardin-Balkar,0.00683,8707,8235,7024,6412,5602,5366,5159,5227,4946,5266,5802,6697,6710,6708,6282,6682,6904,6864,7084,7796,8124,8274,9216,9035,8637,7833,8347,8000,7960,8178,7961,8389,8196
1163021,RUS,Russia,Kaliningrad,0.01523,13270,12551,10706,9773,8539,8178,7863,7967,7538,8025,8843,10366,11113,11357,13456,13778,15155,18536,20034,18436,18861,20033,20708,20112,20650,20134,20904,21064,21080,21395,20825,21946,21442
1163022,RUS,Russia,Kalmyk,0.01555,11019,10422,8890,8115,7090,6791,6529,6615,6259,6664,7343,6828,6526,5173,5561,5221,6020,7094,7473,8422,7643,7996,9332,10166,10541,10401,11742,12017,13406,13566,13204,13916,13596
1163023,RUS,Russia,Kaluga,0.02076,12248,11585,9882,9021,7881,7549,7258,7353,6958,7408,8162,9264,9444,10888,10761,10943,11589,13218,15473,15562,16882,18266,21019,20368,20580,18830,19576,20568,21426,22470,21872,23050,22520
1163024,RUS,Russia,Kamchatka,0.01452,26813,25361,21632,19747,17253,16525,15888,16097,15232,16216,17868,19406,19025,19399,19337,20438,23117,24152,24937,29771,28977,27974,29508,29115,29060,31007,33246,31978,35626,36950,35966,37902,37032
1163025,RUS,Russia,Karachay-Cherkess,0.01332,6772,6405,5463,4987,4357,4173,4013,4065,3847,4095,4513,5103,6161,6006,5607,5847,6979,7128,7979,8337,8314,8121,9205,9815,8838,8065,8132,8002,7851,8196,7978,8408,8215
1163026,RUS,Russia,Karelia,0.00848,21038,19898,16973,15494,13537,12966,12466,12630,11951,12723,14019,14263,15228,15179,14810,17862,17266,19017,18353,16585,16910,18970,18695,19645,19169,18808,19595,20214,20701,21889,21306,22454,21938
1163027,RUS,Russia,Kemerovo,0.0105,16405,15516,13235,12082,10556,10110,9721,9849,9319,9921,10932,11913,12393,13237,16403,16567,16824,18938,21681,18831,20492,21394,19403,17053,17499,17349,16971,19571,20126,17271,16811,17717,17310
1163028,RUS,Russia,Khabarovsk,0.01012,24113,22807,19454,17759,15516,14861,14288,14476,13698,14583,16069,16864,18555,18852,18112,18385,19517,20515,20810,20912,23798,23360,24209,25965,25580,24958,25029,25010,24525,25253,24580,25904,25309
1163029,RUS,Russia,Khakass,0.01294,17104,16178,13799,12597,11006,10541,10135,10268,9716,10344,11398,11136,12284,12316,11718,12313,13859,14442,14227,15521,16339,16679,18200,18586,18804,17790,19445,19297,19259,19855,19326,20367,19899
1163030,RUS,Russia,Khanty-Mansiy,0,160732,152026,129674,118375,103424,99059,95242,96495,91305,97207,107110,109282,102552,114604,125315,151055,148906,140288,135280,119893,116823,123646,127546,119942,113219,109036,99769,106309,115868,113357,110339,116281,113609
1163031,RUS,Russia,Kirov,0.00832,12647,11962,10203,9314,8138,7794,7494,7593,7184,7649,8428,8373,8760,8986,9260,8812,9478,10251,11519,10980,11603,11495,11689,11916,12341,12144,12046,11929,11796,12116,11793,12428,12143
1163032,RUS,Russia,Komi,0.01225,30910,29236,24938,22765,19889,19050,18316,18557,17559,18694,20598,23168,22242,24556,25361,27845,31484,30890,32870,33648,35400,38253,40150,38476,35417,34372,34138,33941,35550,36209,35245,37143,36289
1163033,RUS,Russia,Kostroma,0.01329,12000,11350,9682,8838,7722,7396,7111,7204,6817,7258,7997,9100,9286,9411,10061,10011,10753,11520,12455,11916,13275,13785,14701,14777,14220,13769,12949,12836,12781,13245,12893,13587,13275
1163034,RUS,Russia,Krasnodar,0.01691,14584,13794,11766,10741,9384,8988,8642,8756,8285,8820,9719,10709,11234,11220,11710,11511,12954,15133,16224,16882,17839,18582,20402,21660,20882,19739,19938,19911,18958,18647,18150,19128,18688
1163035,RUS,Russia,Krasnoyarsk,0.00788,38913,36806,31394,28659,25039,23982,23058,23362,22105,23534,25932,24549,20558,21378,23937,24098,28183,31109,27229,26969,33779,32430,30884,30836,31375,32602,32357,32710,35238,38898,37862,39901,38984
1163036,RUS,Russia,Kurgan,0.01114,9694,9169,7821,7140,6238,5975,5744,5820,5507,5863,6460,7492,7737,8492,8194,8179,9861,10381,11949,11937,11688,11856,12161,13248,12384,11602,11770,11813,10948,11651,11341,11952,11677
1163037,RUS,Russia,Kursk,0.01308,12927,12226,10429,9520,8318,7967,7660,7760,7343,7818,8614,8878,9665,10656,12134,11544,12226,13406,15300,14463,15522,15987,16437,16963,16944,16865,17195,17308,17317,18631,18135,19112,18673
1163038,RUS,Russia,Leningrad,0.01644,18160,17176,14651,13374,11685,11192,10760,10902,10316,10982,12101,13879,15005,16765,18959,19297,21597,21991,23640,25789,25950,26450,28615,26996,25241,26764,27314,26772,26743,27273,26547,27976,27334
1163039,RUS,Russia,Lipetsk,0.00561,21318,20163,17198,15700,13717,13138,12632,12798,12110,12892,14206,12670,15357,18402,22537,19195,20645,21253,22921,19596,19171,19325,18693,19008,21839,21726,22260,21581,22478,20717,20165,21251,20763
1163040,RUS,Russia,Maga Buryatdan,0.01666,35876,33933,28944,26422,23085,22110,21258,21538,20380,21697,23908,27603,32069,31226,26718,24954,25432,25697,27075,30532,34235,36429,37922,41068,41268,47840,54098,54392,52745,62953,61276,64576,63092
1163041,RUS,Russia,Mariy-El,0.02021,8251,7804,6657,6077,5309,5085,4889,4954,4687,4990,5498,6288,6457,7328,7978,7368,8442,9380,9782,10083,10700,11007,12577,12770,13236,13998,12325,12392,12066,12447,12116,12768,12475
1163042,RUS,Russia,Mordovia,0.01346,10491,9923,8464,7727,6751,6466,6217,6298,5960,6345,6991,7506,8159,8705,8370,8063,9253,10851,11597,11003,11413,11353,12123,12750,13624,12493,13284,13211,13097,13773,13407,14129,13804
1163043,RUS,Russia,Moscow City,0.00563,63124,59705,50927,46489,40618,38903,37404,37896,35858,38176,42065,41234,45258,48318,51279,60410,65684,72372,76798,64133,66205,67451,67089,68578,66787,61722,61319,63154,63779,64507,62789,66171,64650
1163044,RUS,Russia,Moskva,0.01503,14569,13780,11754,10730,9375,8979,8633,8747,8276,8811,9709,10910,12516,14327,15253,16563,18843,22701,24851,22163,23502,23887,24551,25100,24256,24479,26438,25464,26240,27817,27076,28534,27879
1163045,RUS,Russia,Murmansk,0.00813,32297,30547,26056,23785,20781,19904,19137,19389,18346,19532,21522,19312,20164,21123,27603,24773,26133,28144,27588,25692,26538,26177,26856,27628,27126,29418,30277,29486,29608,34351,33436,35237,34427
1163046,RUS,Russia,Nenets,0.01892,158575,149985,127934,116786,102036,97729,93963,95200,90079,95902,105673,89095,105537,138413,180556,168739,220713,281253,228463,316136,313951,307187,273487,282124,274941,291656,308985,314249,311311,312275,303959,320328,312968
1163047,RUS,Russia,Nizhegorod,0.01266,15881,15021,12813,11696,10219,9788,9410,9534,9021,9605,10583,12813,12780,13663,13303,13814,15211,16891,18366,16731,17828,18319,18973,19685,19571,18940,18983,19431,19874,20960,20402,21501,21007
1163048,RUS,Russia,North Ossetia,0.01734,6532,6178,5270,4811,4203,4026,3871,3922,3711,3951,4353,5495,5962,6169,6557,6979,8416,8952,8483,9181,9583,9484,10219,11764,11354,10016,9470,9121,9811,10291,10017,10556,10314
1163049,RUS,Russia,Novgorod,0.0135,16021,15153,12925,11799,10309,9874,9493,9618,9101,9689,10676,11955,11948,12795,13861,15069,15566,15932,18562,18681,18141,19076,20162,20029,21422,21233,21090,22086,18332,18956,18451,19444,18998
1163050,RUS,Russia,Novosibirsk,0.01543,14451,13668,11658,10642,9298,8906,8563,8675,8209,8739,9630,10789,12075,13249,13727,13991,15351,16637,17931,16337,16465,17553,20022,21008,21130,20764,20104,20478,19896,20901,20345,21440,20948
1163051,RUS,Russia,Omsk,0.00921,11816,11176,9533,8702,7603,7282,7002,7094,6712,7146,7874,8962,11749,12873,18034,17233,17954,17834,18274,17267,17505,17933,18470,19539,19369,17492,16740,16546,16086,16561,16120,16988,16597
1163052,RUS,Russia,Orel,0.01036,13741,12996,11085,10120,8841,8468,8142,8249,7805,8310,9157,9716,10929,11398,10459,10150,10906,11483,12606,11610,12188,13144,13923,14906,14796,15290,15133,14261,14182,14959,14561,15345,14993
1163053,RUS,Russia,Orenburg,0.01025,18880,17858,15232,13905,12149,11636,11187,11335,10725,11418,12582,11892,11410,12370,15194,15990,20004,21656,21941,20632,20378,21420,23088,24909,23167,21715,20442,20736,22919,23425,22801,24029,23477
1163054,RUS,Russia,Penza,0.01851,9226,8726,7443,6795,5937,5686,5467,5539,5241,5580,6148,6916,7552,7693,7948,8249,8621,10181,11033,10756,11236,12135,12970,13854,13807,14215,13801,13654,13236,14192,13814,14558,14224
1163055,RUS,Russia,Perm',0.00758,23624,22344,19059,17398,15201,14559,13998,14182,13420,14287,15743,17965,16670,17275,18388,18922,19500,21441,23818,20738,21374,25050,24245,23351,23467,22595,22147,22654,23193,23798,23164,24412,23851
1163056,RUS,Russia,Primor'ye,0.01489,15907,15045,12833,11715,10235,9803,9425,9549,9036,9620,10600,10622,12332,13395,14275,14629,14859,15727,16779,19126,21762,22104,21223,20778,21077,20804,20424,20267,21590,23290,22670,23891,23342
1163057,RUS,Russia,Pskov,0.00945,11214,10607,9047,8259,7216,6911,6645,6732,6370,6782,7473,7677,8343,9052,9240,8820,9900,10529,11030,11094,11658,11789,12013,12165,12028,11670,12022,11850,12180,13020,12673,13355,13048
1163058,RUS,Russia,Rostov,0.01361,10920,10328,8810,8042,7026,6730,6470,6555,6203,6604,7277,8226,8448,9051,9683,9579,10810,12593,14030,13219,13963,14087,14699,15094,15082,15704,16135,15931,15684,16169,15739,16586,16205
1163059,RUS,Russia,Ryazan',0.01514,12049,11397,9721,8874,7753,7426,7140,7234,6845,7287,8029,9093,9828,11313,11099,11175,12235,12398,13410,13450,14029,14614,16429,17086,16496,15969,15764,16031,15884,16268,15835,16687,16304
1163060,RUS,Russia,Sakha,0.01047,46609,44085,37603,34326,29991,28725,27618,27982,26477,28188,31060,32431,32045,32355,30820,30347,29763,30511,33777,34927,36570,39926,42022,41738,43731,43675,47756,47538,49781,52196,50806,53542,52312
1163061,RUS,Russia,Sakhalin,0.02842,33623,31802,27126,24763,21635,20722,19923,20186,19100,20335,22406,26000,22726,26965,32863,36420,44137,67392,68802,79532,88535,94974,96335,95416,103647,96110,81754,78858,107390,99559,96908,102126,99780
1163062,RUS,Russia,Samara,0.00566,23342,22077,18831,17191,15019,14385,13831,14013,13259,14116,15555,16914,16816,18334,19367,19701,20788,21855,22707,18488,19584,20367,21642,22820,22723,22065,21092,21091,21752,22002,21416,22570,22051
1163063,RUS,Russia,Saratov,0.01121,12727,12038,10268,9373,8190,7844,7542,7641,7230,7697,8481,9537,9630,10446,11027,10382,10876,11867,13188,13101,13484,13458,14159,14714,14425,14054,13781,13532,13465,13845,13477,14202,13876
1163064,RUS,Russia,Smolensk,0.01082,14084,13321,11362,10372,9062,8680,8345,8455,8000,8518,9385,10298,10575,10876,10351,10072,10634,11369,12658,12822,14185,14456,15313,16254,15426,14943,14658,14807,15114,15377,14968,15774,15411
1163065,RUS,Russia,Stavropol',0.01307,10701,10122,8633,7881,6886,6595,6341,6424,6079,6472,7131,7600,7790,8560,8523,8448,9090,9717,10407,10197,10774,11178,11486,12038,12281,12418,12205,11867,11956,12251,11925,12567,12278
1163066,RUS,Russia,Sverdlovsk,0.01301,18679,17667,15070,13756,12019,11512,11068,11214,10611,11297,12447,13532,13816,14753,15771,17190,20693,22845,22376,19519,22035,23553,25551,25395,24380,23575,24468,24744,23934,24320,23673,24947,24374
1163067,RUS,Russia,Tambov,0.01731,10445,9879,8427,7692,6721,6437,6189,6270,5933,6317,6960,7922,8690,9271,9381,8788,9678,11381,11365,12594,11909,12522,13979,15407,17025,16811,15157,14486,14663,14527,14140,14902,14560
1163068,RUS,Russia,Tatarstan,0.01025,26826,25373,21643,19757,17261,16533,15896,16105,15239,16224,17877,17323,17535,18667,19818,20278,22137,24219,25692,23883,23968,27008,27964,28318,27431,27068,26533,27163,28718,29722,28930,30488,29788
1163069,RUS,Russia,Tomsk,0.00429,20957,19822,16908,15434,13485,12916,12418,12582,11905,12674,13966,16631,19071,21528,24473,24570,25351,25200,25303,24197,24694,24885,25976,26371,25485,24538,23706,23678,24242,23949,23311,24567,24002
1163070,RUS,Russia,Tula,0.01664,13262,12543,10699,9767,8533,8173,7858,7962,7533,8020,8837,9505,10286,10058,10262,11321,12161,13150,15319,13955,13823,14196,15009,15934,17206,17705,18365,18576,19151,19196,18684,19691,19238
1163071,RUS,Russia,Tuva,0.01508,6414,6066,5174,4723,4127,3953,3800,3850,3643,3879,4274,5219,5931,6146,6173,6077,6879,7700,8198,8962,9060,8491,8947,9280,9331,8412,8855,9226,9731,10079,9810,10338,10101
1163072,RUS,Russia,Tver',0.00959,12596,11914,10162,9277,8105,7763,7464,7562,7155,7618,8394,9573,9969,10910,11684,10762,12442,13486,14561,14710,14614,14873,14863,15703,15232,14087,14789,14874,15741,15904,15481,16314,15939
1163073,RUS,Russia,Tyumen',0.005,96582,91350,77920,71130,62146,59523,57230,57983,54864,58410,64361,71232,72895,78804,89378,106463,106261,100082,97716,86974,88180,94046,98470,98074,94371,91038,87907,94970,102109,98885,96252,101436,99105
1163074,RUS,Russia,Udmurt,0.01013,18283,17292,14750,13465,11764,11267,10833,10976,10386,11057,12183,12700,13170,13145,12368,14283,14693,16122,16616,15425,16336,17359,18221,18665,18860,19113,18656,18348,19209,19887,19357,20400,19931
1163075,RUS,Russia,Ul'yanovsk,0.01406,11689,11056,9430,8609,7521,7204,6926,7017,6640,7069,7789,8420,8707,9285,9478,9458,10512,11362,12009,12051,12459,13649,13962,14591,13998,13528,13790,13622,13277,14123,13747,14487,14154
1163076,RUS,Russia,Vladimir,0.01523,11504,10881,9282,8473,7403,7090,6817,6907,6535,6958,7666,8334,8708,9428,9430,9213,10472,12001,12546,13034,14087,14273,14872,15123,14782,14720,15038,15006,14927,16361,15926,16783,16398
1163077,RUS,Russia,Volgograd,0.01262,12742,12052,10280,9384,8199,7853,7550,7650,7238,7706,8491,9359,10214,11073,11068,12136,13152,15207,16631,14715,15041,15342,16378,16486,17727,16246,15641,15249,15743,15952,15527,16364,15988
1163078,RUS,Russia,Vologda,0.00285,29170,27590,23534,21483,18770,17978,17285,17512,16570,17641,19439,15624,16777,19695,24650,24730,22560,23958,25348,17965,19735,21134,22015,20258,20628,22542,21416,21521,22408,22447,21850,23026,22497
1163079,RUS,Russia,Voronezh,0.02006,11117,10514,8969,8187,7153,6851,6587,6674,6315,6723,7408,7639,9202,9757,9464,8941,9689,11419,12822,13165,13448,15978,17950,18356,19562,19346,18629,18521,17413,17874,17398,18335,17914
1163080,RUS,Russia,Yamal-Nenets,0.01756,128554,121591,103714,94677,82719,79228,76175,77177,73026,77746,85667,112908,137212,128333,132558,135382,144561,136938,143739,126531,135102,142877,163950,177909,192172,186788,201432,228945,241094,236802,230496,242909,237328
1163081,RUS,Russia,Yaroslavl',0.00878,16284,15402,13137,11993,10478,10036,9649,9776,9250,9848,10851,13532,14524,15689,16051,15709,16125,17329,17437,16902,17020,17721,19099,19947,19550,19503,19770,20123,19719,20026,19493,20543,20071
1163082,RUS,Russia,Yevrey,0.01545,10640,10063,8584,7836,6846,6557,6305,6388,6044,6435,7090,7628,9457,10440,11470,12227,13687,15952,14055,14520,16161,17665,18274,15663,15730,14915,14824,16128,14467,14743,14351,15124,14776
1163083,RUS,Russia,Zabaykal'ye,0.00933,13823,13074,11152,10180,8895,8519,8191,8299,7852,8360,9212,9196,10167,10697,10288,9764,11143,11984,13217,13661,13639,14511,15144,14666,13698,12776,13640,13965,13559,14225,13846,14592,14256
1164001,RWA,Rwanda,Amajyaruguru,0.01796,680,639,651,569,326,512,486,482,505,519,553,586,646,640,664,702,744,777,839,865,902,946,999,1017,1051,1113,1146,1156,1220,1298,1220,1315,1383
1164002,RWA,Rwanda,Amajyepfo,0.01796,835,785,799,699,401,629,596,591,620,637,679,720,793,785,816,862,914,955,1030,1063,1108,1161,1226,1249,1291,1367,1407,1420,1498,1594,1498,1614,1699
1164003,RWA,Rwanda,Iburasirazuba,0.01796,716,672,684,599,343,539,511,507,532,546,582,617,679,673,699,739,783,818,882,910,949,995,1050,1070,1106,1171,1205,1216,1283,1366,1283,1383,1455
1164004,RWA,Rwanda,Iburengerazuba,0.01796,786,738,751,657,377,591,561,556,584,599,639,677,746,739,767,811,860,898,969,999,1042,1092,1153,1175,1214,1286,1323,1335,1409,1499,1409,1518,1597
1164005,RWA,Rwanda,Umujyi wa Kigali,0.01796,4208,3952,4025,3521,2019,3167,3004,2979,3125,3209,3421,3626,3995,3956,4109,4344,4604,4808,5188,5352,5582,5849,6176,6292,6501,6886,7087,7153,7544,8030,7546,8132,8556
1171001,SLV,El Salvador,Ahuachapn,0.0081,3868,3858,4062,4238,4388,4552,4552,4265,3945,3596,3854,4104,4390,4413,4412,4494,4657,4700,4748,4597,4646,4903,5128,5324,5501,5722,5957,6188,6442,6706,6276,7073,7232
1171002,SLV,El Salvador,Cabaas,0.01507,2502,2496,2627,2741,2839,2944,2945,3141,3332,3515,3819,4116,4451,4489,4503,4603,4786,4848,4915,4776,4844,5106,5334,5531,5708,5931,6169,6401,6657,6923,6473,7289,7453
1171003,SLV,El Salvador,Chalatenango,0.01221,2698,2692,2833,2956,3061,3175,3176,3499,3820,4135,4526,4909,5336,5349,5333,5417,5596,5632,5672,5475,5516,5755,5953,6114,6251,6436,6635,6826,7039,7260,6735,7524,7694
1171004,SLV,El Salvador,Cuscatln,0.00771,3938,3928,4134,4314,4467,4634,4634,4885,5125,5350,5596,5832,6116,6020,5888,5863,5933,5844,5755,5426,5334,5604,5835,6033,6208,6431,6671,6904,7161,7429,6929,7784,7959
1171005,SLV,El Salvador,La Libertad,0.00281,6331,6315,6647,6936,7182,7450,7451,7730,7985,8214,8908,9586,10350,10235,10062,10072,10249,10155,10062,9551,9455,9648,9758,9800,9797,9860,9935,9990,10066,10145,9193,10032,10258
1171006,SLV,El Salvador,La Paz,0.01011,3757,3748,3945,4116,4262,4421,4422,4578,4719,4844,5129,5404,5726,5731,5703,5783,5964,5991,6022,5802,5834,6100,6323,6507,6667,6877,7103,7322,7564,7817,7264,8129,8313
1171007,SLV,El Salvador,La Unin,0.0083,2173,2168,2282,2381,2465,2557,2557,3194,3842,4496,5012,5521,6080,6062,6009,6069,6233,6234,6239,5984,5989,6187,6336,6444,6524,6652,6792,6921,7070,7224,6639,7348,7514
1171008,SLV,El Salvador,Morazn,0.01265,2332,2326,2448,2554,2645,2744,2744,3151,3561,3970,4470,4963,5503,5411,5287,5259,5315,5228,5141,4841,4751,4974,5162,5319,5456,5635,5826,6012,6218,6432,5983,6703,6854
1171009,SLV,El Salvador,San Miguel,0.00896,4491,4479,4715,4920,5095,5285,5285,5428,5552,5656,7620,9585,11654,11100,10473,10023,9706,9102,8482,7512,6873,7138,7349,7514,7648,7839,8046,8242,8463,8693,8030,8934,9136
1171010,SLV,El Salvador,San Salvador,0.00562,7986,7966,8385,8749,9060,9398,9399,9490,9540,9551,8050,6516,5009,5569,6109,6782,7615,8289,8991,9313,10035,10308,10497,10614,10686,10833,10996,11140,11312,11490,10496,11548,11808
1171011,SLV,El Salvador,San Vicente,0.01012,3139,3131,3295,3438,3561,3693,3694,3901,4098,4284,4941,5592,6297,6210,6087,6074,6161,6083,6006,5678,5598,5810,5977,6107,6211,6362,6525,6680,6854,7035,6494,7221,7384
1171012,SLV,El Salvador,Santa Ana,0.00818,4530,4519,4757,4963,5140,5331,5332,5372,5389,5383,5820,6247,6729,6763,6760,6885,7132,7197,7268,7036,7109,7338,7509,7631,7720,7865,8025,8171,8340,8515,7819,8648,8843
1171013,SLV,El Salvador,Sonsonate,0.00809,4304,4293,4520,4716,4883,5065,5066,5137,5187,5216,5558,5890,6272,6221,6134,6160,6290,6253,6219,5926,5891,6181,6429,6638,6824,7061,7316,7564,7838,8123,7569,8495,8686
1171014,SLV,El Salvador,Usulutn,0.01134,3606,3597,3787,3951,4091,4244,4244,4337,4414,4474,4979,5476,6024,5965,5871,5885,5998,5951,5907,5616,5570,5876,6143,6375,6585,6846,7126,7400,7700,8014,7498,8447,8638
1174001,SRB,Serbia,Autonomous Province of Vojvodina,0.01347,9070,8408,7898,7831,7974,8207,8708,9339,9663,8763,9307,9943,10564,11027,12025,12700,13372,14260,15097,14711,14844,15236,15176,15734,15640,15531,16165,16512,16881,17422,17360,18985,19937
1174002,SRB,Serbia,City of Belgrade,0.01354,15289,14174,13313,13201,13442,13834,14679,15742,16290,14771,15689,16761,17808,18589,20270,21409,22541,24038,25449,24798,25023,25684,25582,26369,25053,26126,27186,27809,29579,31304,31050,32054,33663
1174003,SRB,Serbia,Region Južne i Istočne Srbije,0.01485,5615,5205,4889,4848,4937,5080,5391,5781,5982,5425,5761,6155,6540,6826,7444,7862,8278,8827,9346,9107,9189,9432,9395,9761,9703,9725,10140,10573,11399,11757,11855,14170,14881
1174004,SRB,Serbia,Region Šumadije i Zapadne Srbije,0.01417,6047,5606,5265,5221,5316,5471,5805,6226,6442,5842,6205,6628,7043,7351,8016,8467,8915,9506,10065,9807,9896,10158,10117,10344,10861,11176,11315,11442,11687,12182,11996,13482,14159
1178001,SVK,Slovakia,Banskobystrick kraj,0.01277,10346,9899,9766,9920,10501,11089,11854,12435,13074,12962,13069,13419,14304,15071,15200,14325,15749,17484,18717,17243,18594,18305,18766,19205,19352,20754,21178,22039,23113,23331,22373,23485,23955
1178002,SVK,Slovakia,Bratislavsk kraj,0.01912,26579,25431,25089,25485,26977,28488,29635,32259,33568,33183,34244,35957,38732,40442,42583,48776,51192,58110,60356,61069,64616,65512,64633,66710,66910,70736,72366,73334,75251,75164,72875,76498,78030
1178003,SVK,Slovakia,Kosick kraj,0.01476,10881,10411,10271,10434,11044,11663,12595,13336,14134,14172,14227,15724,15927,16558,17333,17852,19245,20856,21943,19746,21340,21696,22253,22392,23261,24961,24737,26961,27366,27606,27468,28833,29411
1178004,SVK,Slovakia,Nitriansky kraj,0.01644,10703,10241,10103,10262,10863,11472,12225,12795,13251,13653,13731,13752,14383,15644,16863,18037,19031,20489,21949,20538,21316,23573,23945,23419,23866,24351,25211,26131,26077,27989,27157,28508,29078
1178005,SVK,Slovakia,Presovsk kraj,0.01681,8027,7680,7577,7697,8148,8604,9076,9551,9717,9505,9595,10391,10937,11349,11830,12504,12494,13919,15765,14801,15527,16505,17036,16973,17697,18790,19365,19740,21690,21399,20641,21668,22101
1178006,SVK,Slovakia,Trenciansky kraj,0.01339,11595,11094,10945,11118,11769,12428,13336,13877,14487,14517,14889,14985,15223,16197,17170,17274,19939,21761,22430,20670,21876,22405,22633,22345,22969,24170,23966,23854,25461,25500,25087,26334,26861
1178007,SVK,Slovakia,Trnavsk kraj,0.01555,13557,12971,12797,12999,13760,14531,15559,16219,16431,16591,16543,15452,15980,17672,18912,20572,25595,27945,27983,25254,27431,28013,28498,28241,29617,29646,30847,31255,32726,35134,32951,34589,35282
1178008,SVK,Slovakia,Zilinsk kraj,0.01823,9989,9558,9430,9578,10139,10707,11669,12255,12897,12789,12903,13516,13976,14519,15505,16902,18026,20622,22567,21322,23416,23272,23642,23462,24570,26028,26194,26604,27703,29483,27650,29024,29605
1179001,SVN,Slovenia,Gorenjska,0.01429,15914,16463,16889,17441,18356,19080,19679,20992,21624,22345,23432,28325,29104,30226,31609,32291,33488,35659,36520,32246,33272,33475,32706,33020,34467,35393,36263,38764,40537,41729,37447,40397,41292
1179002,SVN,Slovenia,Goriska,0.01233,17719,18330,18805,19419,20437,21244,22328,23570,23967,25512,25671,29447,30282,31168,31991,33252,34883,38071,39423,35760,35937,35473,34091,33334,33902,35020,36299,38218,38965,39539,37034,39951,40836
1179003,SVN,Slovenia,Jugovzhodna Slovenija,0.01601,15914,16463,16889,17441,18356,19080,19679,21176,22165,23225,24465,29660,30705,31914,33661,34390,37256,39512,40494,36480,37162,37075,35703,35384,35995,36848,37687,40909,42948,44813,43078,46472,47501
1179004,SVN,Slovenia,Koroska,0.01146,14274,14766,15148,15643,16463,17113,17787,18598,19282,20234,22053,25124,24942,25365,26157,27444,28277,30144,31025,27439,27777,28787,28730,28517,29134,30206,31131,32291,34038,34642,32774,35356,36139
1179005,SVN,Slovenia,Notranjsko-kraska,0.01662,14110,14596,14974,15463,16274,16917,17409,18966,19642,20234,21192,31597,32860,34431,35608,36751,39288,41894,43838,40722,41488,40537,37585,35728,36338,37970,39129,42185,43924,43653,38791,41847,42773
1179006,SVN,Slovenia,Obalno-kraska,0.02057,19524,20197,20720,21396,22519,23408,24221,25227,25949,26920,28256,51555,53313,57593,59986,62831,67373,70931,72796,68099,68510,68245,66692,64865,65977,66826,69378,72522,75898,78168,76403,82422,84247
1179007,SVN,Slovenia,Osrednjeslovenska,0.00531,24774,25628,26292,27150,28574,29702,30654,31856,32977,35189,36009,27761,29080,29796,31221,32558,34668,36895,38293,35152,35297,35562,34533,33811,34894,35224,36085,37492,38928,40421,38565,41603,42524
1179008,SVN,Slovenia,Podravska,0.00878,14602,15105,15497,16002,16842,17507,18165,19151,19822,21113,21709,21129,21601,22013,23079,23587,24409,25626,26197,24394,24593,25345,24998,25008,25580,25650,26770,27953,29244,29913,29121,31415,32111
1179009,SVN,Slovenia,Pomurska,0.01451,13453,13917,14278,14744,15517,16130,16652,17309,18020,17946,19124,24770,25946,25263,26252,28005,28986,30799,32133,29967,30385,30850,30167,29950,30501,31228,32167,33490,34920,36501,36193,39044,39909
1179010,SVN,Slovenia,Savinjska,0.00672,16735,17312,17760,18340,19302,20064,20436,21544,22165,23225,23604,22821,23416,23857,24582,25088,26280,28103,29072,26787,26180,26041,24966,25134,25982,27388,28387,28879,29744,29632,27969,30172,30840
1179011,SVN,Slovenia,Spodnjeposavska,0.01715,14602,15105,15497,16002,16842,17507,17976,19335,20903,21289,23087,28912,30255,31158,32457,34043,35385,37688,39735,36193,37439,38009,37018,36189,36886,38075,39143,40978,42208,43332,40613,43813,44783
1179012,SVN,Slovenia,Zasavska,0.00408,15258,15784,16193,16721,17599,18294,18733,19703,20002,20761,20675,20183,19909,20166,20781,21842,22369,23391,24153,22085,22609,22429,21181,20885,20449,19963,20367,21007,21775,22556,22171,23917,24447
1180001,SWE,Sweden,Blekinge,0.00289,30652,29854,29442,29169,30283,29182,30275,33985,32728,34374,37521,31969,33517,35407,37423,38168,38035,38818,37375,34046,35096,34366,33376,34056,34106,36211,35250,34503,37375,37928,36737,38713,39521
1180002,SWE,Sweden,Dalarna,0.00349,31661,31612,30834,28813,30456,32017,31267,32025,32565,33571,35772,31813,32538,33859,35423,36681,38177,38609,37529,34761,37123,38604,37376,36979,37040,37472,38326,37979,38456,38554,37103,39098,39914
1180003,SWE,Sweden,Gotland,0.0032,29292,28839,28653,26145,26995,29182,30771,29410,30612,29234,31161,28108,29972,31437,31753,31994,32689,33157,31641,30875,32189,34000,33413,34004,34146,34658,34274,34644,33818,34243,33764,35580,36323
1180004,SWE,Sweden,G‰vleborg,0.0027,32371,30486,30359,27746,30456,32517,31764,32515,34031,35659,35136,30090,31752,32439,33943,34794,36051,35483,35439,33123,35684,35081,35408,35312,36036,35908,36250,36292,37734,37396,35907,37838,38628
1180005,SWE,Sweden,Halland,0.00307,32387,32865,31511,29347,30456,32517,30109,28757,29635,30197,31797,31837,32662,34416,34453,34878,37276,36321,38075,34695,37780,37395,35806,36286,35654,35327,36608,36629,37132,37263,35472,37380,38160
1180006,SWE,Sweden,Jmtland,0.00308,32744,32465,32914,29880,29937,31350,29447,30881,31914,32446,33387,33510,32391,33277,34041,35650,36723,34611,37313,34940,40637,37410,36234,35961,36433,35757,36661,37429,37280,37600,35820,37747,38534
1180007,SWE,Sweden,Jnkping,0.0041,34358,33261,32236,28457,30110,31517,32591,33005,35008,35498,37998,35004,35715,36090,37636,36692,39100,40908,40367,35688,37409,39393,38614,38470,39180,40112,41568,42738,42239,41654,39988,42139,43018
1180008,SWE,Sweden,Kalmar,0.00249,32612,32300,31574,27568,28726,30350,30936,30718,31426,32125,34659,32072,33042,34267,34296,35195,36937,36038,37355,33245,36390,36626,34961,35229,35214,35737,35718,35700,35945,35629,33719,35533,36274
1180009,SWE,Sweden,Kronoberg,0.00482,34417,33306,32491,30414,32187,33184,34245,34802,36148,35659,37839,34296,34907,35318,37666,35945,39846,41612,41274,36104,39587,40659,40439,40699,40804,42505,43081,43915,44994,44682,41696,43938,44855
1180010,SWE,Sweden,Norrbotten,0.00854,34091,33009,33906,29702,30629,32851,31929,33005,33380,34052,36090,33959,34932,35458,37518,39549,42775,41750,45010,37549,48068,49322,46974,46124,44668,43398,43994,47874,49032,50973,50152,52849,53952
1180011,SWE,Sweden,Sdermanland,0.00371,29125,27885,27698,25612,27515,28349,27793,28757,29472,31161,32274,29710,30048,30174,31927,32476,33345,35391,34985,30557,34728,35284,35099,32819,32232,32859,33096,34616,35538,35465,31936,33653,34356
1180012,SWE,Sweden,Skne,0.00608,32268,31821,31653,29347,30629,31684,32094,33168,34194,35337,36885,37733,38850,38837,39935,40894,42472,45532,42594,39579,42184,42496,41867,42170,43080,43977,44178,45502,45045,45418,44820,47231,48217
1180013,SWE,Sweden,Stockholm,0.00921,41307,41229,40035,45176,44992,45024,46984,49834,52756,54612,56758,61633,62649,63256,66885,69021,70473,73094,71989,71527,72299,74496,73484,73793,75652,78653,78478,77711,78707,79825,78719,82953,84684
1180014,SWE,Sweden,Uppsala,0.00556,28842,28176,28024,26679,27342,27848,28951,29410,29309,31643,34023,37479,37963,39406,39668,41072,42075,40134,40968,39243,40262,41427,41306,42655,42715,42923,43340,44440,43877,44721,41513,43745,44658
1180015,SWE,Sweden,Vrmland,0.0033,31404,30822,30316,26501,28034,29516,29447,29084,29797,31643,33864,31885,32636,33069,33721,33887,35154,35030,34680,31309,34383,35111,35176,34994,34715,35323,36113,37147,37428,37505,35595,37509,38292
1180016,SWE,Sweden,Vsterbotten,0.00536,33219,32334,31300,28279,29245,30516,30109,29901,30774,32125,32592,31548,32093,33351,35637,36444,38789,37500,37589,35358,38469,38740,38933,37957,37951,39094,39251,39410,40974,41440,41029,43235,44137
1180017,SWE,Sweden,Vsternorrland,0.00309,34807,33090,32659,30414,32187,35186,34411,33985,35822,36622,38634,37595,36836,36248,38038,39116,39416,39141,39483,38676,40839,41034,40338,39831,39875,40308,39858,40400,41374,41709,39370,41487,42353
1180018,SWE,Sweden,Vstmanland,0.00273,34203,33161,33017,29880,31495,33018,33087,33985,35334,35177,37680,31560,32246,32432,33239,33594,36443,38615,37708,34753,37521,38198,37166,37659,37129,39177,38855,39267,38683,38521,35778,37702,38489
1180019,SWE,Sweden,Vstra Gtaland,0.00837,33475,32576,31911,30414,31322,32684,33087,34312,35496,38550,40065,42675,42787,44613,45376,46437,48905,49844,49585,46145,48102,49644,48773,49205,50338,53360,53812,54985,54382,54714,52052,54851,55996
1180020,SWE,Sweden,÷rebro,0.00517,30705,30435,30069,27568,28899,30683,31267,31861,31914,33249,34500,31487,32912,34118,35893,36066,38589,38896,37441,34962,37470,38797,39300,37729,37915,38605,40207,41421,40966,41004,40379,42550,43438
1180021,SWE,Sweden,÷stergˆtland,0.00528,31825,31100,30415,28991,30110,30683,30936,29247,32891,33249,34659,33698,34827,34447,35254,36348,37452,39026,37682,36989,37984,38806,38769,39253,39767,40898,41127,41158,42336,41775,41040,43247,44149
1188001,THA,Thailand,Amnat Chaeron / Ubon Ratchathani,0.01014,2350,2399,2554,2540,2984,3249,3588,3458,3055,2920,2797,2737,3028,3152,3170,3116,3181,3394,3263,3556,3832,3905,4226,4912,4335,4563,4662,4848,4976,5017,4654,4682,4764
1188002,THA,Thailand,Ang Tong,0.00827,4112,4446,4715,4884,5355,5886,7242,6922,6693,6085,5877,5822,6150,6413,6780,6831,6893,7210,7622,7029,7157,6877,8876,8270,7625,7696,8017,8613,8985,9058,8403,8454,8602
1188003,THA,Thailand,Bangkok Metropolis,0.0031,30955,32772,34882,38445,39148,39948,32927,30702,26141,29029,29789,30134,29583,29607,30634,30341,29036,28471,27713,27393,31344,33748,35457,37293,38637,40357,41546,42855,44456,44818,41577,41830,42563
1188004,THA,Thailand,Buri Ram,0.0128,2291,2386,2515,2458,2607,2928,3108,2954,2765,2616,2420,2381,2755,2678,2798,2744,2865,3026,3090,3357,4012,4480,4536,5080,4745,5021,5089,5186,4938,4979,4619,4647,4728
1188005,THA,Thailand,Chachoengsao,0.01852,8395,9798,10190,10322,11108,11935,17755,17290,14018,13814,13858,14654,17000,23812,26573,23659,26038,29058,29955,24652,27990,29934,37829,34206,33563,32044,32953,31824,34535,34816,32299,32495,33065
1188006,THA,Thailand,Chai Nat,0.00833,4493,4777,4927,4603,5021,5729,6909,6699,6533,5694,5704,6045,6183,5999,6050,6147,6308,6560,7417,6852,7448,7652,9565,9427,7770,7289,7307,8137,8815,8887,8244,8294,8440
1188007,THA,Thailand,Chaiyaphum,0.01096,2553,2813,2974,2760,3043,3460,3402,3138,2950,2732,2773,2885,2890,3021,2975,2903,3185,3407,3417,3788,4149,4294,4637,4892,4596,4622,4914,5005,5129,5170,4797,4826,4910
1188008,THA,Thailand,Chanthaburi,0.01741,4808,5256,6021,6358,6683,7270,6972,6293,5910,5486,5314,5203,5390,5543,5862,6197,6564,7046,6890,6495,12403,18002,16820,15752,15525,15594,15713,18607,15990,16120,14954,15045,15309
1188009,THA,Thailand,Chian Mai,0.00653,5971,6046,6421,6681,7095,7400,7730,7341,6644,6407,5858,5953,6556,6647,6583,6651,6779,6762,6732,6672,7477,7903,8680,8530,8936,9169,9521,9676,10100,10182,9446,9503,9670
1188010,THA,Thailand,Chiang Rai,0.01224,3401,3549,3695,3995,4185,4166,4308,3847,3599,3346,3337,3344,3540,3632,3853,4050,3838,4229,4559,4516,5056,5338,6236,6462,6339,6461,6584,6716,7053,7111,6596,6637,6753
1188011,THA,Thailand,Chon Buri,0.00796,16338,19880,20227,24265,26658,29396,31108,29465,25714,25221,26144,28072,29578,29743,29703,33682,36128,37370,35231,35075,35644,34180,32125,33844,35024,36938,39870,40159,41689,42028,38989,39226,39914
1188012,THA,Thailand,Chumphon,0.014,5052,5542,5454,5785,6421,6672,7769,7018,7225,6714,6067,5840,6354,7062,7564,7879,8091,8371,9167,8438,10475,12044,11562,11747,11426,11088,12833,12785,12960,13065,12120,12194,12408
1188013,THA,Thailand,Kalasin,0.01359,2241,2360,2494,2437,2573,2919,3034,2859,2937,2552,2600,2562,2890,3092,3192,3139,3396,3646,3478,3897,4383,4648,4936,5141,4879,4868,5069,5174,5443,5487,5090,5121,5211
1188014,THA,Thailand,Kam Phaeng Phet,0.01469,4795,4949,5377,4684,4914,5091,5671,5326,5089,4883,5555,5105,6686,8423,8291,8483,9102,9497,9890,9345,9825,9768,12067,12494,11141,10235,10433,10524,11090,11181,10372,10435,10618
1188015,THA,Thailand,Kanchanaburi,0.00423,7040,7327,7220,6832,7359,7968,9465,8749,7672,7633,7064,6798,7283,7323,7280,7298,7637,8020,7586,7840,8231,8170,8582,8572,8589,8510,8757,8873,9511,9588,8895,8949,9106
1188016,THA,Thailand,Khon Kaen,0.01443,3243,3587,4105,4278,4626,4953,5042,5254,4775,4758,4572,4545,4904,5332,5596,5565,6232,6371,6363,6686,7440,7814,8842,8652,8563,8673,8698,8893,9043,9117,8457,8509,8658
1188017,THA,Thailand,Krabi,0.01841,4627,5261,5528,5743,6523,7561,8381,7690,7669,6972,5909,6754,7926,9294,10176,9540,11042,12089,12895,11039,13967,16288,16557,14954,15179,14764,15311,15709,15256,15380,14268,14354,14606
1188018,THA,Thailand,Lampang,0.00487,4765,5041,5305,5306,5558,5794,6333,6210,5547,5156,4935,5074,5268,5279,5198,5131,5106,5135,4940,5814,6501,6857,7015,7143,7038,7128,7253,7295,7407,7468,6928,6970,7092
1188019,THA,Thailand,Lamphun,0.00694,3691,4668,6696,7417,7834,8329,7958,11213,12687,10726,12798,11315,12111,11857,12189,12226,13724,14347,13985,12927,14330,14997,14134,12892,15100,13610,13624,14479,15555,15682,14548,14636,14893
1188020,THA,Thailand,Loei,0.0157,3050,3280,3396,2973,3267,3532,3776,3563,3405,3107,3299,3435,3460,3681,3764,4358,3944,4668,4560,4679,5269,5594,6066,6091,6230,6166,6576,7222,7414,7474,6934,6976,7098
1188021,THA,Thailand,Lop Buri,0.00721,3995,4502,4793,4769,5355,5956,8779,7799,6938,6463,8287,7970,8395,8368,8750,8763,8543,8433,8019,7536,8054,8139,9640,9896,9953,9767,9897,10651,10499,10584,9819,9879,10052
1188022,THA,Thailand,Mae Hong Son,0.00323,3277,3162,3395,3280,3534,3814,4060,3994,3548,3550,3346,3193,3343,3530,3524,3545,3606,3580,3665,3650,3641,3418,3613,3808,3803,4232,4203,4174,4293,4328,4015,4040,4110
1188023,THA,Thailand,Maha Sarakham,0.01399,2514,2542,2673,2555,2596,2809,2995,2923,2836,2697,2516,2548,2559,2803,2858,2787,2966,3216,3131,3371,3983,4407,4664,5102,4719,4918,5172,5356,5547,5592,5188,5219,5311
1188024,THA,Thailand,Mukhadan / Nakhon Phanom,0.01072,2250,2458,2508,2762,2845,3072,3250,2948,2802,2626,2728,2722,2798,2832,2948,2766,2901,3010,2941,3274,3960,4464,4997,5376,4961,5037,5259,5374,5302,5345,4959,4989,5076
1188025,THA,Thailand,Nakhon Nayok,0.00677,4498,5159,5147,5417,5607,5760,6240,5884,5777,5304,5326,5865,5910,6041,6046,6092,5789,6014,6066,6039,6662,6942,7785,7830,7328,7471,7621,7742,8585,8655,8029,8078,8219
1188026,THA,Thailand,Nakhon Pathom,0.01411,6753,7319,8478,9397,11648,12314,14335,13125,11003,11430,11532,11553,12190,13223,13583,13717,14452,12950,12444,11886,14753,16962,18974,20177,20872,21928,21828,21078,21651,21827,20249,20372,20729
1188027,THA,Thailand,Nakhon Ratchasima,0.01263,3423,3616,3937,4190,4805,5406,5105,4928,4330,4116,4086,4104,4393,4761,4824,4616,4733,4905,4734,4861,6080,7031,7620,7879,7770,7880,7985,8253,8644,8714,8084,8133,8276
1188028,THA,Thailand,Nakhon Sawan,0.01246,3863,4207,4369,4188,4495,5005,5635,5288,4939,4642,4324,4373,4809,5366,5430,5592,5850,5843,6077,6148,7184,7875,9555,9789,8988,8651,8211,8655,9110,9185,8520,8572,8723
1188029,THA,Thailand,Nakhon Si Thammarat,0.00705,3818,4164,4185,4500,5010,5613,6365,6284,6025,5855,5860,5757,6049,6526,6802,6812,6861,6611,6576,6357,7670,8630,8315,8209,7614,7448,7780,7997,8021,8086,7501,7547,7679
1188030,THA,Thailand,Nan,0.00942,2778,2900,2981,3156,3309,3615,4142,3806,3444,3721,3197,3180,3496,3589,3641,3679,3738,4123,4130,4149,4300,4211,4714,4696,4798,5104,5185,5275,5566,5611,5206,5237,5329
1188031,THA,Thailand,Narathiwat,0.00363,3828,3780,3874,3822,4142,4635,4885,4437,4050,3783,3634,3423,3910,4515,4824,5016,5533,5647,5651,5323,6522,7427,5201,4712,4451,4241,4490,4270,4565,4602,4269,4295,4371
1188032,THA,Thailand,Nong Bua Lam Phu / Udon Thani,0.01329,2481,2616,2824,2757,3190,3601,3853,3658,3223,3012,2874,2820,2951,3278,3337,3203,3406,3804,3635,3902,4684,5248,5326,5614,5555,5607,5754,5886,5934,5982,5550,5584,5681
1188033,THA,Thailand,Nong Khai,0.01616,2546,2607,2802,2730,2958,3237,3176,2966,2797,2828,2410,2407,2837,3014,3132,3037,3217,3288,3357,3688,5024,6162,6171,6510,6034,6298,6510,6584,6827,6883,6385,6424,6537
1188034,THA,Thailand,Nonthaburi,0.00426,11871,11816,12594,12679,11941,14244,13195,12135,10989,9948,9594,9722,9883,10010,10498,11048,10863,10894,10669,9946,10664,10811,11473,12140,13197,13630,13702,14029,13888,14001,12989,13068,13297
1188035,THA,Thailand,Pattani,-0.00259,4895,5041,5948,6406,6872,7082,7218,6932,6431,5905,5494,5094,5103,4705,4482,4240,4281,3937,3778,3776,5202,6424,6506,6322,6209,6138,6534,5417,5568,5613,5207,5239,5331
1188036,THA,Thailand,Phachuap Khiri Khan,0.01437,4725,5447,6242,6031,6620,6833,7310,6503,5693,5966,6023,6032,6475,6367,6897,7191,7312,7449,7590,7458,10240,12621,12149,12147,12472,13027,13652,14444,14071,14185,13160,13240,13472
1188037,THA,Thailand,Phangnga,0.01946,7668,7435,8303,7757,8899,10205,10414,10609,8797,7299,7702,7157,7846,8648,9810,10045,10949,11314,11737,10869,13256,15040,13998,13932,14599,18062,19822,22286,23089,23277,21594,21725,22106
1188038,THA,Thailand,Phatthalung,0.00875,3047,3151,3368,3418,3690,4169,4907,4474,4233,3846,3633,3476,3855,4303,4832,5196,5629,5613,5460,5132,6074,6729,6171,5802,5382,5205,5710,5580,5385,5429,5036,5067,5156
1188039,THA,Thailand,Phayao,0.01479,2759,2843,2775,3226,3409,3712,4028,3774,3402,3277,3132,3134,3459,3391,3653,3962,3958,4143,4226,4252,5100,5712,6364,6437,6235,6433,6573,6830,7157,7215,6693,6734,6852
1188040,THA,Thailand,Phetchabun,0.01509,2773,2869,3109,2944,3108,3438,3671,3227,3104,2872,2748,2976,3055,3301,3489,3658,4135,4150,4614,4644,5235,5563,6503,6252,6666,6344,6605,6265,6544,6597,6120,6157,6265
1188041,THA,Thailand,Phetchaburi,0,5886,5592,5398,5365,4851,4705,4344,3897,3735,3959,3934,3528,3384,3313,3596,3526,3463,3378,3324,3170,6317,9318,10440,10108,9654,9739,9832,10439,10620,10707,9932,9993,10168
1188042,THA,Thailand,Phichit,0.01154,3100,3326,3574,3318,3565,3876,4272,4212,4321,3744,3742,3640,3874,4136,4281,4476,4630,4661,5283,5393,5803,5905,8348,9067,7089,6484,6041,6354,6860,6916,6416,6455,6568
1188043,THA,Thailand,Phitsanulok,0.01032,3554,3856,4347,4320,4622,5011,6336,5879,5676,5666,5287,4842,5316,5585,5472,5590,5765,6073,6393,6367,6469,6202,8239,8191,7579,7504,7502,7900,8228,8295,7695,7742,7878
1188044,THA,Thailand,Phra Nakhon Sri Ayuthaya,0.01729,5540,7268,9377,10372,11455,12398,23333,23796,23617,26058,29641,29185,30882,36286,37109,36079,37871,41016,47234,42607,38037,30935,31220,37370,33215,36919,34021,33718,33463,33735,31295,31486,32038
1188045,THA,Thailand,Phrae,0.00882,2828,2997,3159,3174,3409,3620,4178,3868,3551,3492,3446,3423,3558,3570,3830,3732,3788,3975,3933,3925,4310,4472,4942,5049,4984,5092,5288,5365,5757,5804,5384,5417,5512
1188046,THA,Thailand,Phuket,0.00426,17694,18455,17876,18807,18817,19520,20515,18361,18927,18442,19303,18796,20685,19684,21949,18397,21922,23113,20986,19081,18694,17193,18883,20524,21060,23514,26354,27827,29681,29922,27758,27927,28417
1188047,THA,Thailand,Prachin Buri / Sa Kaeo,0.02387,3437,3780,3896,4306,5505,6130,9024,8676,7780,6303,6138,6188,8796,9359,9907,10241,10630,10702,10360,9352,12515,15170,20222,17401,17260,16255,17222,20820,21749,21926,20340,20464,20823
1188048,THA,Thailand,Pratum Thani,-0.01262,21731,24020,24875,29753,35359,39451,48375,41754,30289,36480,35029,34952,31071,32628,34697,34597,39138,38685,41317,46054,33744,18609,17385,17224,17214,17291,16402,17217,17181,17321,16068,16166,16450
1188049,THA,Thailand,Ranong,-0.0051,13187,14183,15102,15654,12844,14955,13779,11889,10909,8404,8504,7481,6925,7352,8465,8038,7759,7431,7458,7473,7702,7498,7355,7133,7161,6803,7506,7884,7647,7709,7152,7195,7321
1188050,THA,Thailand,Ratchaburi,0.01427,5998,6346,6827,7527,7837,8631,8937,8505,7774,8362,8316,9790,11032,11699,11492,11354,11285,11021,11052,11423,13408,14753,14996,14581,15298,15900,16811,16324,17156,17296,16045,16143,16426
1188051,THA,Thailand,Rayong,0.01997,16283,17029,19154,20311,23010,26980,42910,48448,48407,45328,53807,56146,59828,65291,71181,81957,90196,96085,87772,77541,79628,77229,81317,82113,80259,75653,74416,77871,78513,79151,73428,73874,75170
1188052,THA,Thailand,Roi Et,0.01264,2271,2316,2528,2560,2646,2731,2930,2970,2864,2605,2579,2640,2780,2967,3077,3013,3216,3410,3327,3612,4101,4385,4755,5212,4726,4849,4981,5119,5208,5250,4870,4900,4986
1188053,THA,Thailand,Sakon Nakhon,0.01135,2376,2395,2533,2611,2795,2994,3281,2919,2705,2592,2514,2419,2572,2867,2915,2939,3096,3234,3145,3445,3695,3747,4134,4541,4124,4261,4567,4599,4713,4752,4408,4435,4513
1188054,THA,Thailand,Samut Prakan,0,28601,28407,25975,25521,25987,27809,32716,30875,31462,36793,38478,39567,40651,39911,40630,43740,43096,48632,47040,41883,35829,27266,30294,27222,26588,26656,25914,25645,26967,27186,25221,25374,25819
1188055,THA,Thailand,Samut Sakhon,0,16337,18597,22251,24098,28892,29339,44165,44449,38285,35152,39499,39640,41490,46185,48365,49904,50715,53711,55374,54161,43590,29744,29031,27357,28104,27839,27609,28130,28672,28905,26815,26978,27451
1188056,THA,Thailand,Samut Songkhram,0.01155,4231,4260,4569,4918,5504,5868,7131,6797,6048,5371,5757,5621,5463,5605,5888,6519,6779,6694,6715,6570,7377,7812,7551,7609,8083,8400,8618,10165,10504,10589,9823,9883,10057
1188057,THA,Thailand,Saraburi,0.0106,12238,12920,12652,12921,14635,15146,15828,14972,13938,13610,13516,13922,15775,16962,18531,19724,20015,20013,20780,21504,22279,21812,23239,22673,22904,23123,24385,23423,23891,24085,22344,22480,22874
1188058,THA,Thailand,Satun,0.00145,5478,4757,5927,6169,6566,7300,8796,8597,8698,8891,8649,7727,8077,7813,8449,8493,8703,8275,8194,7933,9346,10313,9935,9075,8997,8902,8923,8499,7907,7971,7395,7440,7570
1188059,THA,Thailand,Si Sa Ket,0.01451,2086,2156,2256,2223,2354,2534,2752,2656,2504,2178,2177,2263,2324,2454,2501,2519,2643,2753,2720,2956,3763,4407,4806,5176,4730,4954,5141,5327,5440,5484,5087,5118,5208
1188060,THA,Thailand,Singburi,0.01273,4172,4506,4796,4931,5422,5944,7473,7082,6933,6298,6643,6631,6935,7403,7746,7992,8084,8315,8627,8418,9803,10714,11945,11378,10378,9813,9954,10391,10731,10818,10036,10097,10274
1188061,THA,Thailand,Songkhla,0.0049,6027,6680,7145,7713,8309,9011,10695,10289,10074,9333,9691,9308,9582,9935,10359,10701,10668,10165,9673,9017,11073,12628,12166,12284,11423,11653,11558,11250,11174,11265,10450,10514,10698
1188062,THA,Thailand,Sukhothai,0.00911,3437,3424,3715,3659,3850,4135,4318,4046,3888,3588,3559,3675,3577,4009,4132,4026,4170,4474,4772,4647,4901,4889,6321,6352,5859,5643,5370,5622,6042,6091,5651,5685,5785
1188063,THA,Thailand,Suphan Buri,0.00819,4022,4687,4970,5297,5578,5981,5990,5688,5505,5064,5015,4841,4954,5385,5514,5591,5822,5861,6315,6317,6928,7178,8248,7856,7443,7770,7368,7648,7887,7951,7376,7421,7551
1188064,THA,Thailand,Surat Thani,0.01259,5861,6053,6323,6432,7472,8502,9517,8668,8188,7581,7247,7111,8167,9068,10240,10763,11810,11255,11481,10322,12719,14543,13980,13684,12430,12614,13202,14101,13414,13523,12545,12621,12843
1188065,THA,Thailand,Surin,0.01346,2119,2161,2308,2320,2458,2622,2844,2777,2624,2343,2397,2368,2477,2604,2721,2661,2750,2989,2879,3330,3891,4266,4649,5171,4681,4922,5042,5137,5190,5232,4853,4883,4969
1188066,THA,Thailand,Tak,0.01014,4161,5559,5469,5123,4963,4616,5135,4550,4237,4164,4233,4223,4138,4520,4921,4787,5398,5357,5187,5413,5687,5649,6274,6225,6613,6984,7026,7012,7284,7343,6812,6853,6973
1188067,THA,Thailand,Trang,0.00819,4575,4701,5009,5151,5912,6820,7456,6781,6308,5666,5728,5533,6151,7012,7628,8113,8789,8351,8381,7416,9925,12032,9583,8795,8256,7748,8257,8472,7546,7607,7057,7100,7224
1188068,THA,Thailand,Trat,0.00758,5685,6040,7860,8464,9054,9604,9805,9397,7988,8138,7380,7056,7188,7221,7418,7479,8143,7721,7995,7639,10758,13468,12274,11124,11365,11206,10932,13040,11865,11962,11097,11165,11360
1188069,THA,Thailand,Uthai Thani,0.0118,3566,3752,3867,3628,4057,4450,5024,4670,4590,4296,4435,4122,4268,4576,4617,4629,4939,5481,5609,5817,6660,7175,8248,8306,7924,7267,7134,7625,7824,7887,7317,7361,7490
1188070,THA,Thailand,Uttaradit,0.00831,3948,4068,4174,4098,4614,4749,5198,4895,4552,4647,3995,3832,4136,4411,4456,4737,5153,5102,5491,5531,5801,5751,6930,6940,6240,5771,5874,6627,6933,6989,6484,6523,6638
1188071,THA,Thailand,Yala,0.00678,4848,5018,4939,4820,5369,6195,6574,6086,5596,5002,5056,4742,5212,6050,6489,6929,7435,7508,7592,6903,9196,11115,9195,7703,7026,6540,6953,6883,6753,6808,6316,6354,6466
1188072,THA,Thailand,Yasothon,0.01056,2195,2279,2560,2452,2561,2853,2873,2820,2622,2386,2422,2400,2597,2669,2837,2714,2811,3017,2900,3084,3562,3866,4104,4622,4160,4140,4296,4306,4417,4453,4131,4156,4229
1195001,TUR,Turkey,Adana,0.01423,9462,9341,9622,10160,9501,10061,10611,11216,11292,10747,11311,10467,10951,11393,12300,13224,13774,14417,14212,13609,14710,15918,16687,17895,18245,19322,20032,20736,20421,20811,21777,24054,25142
1195002,TUR,Turkey,Adiyaman,0.01589,5433,5363,5524,5833,5455,5776,6092,6439,6483,6170,6494,6010,6287,6541,7062,7666,8081,8461,8630,8013,9144,10286,10275,10999,11486,12065,12210,12699,13194,12896,13181,14559,15218
1195003,TUR,Turkey,Afyon,0.01653,8587,8477,8732,9220,8622,9130,9629,10178,10248,9753,10265,9499,9938,10339,11162,11772,12443,13019,13012,12705,14411,15288,15468,16226,17530,18504,19263,20803,20257,20408,20815,22992,24032
1195004,TUR,Turkey,Agri,0.01347,4398,4342,4472,4723,4416,4676,4932,5213,5249,4995,5258,4865,5090,5295,5717,6057,5861,5929,5644,5814,7202,7374,7712,7880,7727,8229,9183,9128,9116,9426,10278,11352,11866
1195005,TUR,Turkey,Aksaray,0.02097,7663,7564,7792,8228,7694,8147,8593,9083,9145,8703,9160,8477,8868,9226,9961,10786,11390,12025,11923,12018,13533,14517,15254,16447,18666,19262,19293,20279,20829,20877,23739,26222,27408
1195006,TUR,Turkey,Amasya,0.01544,9008,8892,9160,9673,9045,9578,10102,10678,10750,10231,10768,9965,10425,10846,11710,12788,12898,13105,14254,14131,15087,16099,16847,17520,17762,19661,20362,20831,20030,20213,20594,22747,23777
1195007,TUR,Turkey,Ankara,0.01263,19491,19240,19820,20928,19570,20723,21856,23103,23260,22136,23299,21561,22556,23466,25336,27294,28928,30573,30469,28687,29658,32026,32655,36215,36318,37432,39209,39905,39246,40245,41677,46035,48118
1195008,TUR,Turkey,Antalya,0.00927,17404,17180,17698,18688,17475,18505,19516,20630,20770,19767,20805,19253,20142,20954,22624,23770,25033,25975,24728,23384,25526,27667,27749,29166,30296,30689,27099,29536,33204,34312,25101,27726,28981
1195009,TUR,Turkey,Ardahan,0.02173,6222,6142,6327,6681,6248,6616,6978,7376,7426,7067,7438,6883,7201,7492,8089,8895,9932,10382,10271,9684,13287,13846,14336,13921,14462,16906,18046,20508,19766,19391,21838,24122,25213
1195010,TUR,Turkey,Artvin,0.0157,11004,10863,11190,11816,11049,11700,12340,13044,13133,12498,13154,12173,12735,13249,14305,15803,17335,18949,19190,17508,18519,19938,21526,22724,22013,22426,22744,25171,26633,28589,30504,33694,35218
1195011,TUR,Turkey,Aydin,0.01073,10838,10699,11021,11637,10882,11523,12153,12847,12934,12309,12956,11989,12543,13049,14089,14450,15699,15253,15066,14136,15277,16693,16519,17322,18409,19326,20375,20998,21164,21353,20760,22931,23968
1195012,TUR,Turkey,Balikesir,0.01287,11839,11687,12039,12712,11887,12587,13276,14033,14129,13446,14152,13096,13701,14254,15390,16717,17290,17949,18231,17456,18658,19743,20387,20240,21508,22387,23344,24408,24921,25024,25709,28397,29682
1195013,TUR,Turkey,Bartin,0.01321,8685,8574,8832,9326,8721,9234,9739,10295,10365,9864,10382,9608,10052,10457,11290,12052,12516,12881,12646,11909,12848,14276,15296,16659,17634,17802,18468,20428,19454,18266,19018,21007,21958
1195014,TUR,Turkey,Batman,0.01302,6182,6102,6286,6638,6207,6573,6932,7327,7377,7021,7389,6838,7154,7443,8036,8733,9206,9284,9413,8720,9972,10873,11194,11380,11481,11362,12023,12998,13285,13421,12876,14222,14866
1195015,TUR,Turkey,Bayburt,0.01816,7003,6913,7121,7519,7031,7445,7852,8300,8357,7953,8371,7746,8104,8431,9103,9789,10536,11458,10911,11299,12667,12871,15458,16295,16392,17920,17071,16472,18370,19023,18871,20845,21788
1195016,TUR,Turkey,Bilecik,0.01438,14720,14531,14968,15806,14780,15651,16506,17448,17567,16718,17596,16283,17035,17723,19135,21880,23562,25297,26137,23830,24064,26910,29416,30240,30572,31115,31710,31988,32802,32261,34762,38397,40135
1195017,TUR,Turkey,BingÔøΩl,0.02207,5110,5045,5197,5487,5131,5434,5731,6058,6099,5804,6109,5653,5914,6153,6643,7216,7312,7793,7997,7777,9199,10277,10651,12040,12411,12708,14597,15156,14978,15456,16196,17889,18699
1195018,TUR,Turkey,Bitlis,0.01884,4614,4555,4692,4954,4633,4906,5174,5469,5506,5240,5516,5104,5340,5555,5998,6347,6829,7364,7311,7057,7951,9353,9741,10511,11182,11515,11234,11635,11745,12523,13395,14795,15465
1195019,TUR,Turkey,Bolu,0.01137,16098,15891,16370,17285,16164,17116,18052,19081,19211,18283,19243,17808,18630,19382,20926,22296,23573,24727,24929,22962,24241,26508,26745,27943,29814,29874,29295,30962,31246,30773,32467,35863,37485
1195020,TUR,Turkey,Burdur,0.01305,11960,11806,12162,12842,12008,12716,13411,14176,14273,13583,14296,13230,13841,14399,15546,16809,17603,18126,18298,18021,19624,20476,21741,22685,24251,24690,24622,24687,24153,23881,24948,27557,28804
1195021,TUR,Turkey,Bursa,0.01191,16223,16014,16497,17419,16289,17248,18192,19229,19360,18425,19393,17946,18775,19532,21088,22827,24219,25058,24452,21914,23092,26045,26388,28168,29256,30582,30835,33222,34840,33367,32520,35920,37546
1195022,TUR,Turkey,Denizli,0.01114,13479,13306,13707,14473,13534,14332,15115,15977,16086,15309,16113,14911,15600,16229,17522,17375,18636,18625,18100,16386,17914,20350,20742,21960,23261,23518,24721,26129,26611,26253,26661,29449,30782
1195023,TUR,Turkey,Diyarbakir,0.01143,6856,6767,6971,7361,6884,7289,7688,8126,8181,7786,8195,7584,7934,8254,8912,9049,9535,9714,9231,8887,9776,10757,11279,12516,12220,12761,12849,13369,13049,13456,13233,14617,15278
1195024,TUR,Turkey,DÔøΩzce,0.01348,11580,11431,11775,12434,11627,12312,12985,13726,13819,13152,13843,12810,13401,13942,15053,15920,17727,18431,18939,16819,18024,19448,20144,20574,22601,24906,24130,24915,24162,24721,25780,28476,29764
1195025,TUR,Turkey,Edirne,0.01265,11871,11718,12071,12746,11919,12621,13312,14071,14167,13482,14190,13132,13738,14292,15431,16638,16881,17923,18501,17564,19165,19534,20243,20479,22222,22736,22868,23875,24155,24963,24863,27463,28706
1195026,TUR,Turkey,Elazig,0.01609,7839,7738,7971,8417,7871,8334,8790,9291,9355,8903,9370,8671,9072,9438,10190,11225,12153,12727,12855,12281,13213,14358,14927,16031,16171,16802,17260,19135,18397,18222,20574,22725,23754
1195027,TUR,Turkey,Erzincan,0.01757,10530,10395,10708,11307,10573,11196,11808,12482,12567,11960,12588,11649,12187,12678,13689,14526,15477,16431,16798,16533,18560,20057,21803,23208,22813,21521,22598,25107,25564,26724,30080,33225,34729
1195028,TUR,Turkey,Erzurum,0.01708,7233,7140,7355,7766,7262,7690,8111,8573,8632,8215,8646,8001,8371,8708,9402,9938,10421,10919,11140,11021,12508,12943,13752,14630,15064,16044,17156,18112,17189,17037,17718,19570,20456
1195029,TUR,Turkey,Eskisehir,0.01342,14670,14482,14918,15752,14730,15598,16451,17389,17508,16662,17537,16229,16978,17663,19070,21161,22505,23441,23054,21629,22919,24649,25482,28491,28214,29153,29348,31383,31816,31501,32068,35421,37024
1195030,TUR,Turkey,Gaziantep,0.01301,9027,8911,9179,9692,9064,9597,10122,10700,10772,10252,10790,9986,10447,10868,11734,12144,12779,12829,12210,11092,12076,13654,15160,17008,17884,19355,19376,20675,21542,21215,23410,25858,27028
1195031,TUR,Turkey,Giresun,0.01466,7565,7467,7692,8123,7595,8043,8483,8966,9028,8591,9043,8368,8754,9108,9833,11922,12549,12338,13046,11910,12614,13458,14263,14393,14932,18521,16445,17471,16106,17651,18329,20246,21162
1195032,TUR,Turkey,GÔøΩmÔøΩshane,0.01265,8730,8618,8877,9374,8766,9282,9790,10348,10418,9915,10436,9657,10103,10511,11348,12098,12722,13330,13375,12948,14539,16869,17591,18083,17527,17032,16575,15715,16553,16428,18650,20600,21532
1195033,TUR,Turkey,Hakkari,0.01243,6021,5944,6123,6465,6046,6402,6752,7137,7185,6838,7197,6661,6968,7249,7827,7957,8430,8797,8401,8034,8839,9486,9958,9953,10957,11293,12191,14302,15891,17046,17525,19357,20233
1195034,TUR,Turkey,Hatay,0.01286,8577,8466,8721,9209,8612,9119,9618,10166,10235,9741,10252,9488,9926,10326,11149,12207,12536,13207,13248,12081,12663,14217,14196,15496,16273,17047,17850,19415,19874,18005,18638,20587,21519
1195035,TUR,Turkey,Igdir,0.01989,6016,5939,6118,6460,6041,6397,6746,7131,7180,6833,7192,6655,6963,7243,7821,8411,9189,9159,9382,9148,10412,12347,12969,13108,13355,14785,14160,16324,16516,17174,18407,20331,21251
1195036,TUR,Turkey,Isparta,0.01384,10853,10714,11036,11654,10898,11540,12170,12865,12952,12326,12974,12006,12560,13067,14108,15051,15681,16379,16617,16336,16278,17964,19247,19825,20958,21143,22998,23040,23281,23342,23313,25751,26916
1195037,TUR,Turkey,Istanbul,0.01296,22904,22609,23291,24593,22998,24352,25684,27149,27334,26013,27379,25337,26507,27576,29773,31647,33238,34641,34252,31913,33029,36276,37937,41187,42829,45072,45816,49008,49594,49048,48218,53261,55671
1195038,TUR,Turkey,Izmir,0.01311,16034,15828,16305,17217,16100,17048,17980,19006,19135,18210,19167,17737,18556,19305,20843,22159,23565,24085,23726,21904,23482,26044,26988,28499,29257,30243,31502,33946,35395,34229,34499,38107,39831
1195039,TUR,Turkey,IÔøΩel,0.01342,11183,11039,11371,12007,11228,11890,12540,13255,13345,12700,13368,12370,12942,13464,14536,15618,16467,17159,17134,15923,16488,17904,18537,19128,20307,21330,22220,23351,23909,24514,25596,28273,29552
1195040,TUR,Turkey,Kahramanmaras,0.01277,8381,8273,8522,8999,8415,8911,9398,9934,10002,9518,10018,9271,9699,10090,10894,11609,10951,11860,11998,11606,12785,13295,13368,14844,15026,16440,16834,17758,18513,19238,19386,21413,22382
1195041,TUR,Turkey,KarabÔøΩk,0.01466,9820,9693,9985,10544,9860,10441,11011,11639,11719,11153,11738,10863,11364,11823,12765,13823,15262,15731,15979,14496,15795,18988,19889,21258,23268,21440,21239,23886,25705,21868,22092,24402,25506
1195042,TUR,Turkey,Karaman,0.01193,13056,12888,13277,14019,13110,13882,14641,15476,15581,14829,15607,14443,15110,15720,16972,18213,17427,19329,19093,18025,16873,18930,21673,24782,24338,25219,25339,26803,26113,26621,26983,29804,31153
1195043,TUR,Turkey,Kars,0.01895,5684,5611,5780,6103,5707,6043,6373,6737,6783,6455,6794,6287,6578,6843,7388,7786,8459,8696,8512,8472,10241,11101,12049,12582,11980,13768,14800,15424,14648,14805,16199,17893,18702
1195044,TUR,Turkey,Kastamonu,0.01368,10219,10088,10392,10973,10261,10866,11460,12113,12196,11606,12216,11305,11827,12304,13284,13924,14504,15375,15497,15002,16307,17664,18090,18449,19281,19643,20190,21408,21592,21948,23839,26332,27524
1195045,TUR,Turkey,Kayseri,0.01177,12498,12338,12709,13420,12549,13289,14015,14815,14916,14195,14940,13826,14464,15048,16247,17729,18667,19248,18857,17017,18007,19590,20265,21702,22341,23075,23710,24950,24769,24967,26312,29064,30379
1195046,TUR,Turkey,Kilis,0.01689,6293,6212,6399,6757,6318,6691,7056,7459,7510,7147,7522,6961,7283,7576,8180,9718,9549,9926,8877,9397,10928,10561,11109,13419,13026,16100,15770,16272,16190,16468,17431,19253,20125
1195047,TUR,Turkey,Kirikkale,0.01643,8956,8840,9107,9616,8992,9522,10042,10615,10687,10171,10705,9907,10364,10782,11641,13379,14454,14759,15311,14431,15619,18231,18290,19581,19422,22016,22096,25576,25232,22157,21408,23647,24717
1195048,TUR,Turkey,Kirklareli,0.0127,15083,14889,15337,16195,15144,16036,16913,17878,18000,17130,18030,16685,17455,18159,19606,21244,21964,22984,23008,21989,22971,24182,24672,25531,27285,28872,29588,30193,31779,32381,33219,36693,38353
1195049,TUR,Turkey,Kirsehir,0.01496,8618,8507,8764,9254,8653,9163,9664,10215,10285,9788,10302,9534,9974,10376,11203,12560,12237,12858,12678,12815,14771,16109,16550,17111,17328,18222,19585,20390,19763,19087,20921,23108,24154
1195050,TUR,Turkey,Kocaeli,0.01318,21751,21471,22118,23355,21839,23126,24390,25781,25957,24703,26000,24061,25172,26187,28274,31155,34130,35672,35214,30623,31983,37096,37211,40560,41495,43256,42705,47535,50538,45949,47506,52474,54849
1195051,TUR,Turkey,Konya,0.01714,9372,9251,9530,10063,9410,9965,10509,11109,11185,10644,11203,10368,10846,11284,12183,13060,13763,14339,14270,13958,14782,16738,17723,19117,20222,21172,21495,22736,23178,23114,24357,26904,28122
1195052,TUR,Turkey,KÔøΩtahya,0.01693,9309,9189,9466,9995,9347,9897,10439,11034,11109,10572,11128,10298,10773,11208,12101,13470,14163,15189,16125,15137,16063,17491,18040,18836,20116,20575,21147,23054,23427,23515,23678,26153,27337
1195053,TUR,Turkey,Malatya,0.0146,7495,7399,7622,8048,7526,7969,8405,8884,8945,8512,8960,8291,8674,9024,9743,11429,10845,11284,11094,10818,11686,13219,13497,14465,14802,16039,16003,16877,16933,17203,17816,19679,20569
1195054,TUR,Turkey,Manisa,0.01574,11636,11486,11832,12494,11683,12372,13048,13792,13886,13215,13909,12872,13466,14009,15126,17497,18489,18301,18958,17199,18551,20240,21366,22282,23151,24688,25722,27183,28660,28024,29808,32924,34414
1195055,TUR,Turkey,Mardin,0.02307,5162,5095,5249,5542,5183,5488,5788,6118,6160,5862,6170,5710,5974,6215,6710,7162,7744,8055,7824,7836,9660,10971,11304,12548,13120,13750,13801,15701,16191,16320,17420,19242,20113
1195056,TUR,Turkey,Mugla,0.0111,15371,15173,15630,16504,15433,16342,17236,18219,18343,17457,18374,17003,17788,18506,19980,21777,22870,23202,22407,21856,23292,24622,25094,26052,27381,28026,27251,28952,31286,31893,28553,31538,32966
1195057,TUR,Turkey,Mus,0.0169,5234,5166,5322,5620,5255,5564,5869,6203,6246,5944,6256,5790,6057,6301,6803,7366,7585,7844,7832,7851,9456,10100,10651,11585,12042,11570,11912,12319,12977,13109,13933,15390,16087
1195058,TUR,Turkey,Nevsehir,0.01101,10299,10167,10473,11059,10341,10951,11549,12208,12291,11697,12312,11393,11919,12400,13388,13018,13259,14059,13913,13562,15056,16445,15953,17279,18249,19309,18294,18449,19618,20752,19612,21663,22644
1195059,TUR,Turkey,Nigde,0.0137,9108,8991,9262,9780,9145,9684,10214,10796,10870,10345,10888,10076,10541,10966,11840,12371,12058,12971,12653,12271,13756,15024,15336,15536,16832,18734,17921,19170,19327,20280,20268,22387,23401
1195060,TUR,Turkey,Ordu,0.01641,6674,6588,6787,7166,6701,7096,7484,7911,7965,7580,7978,7383,7724,8035,8676,10304,10695,10946,10801,9827,10919,11901,12371,13176,13849,17529,15288,16478,16085,17099,17469,19296,20169
1195061,TUR,Turkey,Osmaniye,0.01862,6263,6183,6369,6725,6289,6659,7023,7424,7474,7113,7487,6928,7248,7541,8142,8904,9141,9981,10268,9624,11890,13135,13466,13945,14167,14608,16079,17562,18171,16887,17767,19625,20513
1195062,TUR,Turkey,Rize,0.0136,10710,10572,10891,11500,10754,11387,12010,12695,12781,12164,12803,11848,12395,12895,13922,15051,15781,16447,16143,15691,16747,18047,18808,19707,20657,21721,22161,23062,22834,23041,23466,25919,27092
1195063,TUR,Turkey,Sakarya,0.01419,12197,12040,12403,13097,12247,12968,13677,14457,14556,13853,14580,13493,14116,14685,15855,17117,18579,19133,19057,17460,18334,19739,20693,21397,23314,25524,25672,27609,28200,28207,28415,31386,32807
1195064,TUR,Turkey,Samsun,0.01471,8860,8746,9010,9514,8897,9421,9936,10502,10574,10063,10592,9802,10254,10668,11518,12752,13781,13951,14503,13437,14641,15763,16659,17074,17920,19449,19522,20171,19297,19669,20394,22527,23546
1195065,TUR,Turkey,Sanliurfa,0.00925,5845,5770,5944,6276,5869,6215,6554,6928,6976,6639,6987,6466,6765,7037,7598,7773,7880,7918,7572,7219,8428,8890,8852,9465,9526,10238,10149,10691,10161,9871,10063,11115,11618
1195066,TUR,Turkey,Siirt,0.0172,5552,5480,5645,5961,5574,5903,6226,6581,6625,6305,6636,6141,6425,6684,7217,7984,8602,8780,8765,9397,11156,11378,11461,12354,12754,12304,12745,13359,13375,15084,15026,16598,17349
1195067,TUR,Turkey,Sinop,0.01139,9818,9692,9984,10542,9858,10439,11010,11638,11717,11151,11736,10861,11362,11821,12763,13209,14434,15297,15151,13773,15831,17114,16889,17649,18115,18947,19249,18860,17620,17868,18528,20465,21391
1195068,TUR,Turkey,Sirnak,0.01541,6074,5996,6176,6522,6099,6458,6811,7199,7248,6898,7260,6719,7029,7313,7895,8189,8652,9068,8820,8656,9069,9784,10582,12042,12717,12848,12524,15000,15016,15401,16373,18085,18904
1195069,TUR,Turkey,Sivas,0.01722,8100,7996,8237,8698,8133,8612,9083,9601,9667,9200,9683,8961,9374,9752,10530,11257,11836,12152,12362,12491,13895,15247,16133,17297,18036,19051,19777,20159,19839,19800,20403,22536,23556
1195070,TUR,Turkey,Tekirdag,0.0102,20528,20263,20874,22042,20611,21825,23019,24332,24497,23314,24538,22708,23756,24715,26684,27597,28148,29273,28151,25150,27118,30253,30382,32348,33791,35010,36221,39487,40663,40084,41608,45959,48039
1195071,TUR,Turkey,Tokat,0.01448,6937,6848,7054,7449,6965,7376,7779,8223,8279,7879,8293,7674,8028,8352,9018,9685,9934,10264,10952,10717,11650,12271,12326,12785,13342,14412,14615,15080,14736,15195,15893,17555,18349
1195072,TUR,Turkey,Trabzon,0.01375,9753,9628,9918,10473,9793,10370,10937,11561,11640,11077,11659,10789,11287,11743,12678,13909,14939,15448,15444,14550,15823,17095,18019,18477,19774,21087,21525,21698,21022,21091,21016,23213,24263
1195073,TUR,Turkey,Tunceli,0.0149,11176,11032,11365,12001,11222,11883,12533,13247,13338,12693,13360,12363,12934,13456,14528,15203,15373,16484,15968,16011,18486,21127,19354,21312,20672,20979,23501,25346,24807,27007,29373,32445,33913
1195074,TUR,Turkey,Usak,0.01702,9972,9844,10141,10708,10013,10603,11183,11820,11901,11326,11921,11032,11541,12007,12963,13239,13899,14191,15103,14414,16497,18671,19444,20601,21624,21546,23184,24930,23867,24711,25652,28334,29616
1195075,TUR,Turkey,Van,0.01643,4322,4266,4394,4640,4339,4595,4846,5122,5157,4908,5166,4781,5001,5203,5618,6119,6450,6689,6689,6553,7241,7784,10026,8759,8697,9166,10096,10739,10404,10536,10764,11890,12428
1195076,TUR,Turkey,Yalova,0.01361,14310,14126,14551,15365,14368,15215,16047,16962,17077,16252,17106,15830,16561,17229,18602,19332,22003,22643,21953,20420,20257,23457,23552,25505,27597,29782,30065,31061,32251,31226,33122,36586,38241
1195077,TUR,Turkey,Yozgat,0.01556,7284,7190,7407,7821,7314,7745,8168,8634,8693,8273,8707,8058,8430,8770,9469,10145,10066,10820,10670,10659,12401,13567,13550,13959,15564,16511,17342,16904,16894,16205,17420,19242,20113
1195078,TUR,Turkey,Zonguldak,0.01895,7980,7877,8114,8568,8012,8484,8948,9458,9523,9063,9539,8827,9235,9607,10373,11445,12523,13224,13006,11943,14463,16721,15550,17185,18906,19481,19730,22199,23005,20701,22544,24901,26028
1195079,TUR,Turkey,ÔøΩanakkale,0.01546,13112,12943,13333,14079,13165,13941,14703,15541,15647,14891,15673,14504,15174,15786,17044,18505,18901,19883,19746,18824,21554,23365,23607,24628,25703,26073,27767,28944,29954,30330,34096,37661,39366
1195080,TUR,Turkey,ÔøΩankiri,0.01254,10078,9948,10248,10821,10119,10715,11301,11946,12027,11446,12047,11148,11663,12134,13100,13829,13445,13967,14332,13718,14754,15835,16935,17511,18614,20482,21575,21313,20565,21235,24959,27569,28817
1195081,TUR,Turkey,ÔøΩorum,0.01406,8568,8458,8712,9200,8603,9110,9608,10156,10225,9731,10242,9478,9916,10316,11137,11705,11723,12220,13045,12380,13789,14840,14838,15563,16012,16846,17875,18332,17659,17867,18835,20804,21746
1198001,TZA,"Tanzania, United Republic of",Arusha,0.01227,2023,2002,1953,1905,1853,1803,1790,1757,1716,1693,1660,1713,1786,1605,1829,2019,2041,2165,2266,2293,2418,2412,2585,2666,2760,2760,2853,2958,3028,3130,3095,3129,3172
1198002,TZA,"Tanzania, United Republic of",D'Salaam,0,4630,4520,4350,4185,4012,3877,3823,3722,3605,3525,3423,3423,3388,3317,3180,3241,3566,3697,3903,4307,4371,4556,3564,3662,3663,3596,3570,4236,4340,4433,4384,4432,4493
1198003,TZA,"Tanzania, United Republic of",Dodoma,0.01147,875,867,847,828,806,812,836,852,864,887,906,956,1027,1021,1002,1017,1037,1056,1101,1120,1218,1245,1367,1395,1456,1412,1480,1487,1518,1642,1624,1642,1664
1198004,TZA,"Tanzania, United Republic of",Iringa,0.01787,1384,1382,1360,1338,1313,1317,1349,1367,1380,1409,1432,1527,1867,1933,1975,2113,2119,2221,2328,2322,2460,2615,2934,3055,3221,3382,3299,3270,3354,3786,3744,3785,3837
1198005,TZA,"Tanzania, United Republic of",Kagera,0.00545,1038,1045,1038,1031,1020,994,989,972,952,941,925,925,925,1210,1136,1104,1213,1200,1228,1224,1235,1299,1281,1323,1364,1278,1444,1403,1351,1120,1107,1119,1135
1198006,TZA,"Tanzania, United Republic of",Kigoma,0.01391,635,637,629,622,613,648,698,743,785,838,889,954,728,1104,1033,1019,1049,1296,1315,1305,1254,1351,1250,1298,1342,1370,1421,1360,1382,1417,1401,1416,1436
1198007,TZA,"Tanzania, United Republic of",Kilimanjaro,0.01662,1229,1218,1191,1164,1134,1089,1065,1029,988,956,919,939,1465,1648,1882,2060,2064,2095,2204,2190,2208,2403,2543,2659,2780,2837,2897,2985,3068,3233,3197,3231,3276
1198008,TZA,"Tanzania, United Republic of",Lindi,0.0196,804,807,799,791,780,827,893,951,1007,1076,1142,1138,1294,1548,1473,1458,1493,1522,1559,1551,1690,1754,2006,2074,2196,2260,2506,2525,2599,2699,2669,2698,2736
1198009,TZA,"Tanzania, United Republic of",Mara,0.01431,985,972,945,919,890,929,989,1040,1088,1151,1209,1127,1213,1710,1651,1662,1660,1614,1658,1621,1613,1722,1944,2016,2084,2112,2189,2112,2134,2175,2151,2174,2204
1198010,TZA,"Tanzania, United Republic of",Mbeya,0.02217,1037,1037,1023,1009,992,1007,1045,1072,1096,1133,1165,1245,1392,1486,1773,1952,1927,2017,2076,2160,2242,2319,2486,2614,2707,3303,3426,3436,3499,3596,3556,3594,3644
1198011,TZA,"Tanzania, United Republic of",Morogoro,0.01202,1331,1314,1279,1245,1208,1185,1187,1175,1159,1155,1145,1268,1351,1319,1688,1737,1801,1871,1812,1798,1869,1989,2023,2085,2169,2223,2260,2330,2387,2469,2441,2468,2502
1198012,TZA,"Tanzania, United Republic of",Mtwara,0.01101,1204,1220,1219,1218,1212,1250,1317,1371,1421,1489,1551,1630,1698,1377,1306,1286,1325,1328,1397,1389,1759,1670,1912,1917,2021,2130,2322,2391,2466,2567,2538,2566,2601
1198013,TZA,"Tanzania, United Republic of",Mwanza,0.01504,1062,1056,1036,1016,993,1057,1145,1224,1299,1392,1481,1706,1654,1493,1550,1595,1756,1810,1870,2022,2083,2148,2137,2269,2345,2382,2543,2488,2505,2553,2524,2552,2587
1198014,TZA,"Tanzania, United Republic of",Non-Mainland Tanzania,0.01385,1356,1337,1299,1263,1224,1190,1181,1158,1131,1115,1093,1180,1337,1356,1781,2033,2046,2075,1886,1871,1916,2059,2109,2184,2267,2302,2397,2517,2586,2680,2650,2679,2716
1198015,TZA,"Tanzania, United Republic of",Pwani,0.0152,485,484,477,469,460,556,667,774,881,1001,1121,1115,1124,1350,1270,1244,1295,1302,1336,1325,1437,1489,1545,1579,1641,1668,1725,1937,1989,2061,2038,2061,2089
1198016,TZA,"Tanzania, United Republic of",Rukwa,0.00995,1633,1655,1653,1650,1642,1597,1586,1555,1519,1498,1469,1363,1413,1604,1612,1655,1686,1751,1819,1815,1825,1928,2002,2055,2120,2188,2315,2302,2321,2390,2364,2390,2422
1198017,TZA,"Tanzania, United Republic of",Ruvuma,0.01776,1075,1086,1082,1078,1069,1110,1176,1231,1283,1351,1414,1276,1408,1781,1863,2068,2032,2158,2255,2227,2175,2391,2543,2647,2759,2871,2987,3024,3106,3218,3182,3217,3261
1198018,TZA,"Tanzania, United Republic of",Shinyanga,0.0077,1147,1141,1119,1098,1074,1110,1171,1221,1268,1330,1388,1419,1387,1249,1167,1125,1160,1201,1236,1229,1281,1315,1657,1703,1776,1897,1839,1762,1858,1818,1798,1817,1842
1198019,TZA,"Tanzania, United Republic of",Singida,0.00267,1217,1209,1184,1160,1133,1130,1152,1162,1168,1187,1200,1131,1186,1109,1046,963,1004,997,1022,1009,1215,1174,1286,1284,1340,1323,1410,1464,1497,1544,1527,1544,1565
1198020,TZA,"Tanzania, United Republic of",Tabora,0.01015,983,977,957,938,916,945,996,1038,1077,1129,1177,1133,992,1108,1221,1374,1315,1345,1384,1363,1328,1428,1584,1628,1682,1641,1691,1642,1664,1704,1684,1703,1726
1198021,TZA,"Tanzania, United Republic of",Tanga,0.01385,1356,1337,1299,1263,1224,1190,1181,1158,1131,1115,1093,1180,1337,1356,1781,2033,2046,2075,1886,1871,1916,2059,2109,2184,2267,2302,2397,2517,2586,2680,2650,2679,2716
1200001,UKR,Ukraine,Cherkasy,0.01061,16108,14353,12604,10559,7988,6898,6104,5818,5603,5488,5701,6080,6265,6694,7289,8084,8673,8930,9796,8532,9224,9606,10013,10257,10547,10083,10142,10377,11607,12029,11637,12134,10047
1200002,UKR,Ukraine,Chernihiv,0.00966,11681,10650,9575,8217,6372,5643,5125,5017,4966,5002,5350,5878,6246,6889,7751,7826,8138,8699,8863,7767,7759,8820,9009,8860,9136,8707,8812,9595,10524,10906,10550,11001,9109
1200003,UKR,Ukraine,Chernivtsi,-0.00157,18020,15783,13609,11180,8283,6993,6040,5608,5250,4985,5006,5144,5087,5192,5372,5617,5960,6363,6559,5562,5524,6028,5924,5940,5700,5031,4934,5477,5651,5856,5665,5908,4891
1200004,UKR,Ukraine,Crimea & Sevastopol,0.00553,9983,9199,8358,7248,5678,5080,4661,4608,4607,4686,5060,5614,6022,6705,7615,7979,8874,9458,9623,8549,9104,9248,9458,9581,8515,8512,8915,7736,7595,7871,7614,7940,6574
1200005,UKR,Ukraine,Dnipropetrovsk,0.00633,20388,18529,16606,14204,10979,9691,8773,8560,8445,8478,9037,9897,10481,11521,12920,14419,16124,18071,20799,16454,17614,19169,18205,18161,18509,16302,15922,16886,17325,17953,17368,18111,14996
1200006,UKR,Ukraine,Donetsk,-0.00502,20094,18441,16687,14412,11247,10024,9161,9025,8988,9110,9803,10837,11585,12855,14551,15089,16604,17459,17492,13719,15440,16607,15863,14828,9563,6646,6825,6851,6937,7188,6954,7252,6004
1200007,UKR,Ukraine,Ivano-Frankivsk,0.00567,10995,10079,9110,7860,6127,5455,4980,4901,4876,4937,5307,5861,6260,6939,7847,8359,8617,8693,8699,7405,7274,8834,9532,9416,9378,8206,7860,8051,8608,8921,8630,8999,7451
1200008,UKR,Ukraine,Kharkiv,0.00531,16370,14916,13402,11495,8908,7884,7156,7001,6925,6972,7452,8182,8689,9578,10770,10919,12007,13542,14329,12599,12625,12743,12220,12201,12166,11334,12069,12080,13117,13593,13150,13712,11353
1200009,UKR,Ukraine,Kherson,0.00513,12334,11111,9869,8365,6406,5602,5023,4854,4741,4713,4972,5389,5647,6142,6812,6899,7114,7011,8009,7257,7413,7742,7302,7569,7481,7482,7726,7915,7988,8278,8008,8350,6914
1200010,UKR,Ukraine,Khmelnytskiy,0.00774,15749,14003,12270,10255,7739,6665,5882,5590,5367,5239,5424,5763,5915,6293,6822,6966,7410,7856,8009,6980,7003,7865,8122,7904,8493,7832,8000,8677,8993,9319,9016,9401,7784
1200011,UKR,Ukraine,Kirovohrad,0.00933,13037,11792,10517,8952,6885,6048,5447,5288,5190,5183,5496,5987,6306,6894,7688,7725,8142,8232,9052,7746,8214,9076,9003,10008,10063,9736,10025,9593,10228,10599,10254,10692,8853
1200012,UKR,Ukraine,Kyiv_city,0.01102,25142,24673,23756,21737,17902,16781,16082,16568,17215,18162,20303,23273,25755,29539,34510,34764,37273,43196,41563,36341,36436,36330,39724,42883,42758,38568,40491,41481,42729,44279,42837,44668,36984
1200013,UKR,Ukraine,Kyiv_sub,0.01306,19947,17866,15774,13289,10113,8786,7825,7509,7282,7185,7523,8089,8406,9064,9965,10472,11516,12968,13805,12884,13646,15684,16506,15674,15861,14870,15673,15650,16983,17599,17026,17754,14700
1200014,UKR,Ukraine,Luhansk,-0.00607,14229,12925,11577,9897,7645,6745,6102,5951,5867,5887,6272,6864,7265,7982,8945,9814,10635,11762,12308,9812,10313,11422,10580,9609,4848,2666,3010,2413,2460,2550,2467,2572,2130
1200015,UKR,Ukraine,Lviv,0.00859,12579,11444,10266,8790,6801,6009,5445,5319,5252,5279,5633,6175,6546,7203,8086,8050,8828,9443,9346,8359,8504,9337,9943,9775,9894,9237,9571,10121,10591,10976,10618,11072,9168
1200016,UKR,Ukraine,Mykolayiv,0.00342,15308,13905,12454,10648,8225,7257,6565,6403,6313,6334,6748,7386,7817,8588,9625,9424,10318,10575,10877,10111,10367,10664,10127,10722,10454,10267,10578,10525,10616,11001,10643,11098,9189
1200017,UKR,Ukraine,Odesa,0.00271,13625,12563,11422,9911,7769,6955,6384,6316,6317,6430,6947,7711,8276,9219,10476,10350,10893,11901,13168,12051,12396,11733,11037,11413,10768,10311,10593,10900,10979,11377,11006,11477,9503
1200018,UKR,Ukraine,Poltava,0.011,20813,18922,16964,14516,11224,9912,8975,8761,8646,8684,9260,10145,10748,11819,13259,13992,15140,15997,15101,13244,14724,16061,15666,15664,16543,16424,17136,18470,18680,19358,18727,19528,16169
1200019,UKR,Ukraine,Rivne,0,15765,14055,12350,10353,7837,6772,5997,5720,5513,5404,5619,5998,6187,6618,7214,7571,8152,8375,8207,6933,7348,7626,7690,7449,8527,7508,7171,7308,7402,7671,7421,7738,6407
1200020,UKR,Ukraine,Sumy,0.00549,17660,15689,13734,11468,8645,7438,6556,6223,5967,5817,6014,6379,6536,6942,7510,7848,8279,8848,9140,8076,7982,9022,8856,9218,9278,9195,8815,8938,9502,9847,9526,9933,8225
1200021,UKR,Ukraine,Ternopil,0.00577,12726,11293,9874,8234,6199,5325,4687,4442,4251,4137,4268,4518,4618,4893,5279,5577,6160,6503,6518,6076,5964,6860,6786,6593,6966,6175,6176,6709,7069,7325,7087,7389,6118
1200022,UKR,Ukraine,Vinnytsya,0.00848,13805,12588,11319,9715,7534,6673,6061,5934,5874,5918,6330,6956,7392,8154,9176,8956,9176,8975,8798,7498,7446,8096,8258,8742,9384,9220,9844,10149,10732,11121,10759,11219,9289
1200023,UKR,Ukraine,Volyn,0.00652,13462,12097,10716,9060,6919,6034,5395,5198,5062,5016,5276,5699,5951,6450,7128,7571,7786,8371,8275,6988,6907,7743,7848,7768,7996,7517,7246,8689,8799,9118,8821,9198,7616
1200024,UKR,Ukraine,Zakarpattya,0.00152,8413,7746,7032,6092,4769,4263,3908,3861,3856,3920,4229,4688,5026,5592,6346,6488,6939,7299,7135,5974,6451,6587,6967,6681,6602,5687,5433,5945,6295,6523,6311,6581,5449
1200025,UKR,Ukraine,Zaporizhzhya,0,24244,21717,19177,16158,12297,10686,9518,9135,8861,8744,9157,9847,10236,11040,12139,12923,14131,15585,15614,12225,12721,12561,12499,11965,12828,12520,12614,13091,12948,13417,12980,13535,11207
1200026,UKR,Ukraine,Zhytomyr,0.00953,14507,12930,11358,9518,7203,6222,5508,5252,5060,4957,5152,5497,5667,6059,6601,6718,7007,7330,7751,6763,7553,7830,7971,7952,8154,7594,8135,8646,9495,9840,9519,9926,8219
1201001,URY,Uruguay,Artigas,0.01779,6700,6907,7305,6863,7802,7872,8322,9134,9248,8515,8394,8076,7969,8238,8865,9756,10383,11298,12355,13132,14426,15453,16287,17338,18199,18561,19179,19834,20204,20714,19427,20480,21522
1201002,URY,Uruguay,Canelones,0.01503,5899,6081,6628,6691,6897,6834,6966,7478,7582,7414,7047,6686,6176,6357,6813,7468,7918,8584,9355,9911,10852,11589,12179,12927,13532,13765,14187,14635,14873,15214,14268,15042,15807
1201003,URY,Uruguay,Cerro Largo,0.01225,7023,7240,8068,7967,8783,8751,9149,9945,10367,9612,9443,9131,8724,8800,9247,9942,10344,11008,11781,12261,13194,13851,14313,14945,15393,15411,15638,15887,15903,16028,15032,15847,16654
1201004,URY,Uruguay,Colonia,0.0149,11061,11402,12328,12089,12996,12555,12738,14519,15075,14643,14479,13915,12926,13225,14091,15360,16197,17469,18941,19968,21763,23134,24203,25580,26665,27014,27733,28500,28856,29410,27582,29078,30558
1201005,URY,Uruguay,Durazno,0.01299,8725,8995,9364,9331,9806,9849,10268,11377,11615,11157,11006,10689,10691,10789,11340,12197,12694,13515,14469,15063,16215,17028,17603,18386,18944,18973,19259,19572,19599,19760,18532,19537,20531
1201006,URY,Uruguay,Flores,0.01608,8859,9132,9770,9551,10633,10476,11037,12864,12912,12555,12416,12042,11736,11957,12689,13776,14471,15548,16796,17644,19161,20299,21166,22297,23169,23398,23948,24537,24770,25174,23609,24890,26156
1201007,URY,Uruguay,Florida,0.01425,8947,9223,9953,10434,11249,11100,11839,12663,12944,12784,12742,12354,12284,12406,13049,14046,14629,15586,16698,17397,18741,19695,20374,21296,21958,22007,22355,22734,22782,22985,21556,22725,23882
1201008,URY,Uruguay,Lavalleja,0.01681,7353,7580,8214,8235,8843,8821,9355,10333,10734,10256,10045,9688,9445,9670,10311,11247,11868,12808,13897,14659,15986,17003,17799,18822,19631,19898,20439,21015,21287,21706,20357,21462,22554
1201009,URY,Uruguay,Maldonado,0.0109,11433,11786,13251,14517,15953,15039,14972,16483,16837,16853,15792,14804,12088,12309,13054,14165,14872,15970,17244,18104,19652,20808,21687,22835,23717,23941,24493,25084,25312,25714,24116,25424,26717
1201010,URY,Uruguay,Montevideo,0.01014,15038,15502,16442,17019,18132,17791,18969,20571,21637,21754,21200,20530,18232,18244,19015,20277,20924,22085,23440,24191,25813,26870,27530,28499,29101,28882,29052,29255,29026,28993,27191,28666,30125
1201011,URY,Uruguay,Paysand,0.01313,9036,9315,10279,10538,11673,11326,11469,12239,12462,12126,11832,11370,10916,11066,11685,12624,13197,14112,15175,15868,17155,18093,18783,19702,20386,20502,20898,21325,21443,21706,20357,21462,22554
1201012,URY,Uruguay,Rivera,0.01949,9113,9394,10062,9998,11039,10970,11014,11522,12031,11404,11383,11056,11340,11755,12683,13992,14926,16277,17838,18999,20912,22442,23695,25267,26565,27135,28082,29083,29666,30456,28564,30113,31645
1201013,URY,Uruguay,Ro Negro,0.0182,4906,5058,5467,5751,6121,6145,6437,7478,7685,7570,7359,7065,7204,7362,7835,8530,8985,9680,10485,11042,12022,12767,13344,14090,14675,14854,15236,15644,15827,16118,15116,15936,16747
1201014,URY,Uruguay,Rocha,0.00823,9071,9351,10121,10212,11057,10546,11042,11998,12611,11975,11685,11278,10519,10505,10928,11631,11978,12617,13363,13763,14654,15221,15561,16072,16374,16213,16270,16344,16176,16118,15116,15936,16747
1201015,URY,Uruguay,Salto,0.01146,7791,8031,10224,10033,9643,9251,9249,9745,9769,9393,9145,8791,9106,9171,9619,10325,10724,11393,12172,12646,13586,14238,14688,15310,15742,15733,15938,16164,16153,16252,15242,16069,16887
1201016,URY,Uruguay,San Jos,0.01736,7851,8093,8300,8618,8649,8336,8820,9474,9538,9262,9039,8626,8557,8829,9485,10420,11072,12029,13136,13943,15296,16364,17225,18315,19202,19563,20193,20861,21230,21745,20394,21500,22594
1201017,URY,Uruguay,Soriano,0.01342,8817,9090,10058,9715,11329,10809,10996,10884,11688,10890,10978,8344,10355,10516,11123,12038,12607,13504,14545,15235,16498,17428,18122,19039,19730,19873,20288,20734,20878,21166,19851,20928,21992
1201018,URY,Uruguay,Tacuaremb,0.01161,8108,8359,8937,8985,9358,9698,10314,11224,11309,8812,10619,10323,10268,10287,10734,11461,11842,12515,13299,13744,14685,15306,15703,16279,16646,16544,16665,16805,16699,16705,15667,16516,17357
1201019,URY,Uruguay,Treinta y Tres,0.01033,8406,8665,9446,8460,9521,9576,11079,11682,12638,10286,10133,9781,9911,9929,10362,11064,11431,12081,12839,13267,14176,14776,15160,15716,16071,15972,16090,16226,16123,16129,15127,15947,16759
1202001,USA,United States,"Aberdeen, SD",0.01104,29701,29277,29893,30314,31153,31612,32418,33446,34532,35767,36805,36795,38755,42308,42043,41697,38706,45545,49717,45873,45865,53985,55314,60842,58776,55131,53001,49089,52393,51106,54057,57192,58090
1202002,USA,United States,"Abilene, TX",0.01196,28787,28376,28972,29381,30194,30639,31420,32417,33469,34666,35672,35662,36980,39769,45704,46786,50545,53796,60200,50979,55344,58951,60583,61185,59192,48549,46259,48297,51589,50905,47463,50216,51004
1202003,USA,United States,"Albany, GA",0.00429,26561,26182,26732,27110,27860,28270,28991,29910,30882,31986,32914,32905,33452,34550,34695,35114,35169,34983,34092,33847,32898,32904,33092,33307,33210,34818,35065,35591,36243,38339,36236,38338,38940
1202004,USA,United States,"Albany-Schenectady-Amsterdam, NY",0.00753,37618,37081,37861,38395,39457,40039,41059,42362,43737,45301,46616,46603,47265,48213,49590,50004,51704,51548,52500,54304,54846,54437,55276,56032,56803,58565,60152,61040,61940,64096,61868,65456,66484
1202005,USA,United States,"Albuquerque, NM",0.00159,37472,36937,37714,38246,39304,39884,40900,42198,43568,45125,46435,46422,45968,48884,53226,50888,49517,47457,46056,47421,45631,44373,44051,42711,43687,44523,45215,44633,45152,46139,46489,49185,49957
1202006,USA,United States,"Alpena, MI",0.00314,27397,27006,27573,27963,28736,29160,29903,30852,31853,32992,33950,33940,31957,32202,32758,32897,33338,32838,31541,30950,31857,32219,31984,32593,32768,34017,34858,35731,36121,37148,34891,36915,37495
1202007,USA,United States,"Amarillo, TX",0.01174,38670,38118,38919,39469,40561,41159,42207,43547,44960,46568,47920,47906,46709,50532,53714,58378,61845,68397,76811,63640,67225,70621,68610,77510,85070,73847,70181,72191,74183,73336,63553,67239,68295
1202008,USA,United States,"Anchorage, AK",0.0103,49390,48684,49708,50409,51804,52568,53907,55618,57423,59476,61203,61186,61852,64496,67989,74075,79238,84534,91945,81421,84177,86769,86282,82448,79595,71359,68877,70409,72421,71658,65708,69519,70610
1202009,USA,United States,"Appleton-Oshkosh-Neenah, WI",0.00569,38826,38272,39076,39628,40724,41325,42377,43722,45142,46756,48113,48099,49115,49495,50373,50589,51269,50961,50132,49693,51037,51558,52924,52434,54329,55989,56964,56294,57417,58496,55647,58875,59799
1202010,USA,United States,"Asheville-Brevard, NC",0.00509,27925,27526,28105,28502,29290,29722,30479,31446,32467,33628,34604,34595,35575,35238,35635,35928,36821,35917,35470,34571,35551,35305,34755,35255,36040,37274,38353,39551,40488,41831,42940,45430,46144
1202011,USA,United States,"Atlanta-Sandy Springs-Gainesville, GA-AL",0.00373,45736,45083,46030,46680,47972,48679,49919,51503,53175,55076,56675,56659,56376,56597,58130,58743,57188,55969,53514,51418,51545,51720,52338,53042,54440,56525,58109,59144,60536,60973,60696,64216,65224
1202012,USA,United States,"Augusta-Richmond County, GA-SC",0.00443,31178,30733,31379,31822,32702,33184,34030,35110,36250,37546,38636,38625,38930,40154,40343,39772,40036,41353,41479,41384,41568,41511,41338,41297,41538,43087,43524,43976,44831,45892,45254,47879,48631
1202013,USA,United States,"Austin-Round Rock, TX",0.00613,44368,43734,44654,45284,46537,47223,48426,49962,51585,53429,54980,54965,54804,54395,54813,56579,59458,59088,58696,55974,57547,57724,57503,58549,59616,62556,63778,65683,66664,67283,68911,72908,74053
1202014,USA,United States,"Bangor, ME",0.00409,29919,29492,30112,30537,31382,31844,32656,33692,34786,36029,37075,37065,38073,37526,38724,38821,39597,38996,38247,38847,39707,38520,38285,38230,38470,39230,40039,40251,41244,42699,42559,45027,45734
1202015,USA,United States,"Baton Rouge-Pierre Part, LA",0.01107,36795,36270,37032,37555,38594,39163,40161,41435,42780,44310,45596,45583,47513,50346,55825,64653,61789,57286,55615,55577,57791,66031,66810,65356,70388,69037,62351,59972,64086,62980,58205,61581,62548
1202016,USA,United States,"Beaumont-Port Arthur, TX",0.01059,34995,34495,35220,35717,36705,37246,38195,39407,40687,42141,43365,43353,40325,43030,51465,51361,54645,60239,58400,54579,62330,69555,72010,69044,57858,56499,55498,58998,66008,63442,55129,58326,59242
1202017,USA,United States,"Bend-Prineville, OR",0.00716,29339,28920,29528,29945,30773,31227,32023,33039,34111,35331,36357,36346,37089,37975,38325,39638,40519,40542,37902,35399,34536,34113,34942,36398,38745,40939,42829,44343,45525,45987,48273,51072,51874
1202018,USA,United States,"Billings, MT",0.0114,32280,31819,32488,32946,33858,34357,35232,36350,37530,38872,40000,39989,39652,42671,44908,46873,49809,54890,55063,50694,53938,56710,58150,58354,58513,57926,53105,54107,55576,56364,52359,55396,56265
1202019,USA,United States,"Birmingham-Hoover-Cullman, AL",0.00428,33811,33328,34029,34509,35464,35987,36904,38075,39311,40716,41898,41886,43160,44119,46924,48407,47828,48026,47498,44375,45458,46877,47107,46958,46456,46887,47124,47897,49247,49570,47378,50126,50913
1202020,USA,United States,"Bismarck, ND",0.01262,34008,33522,34227,34710,35671,36196,37119,38296,39540,40953,42142,42130,41600,45822,47122,48440,49297,51444,53515,56013,58982,65343,76406,77442,82725,75383,67156,69279,68517,68261,63969,67679,68742
1202021,USA,United States,"Boise City-Nampa, ID",0.00362,34990,34491,35216,35713,36701,37242,38191,39403,40682,42136,43360,43348,43296,44073,45265,47199,45415,44035,43557,41659,41552,40772,40614,41901,42871,43436,44454,45604,47129,47908,46595,49297,50071
1202022,USA,United States,"Boston-Worcester-Manchester, MA-NH",0.00671,49105,48403,49421,50119,51505,52264,53596,55297,57092,59133,60850,60833,61163,62454,63936,64858,65760,66744,66292,66111,68121,68626,69657,69745,70401,73366,74529,75404,77232,79180,76017,80426,81689
1202023,USA,United States,"Buffalo-Niagara-Cattaraugus, NY",0.00864,33604,33124,33821,34298,35247,35766,36678,37841,39070,40467,41642,41630,42742,43345,44927,45930,47657,48148,48857,49504,51151,50511,51715,51862,52982,54407,55272,55572,56805,59039,54030,57163,58061
1202024,USA,United States,"Burlington-South Burlington, VT",0.0058,36854,36327,37091,37615,38655,39225,40225,41501,42849,44380,45669,45656,46318,48132,50293,50292,50125,49495,50775,50844,52688,53457,53945,52903,53731,54549,55646,55534,55819,56457,54904,58088,59000
1202025,USA,United States,"Cape Girardeau-Jackson, MO-IL",0.00644,27420,27028,27596,27986,28760,29184,29927,30877,31880,33019,33978,33968,34449,36051,36601,36570,37768,37732,39907,38123,38983,39631,39658,41329,40250,40206,41128,40259,40282,41263,41584,43995,44686
1202026,USA,United States,"Casper, WY",0.01034,47385,46709,47691,48364,49702,50435,51719,53361,55093,57063,58719,58703,57559,62537,67297,78373,90408,96422,108698,87373,89539,91257,84353,82963,82357,75443,70073,73547,77418,76925,66863,70740,71851
1202027,USA,United States,"Cedar Rapids, IA",0.00641,40576,39996,40837,41413,42559,43187,44287,45692,47176,48862,50281,50267,50666,52229,54813,55061,55088,56798,56458,57248,58928,59313,59387,60180,61392,62382,62515,61888,62702,62064,61332,64889,65908
1202028,USA,United States,"Champaign-Urbana, IL",0.00752,31581,31129,31784,32233,33124,33613,34469,35563,36717,38030,39134,39123,40473,40800,42721,42031,43481,44146,45549,44503,46745,47036,47431,48747,48778,48355,48319,49313,50258,51190,49152,52002,52819
1202029,USA,United States,"Charleston, WV",0.00829,27912,27514,28092,28489,29277,29708,30465,31432,32453,33613,34589,34579,35199,35409,36268,37896,39292,39663,41076,41048,41771,42692,42378,42494,41285,40752,39379,39909,42392,42544,40546,42898,43571
1202030,USA,United States,"Charleston-North Charleston, SC",0.00778,32069,31611,32276,32731,33637,34133,35002,36113,37286,38619,39740,39729,40749,42323,43897,45723,46223,47105,45918,44519,45431,46502,48084,47142,47838,49336,50951,51753,52821,53504,53488,56590,57478
1202031,USA,United States,"Charlotte-Gastonia-Salisbury, NC-SC",0.00528,42016,41416,42286,42883,44070,44719,45859,47314,48850,50596,52065,52051,52290,52876,54427,56034,57275,55965,57012,52206,50646,51980,54220,53486,54433,56339,57493,58499,59511,60047,60973,64509,65522
1202032,USA,United States,"Chicago-Naperville-Michigan City, IL-IN-WI",0.00578,46732,46065,47034,47697,49017,49740,51007,52625,54334,56276,57910,57894,58109,58530,60040,61166,62191,62799,60936,59139,59846,60722,62551,62832,64536,66698,67130,67749,69599,70503,67748,71677,72802
1202033,USA,United States,"Cincinnati-Middletown-Wilmington, OH-KY-IN",0.0058,41815,41217,42084,42678,43859,44505,45639,47087,48616,50354,51816,51801,52792,53215,53880,54571,54175,54327,53734,52590,53906,55293,55781,56049,57190,58956,61018,61550,62736,64363,63043,66699,67747
1202034,USA,United States,"Clarksburg, WV + Morgantown, WV",0.0106,27118,26730,27292,27678,28443,28863,29598,30537,31529,32656,33604,33595,33938,34472,36042,37849,38738,39294,40873,42157,44730,45856,46243,48338,50078,48388,46749,48319,50016,50562,48486,51298,52103
1202035,USA,United States,"Cleveland-Akron-Elyria, OH",0.00525,36552,36030,36788,37307,38339,38904,39895,41161,42498,44017,45295,45282,46534,47253,48364,49280,48919,49019,48582,45975,47241,48563,49084,49658,51083,51398,51543,52065,53398,54231,51942,54955,55818
1202036,USA,United States,"Colorado Springs, CO",0.00199,38055,37512,38300,38841,39915,40504,41536,42854,44245,45827,47157,47144,46699,47012,46777,47930,47435,48147,47596,47559,47664,47455,46904,46771,46430,46766,46662,47524,47968,49564,49449,52316,53138
1202037,USA,United States,"Columbia, MO",0.00503,31113,30668,31313,31755,32634,33115,33958,35036,36174,37467,38555,38544,38399,39189,40722,40611,41516,41061,41405,41091,41886,41826,42098,43114,43504,44372,44125,43787,44159,45150,47087,49818,50600
1202038,USA,United States,"Columbia-Newberry, SC",0.00543,31848,31393,32053,32506,33405,33897,34761,35864,37028,38352,39465,39454,39677,40639,41502,41871,42674,43302,42858,42329,41896,41700,41458,42404,43071,44324,45154,45467,45985,46850,47127,49860,50643
1202039,USA,United States,"Columbus-Auburn-Opelika, GA-AL",0.00679,28849,28437,29035,29444,30259,30705,31487,32486,33541,34740,35749,35739,36959,37923,38679,39138,39866,41318,41109,41091,41271,41611,41361,40579,40627,41857,41874,42651,43330,43593,42036,44474,45172
1202040,USA,United States,"Columbus-Marion-Chillicothe, OH",0.00522,38793,38239,39043,39594,40689,41289,42341,43684,45103,46715,48071,48058,48596,48827,49772,50294,48982,49189,47973,46958,47835,48999,50521,52011,53882,54419,54830,55257,55983,56053,55875,59116,60044
1202041,USA,United States,"Corpus Christi-Kingsville, TX",0.00983,33164,32690,33378,33849,34785,35298,36197,37346,38558,39937,41096,41085,39812,44856,48116,51003,51567,54270,55106,44785,47872,52924,54036,56754,57660,48142,44140,46829,49452,48479,44023,46576,47307
1202042,USA,United States,"Dallas-Fort Worth, TX",0.00488,43312,42693,43591,44206,45429,46099,47273,48773,50357,52157,53671,53656,53585,53382,55147,56886,58474,59589,60472,55800,56432,57346,58080,59004,59899,59938,60054,60867,61916,62173,62376,65994,67030
1202043,USA,United States,"Davenport-Moline-Rock Island, IA-IL",0.00766,36527,36005,36762,37281,38313,38877,39868,41133,42468,43987,45264,45251,45476,46773,49606,50027,51299,52368,52953,51939,53010,54662,55851,54767,54913,54216,53235,53277,53910,55422,52928,55998,56877
1202044,USA,United States,"Dayton-Springfield-Greenville, OH",0.00586,35326,34821,35553,36055,37053,37599,38557,39780,41072,42540,43775,43763,44974,45486,46983,46742,46740,45654,44773,43522,45140,47068,47402,47874,48874,49746,50104,50945,52476,52792,51171,54138,54988
1202045,USA,United States,"Denver-Aurora-Boulder, CO",0.00431,49104,48403,49420,50118,51504,52264,53595,55296,57091,59132,60849,60832,60102,59861,59757,61425,61426,63006,63069,59612,59827,59701,60142,61517,63058,63839,64107,65966,68219,69879,67763,71692,72818
1202046,USA,United States,"Des Moines-Newton-Pella, IA",0.00849,37909,37368,38153,38692,39762,40349,41376,42689,44076,45651,46977,46963,47875,50391,54704,55586,54972,58712,55560,54499,55201,55770,58254,58047,60945,63523,63328,62338,63372,63647,64653,68402,69476
1202047,USA,United States,"Detroit-Warren-Flint, MI",0.0035,41015,40429,41279,41862,43020,43654,44766,46187,47686,49391,50825,50811,51860,52262,51719,51858,50050,49982,46936,43876,46348,47282,48665,49540,50144,52194,53236,53365,54127,54813,51770,54772,55633
1202048,USA,United States,"Dothan-Enterprise-Ozark, AL",0.00496,27490,27097,27667,28058,28834,29259,30004,30956,31961,33104,34065,34056,35434,35690,37505,38137,38590,38396,37710,37898,38422,37279,37473,39138,38714,39737,40189,40577,40892,41141,39294,41573,42225
1202049,USA,United States,"Dover, DE",0.00325,38271,37725,38518,39062,40142,40734,41772,43097,44497,46087,47425,47412,46401,46599,48640,49362,50306,49968,49227,50352,48820,47527,47840,48119,49111,51941,50499,49142,49711,50801,50811,53758,54602
1202050,USA,United States,"Duluth, MN-WI",0.00961,31635,31183,31839,32288,33181,33671,34528,35624,36781,38096,39202,39191,40982,41317,44162,45144,46113,45475,47064,45305,50413,52804,50503,52391,52107,47423,49590,50482,53161,55453,46776,49488,50265
1202051,USA,United States,"El Paso, TX",0.00716,24006,23663,24161,24502,25180,25551,26202,27033,27911,28909,29748,29740,30622,30956,31910,32700,33045,33927,33147,33511,34975,35679,35685,35317,35243,35820,36125,36766,37832,38516,37454,39626,40249
1202052,USA,United States,"Erie, PA",0.00758,28018,27618,28199,28597,29388,29821,30581,31551,32575,33740,34720,34710,34861,35590,37401,38661,39784,40002,42220,39981,40593,41848,41023,41438,41479,41555,40300,40142,41136,42101,39910,42225,42888
1202053,USA,United States,"Eugene-Springfield, OR",0.00626,27237,26848,27412,27799,28568,28989,29728,30671,31667,32799,33751,33742,34696,34977,36329,36942,38429,38654,37489,36120,35666,35379,35333,35952,36535,38482,39664,40614,41278,42252,39608,41905,42563
1202054,USA,United States,"Evansville, IN-KY",0.00677,35535,35028,35764,36269,37272,37822,38785,40016,41316,42793,44035,44023,45757,47599,49078,49351,49917,49731,50879,49677,52637,53802,53488,53578,53022,52611,52162,53936,54707,55475,53130,56211,57094
1202055,USA,United States,"Fargo-Wahpeton, ND-MN",0.01044,34493,34001,34716,35206,36180,36713,37648,38843,40104,41538,42744,42732,45536,47707,48392,48986,50162,52241,54388,51171,54203,56595,62031,59175,61376,61615,61114,60975,61435,62615,60670,64189,65197
1202056,USA,United States,"Farmington, NM",0.00738,38779,38225,39029,39580,40675,41275,42326,43669,45087,46699,48055,48041,46189,53213,57627,67755,68480,67117,74644,60819,59773,62402,57291,57378,61234,53729,49130,51149,49837,48913,44364,46937,47674
1202057,USA,United States,"Fayetteville-Springdale-Rogers, AR-MO",0.00624,30296,29863,30491,30921,31776,32245,33066,34116,35223,36483,37542,37531,39263,39948,42737,43745,42286,40312,39316,37952,39187,38882,39757,41632,42540,44147,44057,44847,44963,44542,47010,49736,50517
1202058,USA,United States,"Flagstaff, AZ",0.0072,34694,34198,34917,35410,36390,36926,37867,39068,40337,41779,42992,42980,42679,43328,44101,45900,48575,51484,49652,48089,49151,51958,48863,51028,50869,51949,52415,54899,54127,52431,50171,53081,53914
1202059,USA,United States,"Fort Smith, AR-OK",0.00509,26255,25880,26424,26797,27539,27945,28657,29566,30526,31617,32535,32526,32889,34071,35993,36910,38401,37563,37804,34110,35553,35854,35601,35254,35230,34822,34245,34440,34811,34848,35554,37616,38206
1202060,USA,United States,"Fort Wayne-Huntington-Auburn, IN",0.00509,33207,32732,33421,33892,34830,35343,36244,37394,38608,39988,41149,41138,42465,43481,43816,43140,43915,44214,42158,38863,41349,41619,43130,43551,46773,48358,47971,47622,48772,49252,47187,49924,50708
1202061,USA,United States,"Fresno-Madera, CA",0.00827,27020,26634,27194,27578,28341,28758,29491,30427,31415,32538,33482,33473,34569,36450,38482,39185,40190,41398,39097,37140,38417,39972,38533,39867,41740,41852,42984,44527,44741,46801,42258,44708,45410
1202062,USA,United States,"Gainesville, FL",0.00593,27371,26980,27547,27936,28709,29132,29874,30822,31823,32961,33918,33908,34453,34397,36516,36696,38002,39904,38514,37317,36982,35718,36056,36458,37488,38452,38444,39036,39977,40806,39847,42158,42820
1202063,USA,United States,"Grand Forks, ND-MN",0.01372,28124,27722,28305,28704,29498,29933,30696,31670,32698,33867,34850,34841,37732,42344,38542,39256,42235,45138,49846,45873,48895,49929,55784,56055,54435,57359,60235,61383,62764,61790,61414,64975,65996
1202064,USA,United States,"Grand Rapids-Muskegon-Holland, MI",0.00444,35262,34758,35489,35990,36986,37531,38487,39708,40998,42463,43696,43684,44759,45044,45324,45368,44955,44892,43341,42044,43206,43380,44011,44615,45074,47169,48149,48476,49163,49491,47990,50773,51571
1202065,USA,United States,"Great Falls, MT",0.01105,24624,24272,24783,25132,25828,26208,26876,27729,28629,29653,30514,30505,32577,34267,36253,38237,39695,40915,42375,40912,42033,44929,43891,43382,42537,42935,41568,42086,46059,47487,41992,44427,45125
1202066,USA,United States,"Greensboro--Winston-Salem--High Point, NC",0.00123,38241,37695,38488,39031,40111,40702,41739,43063,44461,46051,47388,47375,47699,47183,47096,47003,47967,46565,46973,47204,47112,46132,45396,46134,46458,47722,47636,47374,47317,48315,45573,48216,48974
1202067,USA,United States,"Greenville, NC",0.00703,29677,29253,29868,30290,31128,31587,32391,33419,34504,35738,36775,36765,36349,36902,37313,39156,39995,41356,41863,42590,42602,42924,42013,43071,43788,45144,46185,45723,45592,46194,43867,46411,47140
1202068,USA,United States,"Greenville-Spartanburg-Anderson, SC",0.00365,35361,34856,35589,36091,37090,37636,38595,39820,41113,42583,43819,43807,44702,45202,42585,42179,42235,42461,41861,40338,41136,41802,41802,42790,43582,45533,46635,47276,48051,48939,46995,49720,50501
1202069,USA,United States,"Gulfport-Biloxi-Pascagoula, MS",0.009,29420,29000,29610,30028,30859,31314,32111,33130,34206,35429,36457,36447,36220,39378,38530,40012,45756,60109,52322,48185,47676,45636,45730,41325,43084,41797,40984,41753,43056,42423,40199,42530,43198
1202070,USA,United States,"Harrisburg-Carlisle-Lebanon, PA",0.00505,35719,35209,35949,36456,37465,38017,38986,40223,41529,43014,44262,44250,44806,45690,47012,47511,47741,48269,48208,47501,48238,48488,48736,49493,50540,51662,51621,52013,52573,53302,51528,54516,55372
1202071,USA,United States,"Harrisonburg, VA",0.00218,39996,39424,40253,40821,41951,42569,43654,45039,46501,48164,49562,49548,45421,44263,45072,46471,46093,46053,45725,48414,49897,48796,48946,49555,48579,48276,47209,46724,46172,46683,46894,49614,50393
1202072,USA,United States,"Hartford-West Hartford-Willimantic, CT",0.00586,46966,46296,47269,47936,49262,49988,51262,52889,54606,56558,58200,58184,57276,58569,62138,62818,64999,67450,65984,65492,65288,64884,65132,63938,64542,68383,69005,69636,69556,70465,66071,69903,71001
1202073,USA,United States,"Helena, MT",0.01021,26278,25903,26447,26820,27562,27969,28681,29591,30552,31644,32563,32554,34003,34774,36641,39567,40999,41857,41349,41201,42412,43404,43324,42977,43358,44918,45274,45561,45920,47460,46970,49694,50474
1202074,USA,United States,"Honolulu, HI",0.00763,38565,38014,38813,39361,40450,41046,42092,43428,44838,46441,47789,47775,49157,51440,54080,56341,57299,58179,57928,55922,56801,56951,57671,57760,57819,60277,61742,63353,64471,65374,55147,58345,59261
1202075,USA,United States,"Houston-Baytown-Huntsville, TX",0.00677,45844,45189,46139,46791,48085,48794,50037,51625,53301,55206,56809,56793,54303,54697,58775,60502,63101,66904,65813,61233,63808,66561,68126,69875,69032,68302,64707,65524,67328,67357,63384,67060,68113
1202076,USA,United States,"Huntsville-Decatur, AL",0.00458,30302,29869,30497,30928,31784,32252,33074,34123,35231,36491,37550,37540,38107,39102,41641,41573,42078,42230,41713,41402,42341,42124,42178,43010,42818,43660,44105,43945,44757,45399,44602,47189,47930
1202077,USA,United States,"Idaho Falls-Blackfoot, ID",0.00511,28628,28219,28813,29219,30028,30470,31247,32238,33285,34475,35476,35466,35277,34475,35635,36259,38616,39139,39592,39079,37698,38117,37609,38296,37308,38333,38481,39326,40866,42163,41194,43583,44268
1202078,USA,United States,"Indianapolis-Anderson-Columbus, IN",0.00459,39611,39045,39866,40429,41547,42160,43234,44606,46054,47700,49085,49071,49460,50556,51849,51107,51450,52522,53486,52577,54034,53588,53735,55202,55881,54934,55354,55776,57109,57671,57428,60759,61713
1202079,USA,United States,"Jackson-Yazoo City, MS",0.00543,26205,25831,26374,26746,27486,27891,28602,29509,30467,31557,32473,32464,32949,34324,35351,35670,36247,34780,38036,36505,36757,36377,37025,37960,37706,37627,37259,37722,38249,38606,37560,39739,40363
1202080,USA,United States,"Jacksonville, FL",0.00497,36558,36036,36793,37313,38345,38910,39902,41168,42505,44024,45302,45289,45989,47509,48663,49579,50658,50066,47714,45581,45342,44241,44415,45029,45488,46693,47440,48345,49312,50153,50564,53496,54336
1202081,USA,United States,"Johnson City-Kingsport-Bristol (Tri-Cities), TN-VA",0.00657,26404,26027,26575,26950,27695,28103,28819,29734,30699,31797,32720,32711,33087,33717,35263,35329,37085,37212,37961,37089,37438,37991,37863,37451,36361,37075,36980,37917,38489,39050,36600,38722,39330
1202082,USA,United States,"Jonesboro, AR",0.00667,24084,23740,24239,24581,25262,25634,26287,27121,28002,29003,29845,29836,30928,33131,34179,34006,35589,35029,34618,31831,33655,36278,35982,36867,34689,34853,35673,36138,37383,38407,37666,39851,40477
1202083,USA,United States,"Joplin, MO",0.0053,26783,26401,26956,27336,28093,28507,29233,30161,31140,32253,33189,33180,33556,33965,34812,34758,35584,35811,37023,36236,37063,37034,38101,38283,38241,39003,38920,39392,40354,41250,39465,41754,42409
1202084,USA,United States,"Kansas City-Overland Park-Kansas City, MO-KS",0.00451,39944,39374,40202,40769,41897,42515,43598,44981,46442,48102,49499,49485,50149,50280,50962,51349,51757,52503,53595,52530,51752,51651,53037,53657,54512,55270,55153,55828,56387,56996,57675,61020,61978
1202085,USA,United States,"Kearney, NE",0.01238,31633,31181,31836,32286,33179,33668,34526,35621,36778,38093,39199,39188,39980,43749,43549,44806,46160,49511,52169,51180,53209,58595,59492,64402,62278,62331,61596,58682,59095,60517,59030,62454,63434
1202086,USA,United States,"Kennewick-Richland-Pasco, WA",0.00714,31852,31397,32057,32510,33409,33902,34765,35869,37033,38357,39471,39460,40427,41071,41863,41988,43720,45638,44800,44945,46867,46545,45356,45231,46297,47118,48434,49183,50524,52155,48020,50805,51602
1202087,USA,United States,"Killeen-Temple-Fort Hood, TX",0.00901,30554,30117,30751,31185,32047,32520,33348,34406,35524,36794,37862,37851,38802,42344,43618,46203,48251,49029,50972,48068,47180,46812,45148,45700,45879,45200,44118,44702,44614,44429,44098,46656,47388
1202088,USA,United States,"Knoxville-Sevierville-La Follette, TN",0.00565,30539,30102,30735,31169,32031,32504,33332,34389,35506,36775,37843,37832,39267,39764,41264,41577,41754,41075,40686,39127,39482,40203,40907,41282,41779,43054,43637,43927,44699,45140,44732,47327,48070
1202089,USA,United States,"La Crosse, WI-MN",0.00872,30847,30406,31046,31484,32355,32832,33668,34737,35865,37147,38225,38215,38832,40139,41587,42407,43254,43721,44041,44594,45844,46474,46855,48403,51058,53166,50599,52237,53982,53682,50608,53543,54384
1202090,USA,United States,"Lafayette-Acadiana, LA",0.00805,30609,30172,30806,31241,32105,32579,33409,34469,35588,36860,37930,37920,35993,37458,38792,41435,45277,44325,46579,44292,45307,46090,47001,45873,45391,41659,38553,38896,39965,40549,38739,40986,41630
1202091,USA,United States,"Lake Charles-Jennings, LA",0.00706,37531,36995,37773,38306,39366,39946,40964,42264,43636,45196,46508,46495,45609,55408,61421,80883,75701,66458,61878,50798,48521,58816,57732,50297,50416,49207,49990,58200,63490,62380,53043,56119,57000
1202092,USA,United States,"Las Vegas-Paradise-Pahrump, NV",0.00336,38444,37895,38692,39238,40323,40918,41960,43292,44697,46295,47639,47626,48015,48486,51855,55030,55543,54482,51238,46608,45898,45815,44928,45329,45514,47138,47864,48103,49905,50544,47484,50238,51027
1202093,USA,United States,"Lewiston, ID-WA",0.00694,27436,27044,27613,28003,28778,29202,29946,30896,31899,33039,33999,33989,35268,35110,35750,36011,37596,38574,39453,39359,39860,39623,40285,41175,40366,41914,41991,42320,43717,44596,41821,44246,44941
1202094,USA,United States,"Lexington-Fayette--Frankfort--Richmond, KY",0.00354,27831,27434,28010,28406,29192,29622,30377,31340,32358,33515,34488,34478,35330,35234,35778,36578,37218,37185,37213,35718,37004,36989,36872,37025,36810,37426,37213,37135,37408,38117,36877,39015,39628
1202095,USA,United States,"Lincoln, NE",0.00632,38487,37937,38735,39281,40368,40963,42007,43340,44747,46347,47692,47679,47390,49621,50964,51447,52152,52926,52585,52988,53637,55180,55406,56618,55731,56666,57140,58638,59096,60374,60704,64224,65233
1202096,USA,United States,"Little Rock-North Little Rock-Pine Bluff, AR",0.00436,30121,29691,30315,30743,31594,32059,32876,33919,35021,36273,37326,37315,37927,39126,40337,41131,41474,41804,42015,41194,41710,42189,42114,43020,43373,42577,42226,42051,42510,42722,42092,44533,45232
1202097,USA,United States,"Los Angeles-Long Beach-Riverside, CA",0.0074,41003,40417,41267,41850,43008,43642,44753,46173,47673,49377,50810,50796,51865,53714,55704,57476,59526,60150,59475,56189,56754,56956,57592,58670,59934,62248,63355,65026,65937,68271,63642,67332,68390
1202098,USA,United States,"Louisville-Elizabethtown-Scottsburg, KY-IN",0.00482,36405,35885,36639,37156,38184,38747,39734,40995,42326,43839,45112,45099,45257,45894,47025,47444,48065,47310,46518,45058,46902,47150,48520,48824,49089,50737,51612,50966,51256,52138,51813,54818,55679
1202099,USA,United States,"Lubbock-Levelland, TX",0.01034,37964,37421,38208,38748,39820,40407,41436,42751,44139,45717,47044,47031,48586,51824,56475,58792,62973,67246,72365,58620,65830,66172,66328,67176,60480,50413,48752,52754,55283,53828,47746,50515,51308
1202100,USA,United States,"Macon-Warner Robins-Fort Valley, GA",0.00235,31881,31426,32087,32540,33440,33933,34797,35902,37067,38392,39507,39496,39643,39496,39973,39528,40190,39532,39045,39047,39328,39575,39119,39262,39510,40318,40569,41071,41984,42805,39944,42260,42924
1202101,USA,United States,"Madison-Baraboo, WI",0.00736,38476,37926,38724,39270,40357,40952,41995,43328,44734,46334,47679,47665,49303,50279,52261,53025,52988,53482,51706,51154,52863,54064,55347,56108,57264,59436,60026,60367,62089,63362,61461,65025,66046
1202102,USA,United States,"Marinette, WI-MI",0.00596,26241,25866,26410,26783,27524,27929,28641,29550,30509,31600,32517,32508,33085,33724,34602,34705,35759,35515,35550,35229,36986,38045,38097,38296,38282,38392,38963,38715,39402,40280,37323,39488,40108
1202103,USA,United States,"Mason City, IA",0.01263,29832,29406,30024,30448,31290,31752,32560,33594,34684,35924,36967,36957,39211,40392,45180,45017,46338,48200,47741,44664,49406,52655,53916,59433,60335,60197,58200,55833,57514,59708,53846,56969,57863
1202104,USA,United States,"McAllen-Edinburg-Pharr, TX",0.00513,18738,18470,18859,19125,19654,19944,20452,21101,21786,22565,23220,23213,23409,24654,24628,25322,25692,26417,26735,24374,24474,24314,23951,24724,24522,24261,24283,24394,24827,25467,25701,27192,27619
1202105,USA,United States,"Memphis, TN-MS-AR",0.00441,36122,35606,36355,36868,37888,38446,39426,40677,41998,43499,44762,44749,44921,45357,46118,46357,46238,45244,45227,44421,44468,45460,45989,46681,45921,47321,48156,48670,49480,50023,48901,51737,52549
1202106,USA,United States,"Miami-Fort Lauderdale-Miami Beach, FL",0.00612,37453,36918,37694,38227,39284,39863,40879,42176,43545,45102,46411,46398,47473,48434,50350,52673,53473,53380,50793,48076,48649,47537,47219,48071,49133,51161,52316,53586,55113,56855,55532,58752,59675
1202107,USA,United States,"Midland-Odessa, TX",0.01487,44286,43653,44571,45200,46451,47135,48336,49870,51489,53330,54878,54863,53324,59448,63681,74933,84208,93808,111087,82525,95015,111591,122233,126681,130042,93081,86959,113620,150316,148617,95570,101113,102700
1202108,USA,United States,"Milwaukee-Racine-Waukesha, WI",0.00388,42329,41725,42602,43203,44398,45053,46201,47667,49215,50974,52454,52439,52308,53128,54226,54974,55533,55589,54609,53806,54924,55541,56241,56173,56425,57545,58020,57994,59181,60043,57105,60417,61365
1202109,USA,United States,"Minneapolis-St. Paul-St. Cloud, MN-WI",0.00546,42986,42372,43263,43874,45088,45752,46918,48407,49979,51765,53268,53253,53976,55551,57608,58492,57691,57902,57380,55949,57338,58353,59322,60343,61594,62718,62923,63182,64462,64901,62786,66427,67470
1202110,USA,United States,"Minot, ND",0.02017,26171,25798,26340,26712,27451,27855,28565,29472,30428,31516,32431,32422,33593,37683,37871,39223,41486,46518,57868,59004,69501,89238,121405,124219,128304,99111,78964,81894,93021,88175,79986,84625,85954
1202111,USA,United States,"Missoula, MT",0.00705,25394,25031,25557,25918,26635,27027,27716,28596,29524,30580,31467,31458,32726,33167,33982,34963,35549,36232,35714,34882,34900,35168,34963,35204,35549,37026,37481,38422,38577,38729,39418,41704,42358
1202112,USA,United States,"Mobile-Daphne-Fairhope, AL",0.00603,28179,27776,28361,28761,29556,29992,30756,31732,32763,33934,34919,34909,35204,35784,37647,39527,41084,41041,40723,39633,40051,40565,40209,40543,40485,40022,40330,40495,41545,41917,41819,44244,44939
1202113,USA,United States,"Monroe-Bastrop, LA",0.00504,25893,25523,26060,26428,27159,27559,28261,29158,30105,31181,32086,32077,33507,35722,37972,40127,39715,35103,34969,35644,35676,34663,35179,37235,37607,37117,37409,37465,38692,38537,35538,37599,38190
1202114,USA,United States,"Montgomery-Alexander City, AL",0.00491,28910,28497,29096,29507,30323,30770,31554,32555,33612,34814,35825,35815,36447,37350,39229,40147,40351,39935,39333,38656,39868,40132,40637,40986,40790,41884,42684,42441,42820,43642,41990,44425,45123
1202115,USA,United States,"Myrtle Beach-Conway-Georgetown, SC",0.00354,30873,30432,31072,31511,32382,32860,33697,34766,35895,37178,38257,38247,38386,39091,39979,41104,40897,40798,39492,38004,37804,37759,36503,37630,38565,39116,39546,39616,39956,41037,42216,44664,45365
1202116,USA,United States,"Nashville-Davidson--Murfreesboro--Columbia, TN",0.00651,35211,34708,35438,35938,36932,37477,38431,39651,40938,42402,43633,43621,45156,46278,47989,48243,48655,47204,47702,46693,47207,47974,49899,50224,51226,53729,54303,54695,55199,55939,53757,56874,57767
1202117,USA,United States,"New Orleans-Metairie-Bogalusa, LA",0.00964,35595,35086,35824,36330,37335,37885,38850,40083,41385,42864,44109,44096,43579,46922,48779,53388,65285,65969,67411,61184,67821,57611,57852,54898,54840,52938,51037,53935,56052,56270,51949,54961,55824
1202118,USA,United States,"New York-Newark-Bridgeport, NY-NJ-CT-PA",0.00646,55031,54245,55386,56167,57721,58572,60064,61970,63982,66270,68194,68174,67911,67610,69190,71001,72398,73301,71710,72382,74283,73518,76565,77245,78425,80669,82829,84056,86708,88522,82981,87794,89172
1202119,USA,United States,"Oklahoma City-Shawnee, OK",0.01068,30847,30406,31046,31484,32355,32832,33668,34737,35865,37147,38225,38215,38668,40689,42070,44025,46116,46940,51714,46673,48378,51030,52223,53516,54889,50705,48630,49368,51386,50665,47228,49967,50752
1202120,USA,United States,"Omaha-Council Bluffs-Fremont, NE-IA",0.00825,39492,38928,39746,40307,41422,42033,43104,44472,45916,47557,48938,48924,50253,51778,53992,54325,55196,56591,56577,57369,58401,61047,61512,60668,62475,63890,63231,64652,64546,66138,67018,70905,72018
1202121,USA,United States,"Orlando-The Villages, FL",0.00437,32629,32163,32839,33303,34224,34729,35614,36744,37937,39293,40434,40422,41223,42222,43417,44799,45362,45345,43589,41197,40689,39754,39833,40146,40313,41546,42264,42798,43417,44454,43817,46358,47086
1202122,USA,United States,"Paducah, KY-IL",0.00393,31930,31474,32136,32589,33491,33985,34850,35956,37124,38451,39567,39556,38936,39445,40001,40901,42327,41662,42342,42206,43293,43173,42709,43707,43370,43486,43559,43410,43433,44437,42662,45136,45845
1202123,USA,United States,"Panama City-Lynn Haven, FL",0.0074400000000000004,25354,24992,25517,25878,26594,26986,27673,28551,29478,30532,31418,31410,32972,34306,36266,37866,39629,39869,38617,37412,36789,35863,35134,35156,35420,36403,36851,37331,37729,40902,40467,42813,43486
1202124,USA,United States,"Pendleton-Hermiston, OR",0.0071,31384,30935,31586,32032,32918,33403,34254,35341,36488,37793,38890,38879,39540,39607,41073,39084,41458,44881,42564,43415,45948,45645,43986,46633,48315,47850,49301,49267,49300,51224,47660,50424,51215
1202125,USA,United States,"Pensacola-Ferry Pass-Brent, FL",0.00681,30276,29844,30471,30901,31756,32224,33045,34094,35201,36459,37518,37507,38864,40956,42950,44848,45759,45718,44203,43287,42863,42480,42489,42515,42352,43675,44124,44561,45080,46663,46714,49423,50199
1202126,USA,United States,"Peoria-Canton, IL",0.00936,36615,36092,36851,37371,38405,38971,39964,41232,42571,44093,45373,45360,45736,46681,48379,48702,51900,53601,53640,53497,55938,59815,64089,59668,61068,59672,59367,57837,59583,59516,55923,59166,60095
1202127,USA,United States,"Philadelphia-Camden-Vineland, PA-NJ-DE-MD",0.00548,44883,44242,45172,45810,47077,47771,48988,50543,52184,54050,55619,55603,55919,57851,59724,60020,60432,62074,62866,61078,61753,61863,63187,63602,64759,66248,66830,66110,67048,68595,64523,68264,69336
1202128,USA,United States,"Phoenix-Mesa-Scottsdale, AZ",0.00499,38110,37565,38355,38896,39973,40562,41595,42915,44308,45892,47225,47212,47522,49026,49819,52087,53096,53028,50339,46210,45841,46419,47011,46671,46682,47593,48354,49127,50219,51196,53384,56480,57367
1202129,USA,United States,"Pittsburgh-New Castle, PA",0.00971,35922,35409,36153,36663,37678,38233,39207,40451,41765,43258,44514,44501,45183,46392,47749,48907,49584,51350,52912,52283,54347,55657,56286,57638,59741,60749,60426,63350,66714,67571,60732,64254,65263
1202130,USA,United States,"Portland-Lewiston-South Portland, ME",0.00551,33944,33460,34163,34645,35604,36129,37049,38225,39466,40877,42063,42052,42736,43658,44975,44628,44904,44963,45053,45160,45713,45053,45182,45045,45930,46797,47999,48494,49406,50507,51156,54123,54973
1202131,USA,United States,"Portland-Vancouver-Beaverton, OR-WA",0.00594,39449,38886,39703,40264,41377,41987,43057,44423,45866,47506,48885,48871,48566,49741,51566,52255,53686,53637,53881,51270,51585,52247,52227,52235,53082,55337,56793,58324,60493,61979,59112,62540,63523
1202132,USA,United States,"Pueblo, CO",0.00813,26070,25698,26238,26608,27344,27747,28454,29357,30311,31394,32306,32296,31911,33574,35440,35365,36985,37351,39821,38004,38406,39084,38663,39131,38639,38231,38593,39143,39777,41253,36528,38647,39254
1202133,USA,United States,"Raleigh-Durham-Cary, NC",0.00489,39297,38736,39550,40109,41218,41826,42892,44253,45689,47323,48697,48683,48486,49007,49550,50762,53603,53513,52818,51729,52790,51736,51019,52055,52766,54452,54770,55284,56355,56843,57006,60312,61259
1202134,USA,United States,"Rapid City, SD",0.00655,26940,26555,27114,27496,28257,28674,29404,30337,31322,32442,33384,33374,36957,38285,36291,37621,36069,36780,36863,35923,37509,39039,38689,38766,40641,41825,40815,40740,40416,40590,42313,44767,45470
1202135,USA,United States,"Redding, CA",0.00656,28093,27691,28274,28673,29466,29900,30662,31635,32662,33830,34812,34802,37725,38131,38344,38202,40795,39958,38140,36871,37401,37867,36764,37829,38731,40574,42038,43606,43750,46854,41254,43646,44332
1202136,USA,United States,"Reno-Sparks, NV",0.00561,42031,41430,42302,42899,44085,44735,45875,47331,48868,50615,52084,52069,51956,52823,55731,57617,60107,58659,57061,54660,58107,58250,57127,54965,53579,55178,57217,60274,58721,60620,60188,63679,64679
1202137,USA,United States,"Richmond, VA",0.00521,43384,42764,43663,44280,45505,46175,47352,48854,50441,52244,53760,53745,52189,52686,52879,54623,54978,55092,54228,54162,55158,55634,56569,57485,57505,59850,60708,61576,61883,63229,61885,65474,66502
1202138,USA,United States,"Roanoke, VA",0.00367,33550,33070,33766,34242,35190,35708,36618,37780,39007,40401,41574,41562,41871,42725,42669,43682,45351,45596,44502,44442,44652,44448,44156,44605,44817,46501,46464,45705,46193,47321,44256,46822,47558
1202139,USA,United States,"Rochester-Batavia-Seneca Falls, NY",0.0058,36567,36045,36803,37322,38355,38920,39912,41178,42515,44035,45314,45301,45629,45960,46048,46504,47795,48021,48793,50220,52073,51759,52077,52367,52731,52847,53184,53869,54671,56371,53586,56694,57584
1202140,USA,United States,"Sacramento--Arden-Arcade--Truckee, CA-NV",0.0062,38178,37633,38424,38967,40045,40635,41670,42992,44388,45975,47310,47297,48408,50192,51312,52839,53939,53851,52990,51130,49701,49804,49706,51315,52017,54315,55180,55962,57145,59946,55533,58754,59676
1202141,USA,United States,"Salina, KS",0.0102,29982,29554,30175,30601,31448,31911,32724,33763,34859,36105,37153,37143,36009,38983,37789,40178,41951,47248,49065,46649,49011,54226,51854,55228,52009,50785,51023,50344,52433,55586,50838,53786,54631
1202142,USA,United States,"Salt Lake City-Ogden-Clearfield, UT",0.00761,35950,35437,36182,36693,37708,38264,39238,40483,41798,43292,44549,44537,44683,44894,46609,48633,51663,53080,51557,49050,49646,50709,50691,51155,51994,53196,54515,55738,57985,59706,59623,63080,64071
1202143,USA,United States,"San Angelo, TX",0.01053,38992,38435,39243,39797,40898,41501,42559,43909,45335,46955,48319,48305,46640,51551,53552,60216,63331,66352,73468,57433,60129,63789,64896,73193,76769,58809,52977,55579,58510,57401,52803,55865,56743
1202144,USA,United States,"San Antonio, TX",0.00807,31350,30902,31552,31997,32883,33367,34217,35303,36449,37752,38848,38838,39493,40704,41145,41728,42694,43181,42943,41507,42632,45306,49382,54152,56713,52295,50470,51109,53461,52562,50404,53327,54165
1202145,USA,United States,"San Diego-Carlsbad-San Marcos, CA",0.00712,44877,44236,45167,45804,47071,47765,48982,50536,52177,54043,55611,55596,57711,60657,63710,66474,67380,67645,65342,62165,61695,61904,62004,63832,65120,67480,68300,69816,71272,73462,70436,74521,75691
1202146,USA,United States,"San Jose-San Francisco-Oakland, CA",0.00886,54899,54115,55253,56033,57583,58432,59921,61822,63829,66111,68031,68011,66780,68191,69116,71626,73900,74986,75589,71719,72805,73943,77086,80146,83706,88446,92042,96814,100370,104321,104463,110521,112257
1202147,USA,United States,"Santa Fe-Espanola, NM",0.00569,34294,33804,34515,35002,35970,36501,37431,38618,39872,41298,42496,42485,46061,45448,45995,48028,47895,49213,51073,46677,46643,45741,44056,43323,43423,42704,43181,42843,43277,44430,42039,44477,45176
1202148,USA,United States,"Sarasota-Bradenton-Venice, FL",0.00592,30274,29841,30469,30899,31754,32222,33043,34091,35198,36456,37515,37504,39018,40319,42640,45435,46590,44868,40835,38253,37398,36543,36106,36303,37233,38792,39554,39744,40438,41324,44867,47469,48214
1202149,USA,United States,"Savannah-Hinesville-Fort Stewart, GA",0.00568,29895,29468,30087,30512,31356,31818,32629,33664,34758,36000,37045,37035,37160,38792,39945,41408,42192,42447,41440,40353,40551,40323,40434,40984,41420,42784,43187,43581,44421,44583,44345,46917,47653
1202150,USA,United States,"Scotts Bluff, NE",0.01211,27882,27484,28062,28458,29245,29676,30432,31398,32418,33576,34551,34542,35345,39085,38649,39265,41237,42538,45147,41490,43787,50264,50982,53509,58028,58030,56609,55036,55420,55332,50470,53397,54236
1202151,USA,United States,"Scranton--Wilkes-Barre, PA",0.00841,30129,29698,30323,30751,31602,32067,32884,33928,35029,36282,37335,37325,37354,37981,38747,38950,40024,40755,41504,42211,43585,44154,44713,46191,48400,48161,49237,50991,52284,53250,46020,48688,49453
1202152,USA,United States,"Seattle-Tacoma-Olympia, WA",0.00846,49758,49047,50078,50785,52190,52959,54309,56032,57851,59919,61659,61642,61936,62493,62844,66489,67350,70896,70609,68367,69160,69447,71660,73223,74888,77595,78829,81273,85583,88834,87339,92404,93855
1202153,USA,United States,"Shreveport-Bossier City-Minden, LA",0.00975,30938,30497,31138,31577,32451,32929,33768,34840,35971,37257,38338,38328,36994,40061,42812,47040,47625,43928,46816,47888,53899,57541,52298,48920,48180,44223,43056,46776,50081,49503,43556,46082,46806
1202154,USA,United States,"Sioux City-Vermillion, IA-NE-SD",0.00852,35226,34723,35453,35953,36948,37493,38448,39668,40956,42420,43652,43639,43101,44263,46679,46646,47891,49913,52298,50536,53031,55235,54141,54576,55311,57189,57404,58302,59045,59495,57988,61351,62314
1202155,USA,United States,"Sioux Falls, SD",0.0119,36039,35524,36271,36783,37801,38358,39335,40583,41901,43399,44659,44647,49400,50256,54162,55143,56466,59133,60240,59648,60245,65087,66722,66403,67328,67862,68628,69434,70907,71955,68648,72629,73769
1202156,USA,United States,"South Bend-Mishawaka, IN-MI",0.00663,34464,33972,34686,35176,36149,36682,37616,38810,40070,41502,42707,42695,44522,46187,47575,47873,48133,48212,44189,39714,44916,44346,44407,45353,47502,49864,51253,53312,53449,53290,53142,56224,57107
1202157,USA,United States,"Spokane, WA",0.00694,29655,29232,29846,30267,31105,31563,32367,33394,34479,35711,36748,36738,36920,37615,38541,39717,41619,43196,43484,42020,41982,41998,41620,42300,42557,43213,43777,44692,46662,47867,43914,46461,47191
1202158,USA,United States,"Springfield, IL",0.0073,34819,34321,35043,35538,36521,37059,38003,39209,40482,41929,43147,43135,43913,44712,45905,44714,46504,47849,49202,50141,51443,51042,50350,52665,53172,53169,53196,52635,53837,54210,50459,53385,54223
1202159,USA,United States,"Springfield, MO",0.00438,26425,26047,26595,26970,27716,28125,28841,29757,30723,31821,32745,32736,33391,33925,34574,35318,35125,34807,35094,34346,34505,33859,33867,34228,35198,36495,35797,35902,36707,36908,37264,39425,40044
1202160,USA,United States,"St. Louis-St. Charles-Farmington, MO-IL",0.00442,38547,37997,38795,39343,40431,41027,42073,43408,44817,46419,47767,47754,48401,49539,50371,50959,51030,51298,52495,51973,52889,52767,53468,52980,52763,53739,53658,54171,55393,56025,54993,58183,59096
1202161,USA,United States,"State College, PA",0.00803,26617,26237,26789,27167,27919,28330,29052,29974,30947,32053,32984,32975,33120,33689,34822,35775,36797,37663,38693,38335,39922,40473,39904,40407,40631,41052,41032,42025,42354,43730,41613,44026,44718
1202162,USA,United States,"Syracuse-Auburn, NY",0.00801,32426,31963,32635,33096,34011,34513,35392,36515,37701,39049,40182,40171,40558,41494,42494,43144,45021,45800,46056,47168,48477,47890,48474,49223,49475,50367,50458,51106,51988,54063,50932,53886,54732
1202163,USA,United States,"Tallahassee, FL",0.00383,32783,32315,32995,33460,34386,34893,35782,36917,38116,39479,40625,40613,41564,41643,42914,42806,43729,44268,42857,42121,41613,41316,41164,41193,41171,42326,42918,43624,44552,46059,42795,45277,45988
1202164,USA,United States,"Tampa-St. Petersburg-Clearwater, FL",0.00507,36027,35513,36259,36771,37789,38346,39323,40570,41888,43385,44645,44632,45785,46998,48635,49887,50606,50328,48356,47109,46842,45916,46421,46891,46967,48495,49056,49048,50023,51092,51366,54345,55198
1202165,USA,United States,"Texarkana, TX-Texarkana, AR",0.00418,24620,24268,24778,25128,25823,26204,26872,27724,28624,29648,30509,30500,30646,30380,31568,31793,32476,32643,32578,31647,32596,32354,32949,33416,33735,34266,34186,34472,34797,34793,34476,36475,37048
1202166,USA,United States,"Toledo-Fremont, OH",0.00509,37882,37340,38126,38664,39733,40319,41346,42658,44043,45618,46942,46929,47138,47617,47957,48694,49383,49018,46943,45285,47379,50339,50591,51634,54371,53910,53390,53158,55055,55668,53504,56606,57495
1202167,USA,United States,"Topeka, KS",0.00726,32745,32277,32956,33421,34346,34852,35740,36874,38071,39432,40577,40566,40784,41699,43336,42849,43386,45526,46786,47560,47528,49363,48824,48381,48372,49062,49374,49905,50901,51153,51134,54099,54949
1202168,USA,United States,"Traverse City, MI",0.00479,28318,27914,28501,28903,29702,30140,30908,31889,32924,34101,35091,35082,35969,36271,36383,36384,37067,36307,34657,34100,34952,34945,35097,35712,36651,37771,38167,38592,39148,40203,39863,42175,42837
1202169,USA,United States,"Tucson, AZ",0.00435,30736,30297,30934,31371,32239,32714,33548,34612,35736,37014,38088,38077,37631,39470,38430,39690,40451,41706,41342,39345,40002,39531,39674,39245,39154,39456,40866,42213,42959,44028,41563,43973,44664
1202170,USA,United States,"Tulsa-Bartlesville, OK",0.00848,33542,33063,33758,34235,35182,35700,36610,37772,38998,40392,41565,41553,40945,41802,43689,47438,50622,51378,54605,47723,48437,50537,51524,52680,55579,51776,48324,49820,52425,52818,48097,50887,51686
1202171,USA,United States,"Tupelo, MS",0.00526,25352,24990,25516,25876,26592,26984,27671,28549,29476,30530,31416,31408,31724,32174,32568,32318,32553,31824,33495,32639,33635,34290,34715,34927,34294,35499,36481,36286,36733,37516,37889,40086,40716
1202172,USA,United States,"Twin Falls, ID",0.00669,32424,31961,32633,33093,34009,34510,35389,36512,37698,39046,40179,40168,40389,39745,42053,42201,42966,46286,45625,39432,42791,44529,45793,48006,49937,48735,49143,49637,50713,52440,48274,51073,51875
1202173,USA,United States,"Virginia Beach-Norfolk-Newport News, VA-NC",0.00371,38074,37530,38319,38860,39935,40523,41556,42874,44267,45849,47180,47167,48023,50135,51655,53321,53007,53495,53370,53723,53524,52898,52238,52317,51760,53645,53823,53955,54441,55580,51487,54472,55328
1202174,USA,United States,"Washington-Baltimore-Northern Virginia, DC-MD-VA-WV",0.00594,50712,49988,51039,51760,53191,53976,55351,57107,58961,61069,62842,62824,64635,66167,69053,71483,71739,71941,72318,72258,73723,73684,73296,72544,72744,74327,75951,76356,77027,78278,76454,80888,82158
1202175,USA,United States,"Waterloo-Cedar Falls, IA",0.01047,30680,30242,30878,31314,32180,32654,33486,34549,35671,36946,38019,38008,40098,39631,44607,45492,44913,46756,45192,46599,49124,49632,57937,52807,57308,54610,50608,50382,51920,52326,51411,54393,55247
1202176,USA,United States,"Wausau-Merrill, WI",0.00701,32304,31843,32512,32971,33883,34383,35259,36377,37558,38901,40031,40019,40957,42028,43323,44053,44714,44599,44030,43850,44304,45065,46242,46443,48107,49421,50915,50630,51970,53478,50397,53319,54157
1202177,USA,United States,"Wenatchee, WA",0.00957,31371,30923,31573,32019,32905,33390,34240,35327,36474,37778,38874,38864,43343,43809,43872,41204,46389,49179,44896,46159,47848,52716,52527,51623,50583,53966,53835,54310,54192,54191,53077,56155,57037
1202178,USA,United States,"Wichita Falls, TX",0.00668,30560,30124,30757,31191,32054,32527,33356,34414,35531,36802,37870,37859,38510,39695,39626,40379,43131,44229,45992,42934,43751,44180,44076,45107,43563,40836,41063,41786,43265,44036,43325,45838,46558
1202179,USA,United States,"Wichita-Winfield, KS",0.0072,34350,33859,34571,35059,36029,36560,37492,38681,39937,41365,42566,42554,42379,43021,42872,44131,46449,49540,48776,45292,47356,49276,48952,48218,49620,50928,54146,54833,56314,56819,52800,55862,56739
1203001,UZB,Uzbekistan,Andijan,0.01866,2660,2594,2252,2153,2003,1951,2117,2652,2681,2732,2705,2950,2931,2815,2888,3140,3252,3433,3238,3510,3846,4170,4366,4993,5101,5241,5431,5702,6143,6081,6087,6415,6644
1203002,UZB,Uzbekistan,Bukhara,0.02167,4424,4313,3745,3580,3331,3245,3141,3336,3374,3804,3927,4099,4414,4814,5251,5994,6491,6837,7752,8291,7903,7888,8068,8370,8717,9080,9362,9709,10681,12525,12539,13214,13686
1203003,UZB,Uzbekistan,Fergana,0.01069,4892,4770,4141,3959,3683,3588,3528,3002,2900,3035,3425,3133,3206,3079,3216,3273,3336,3802,3865,3869,3745,3941,4247,4490,4790,5067,4992,4897,5134,5073,5079,5352,5543
1203004,UZB,Uzbekistan,Karakalpakstan,0.02201,2630,2565,2227,2129,1981,1929,1802,1649,1789,1977,1774,1706,1684,1985,2062,2205,2319,2663,3059,2868,2804,2880,3139,3377,3605,3931,4545,4964,5697,5693,5699,6006,6220
1203005,UZB,Uzbekistan,Kashkadarya,0.0159,3350,3266,2836,2711,2522,2457,2506,2876,2676,2402,2653,2862,2992,3108,3279,3654,3980,4200,5407,6364,5710,5701,5976,5901,6001,6192,6397,6436,6194,6431,6438,6784,7027
1203006,UZB,Uzbekistan,Khorezm,0.01414,4022,3922,3405,3255,3028,2950,3319,2901,2932,3076,2637,2455,2495,2543,2836,2727,2817,2962,2972,3118,3824,4146,4434,4720,5111,5490,5657,5674,5899,5918,5924,6243,6466
1203007,UZB,Uzbekistan,Namangan,0.01615,2783,2714,2356,2253,2096,2042,2033,1980,1846,1920,2176,2160,2216,2238,2291,2261,2284,2413,2578,2813,3149,3463,3665,3899,4126,4460,4732,4806,4664,4782,4787,5045,5225
1203008,UZB,Uzbekistan,Samarkand,0.01866,2697,2630,2283,2183,2031,1978,1919,1976,2222,2359,2322,2397,2534,2662,2715,2786,2860,2956,3094,3165,4403,4409,4585,4963,5318,5568,6069,6159,5985,5807,5814,6126,6345
1203009,UZB,Uzbekistan,Surkhandarya,0.0159,2602,2537,2203,2106,1959,1908,1797,1823,2221,2174,2325,2523,2638,2528,2544,2506,2600,2625,2733,2809,3432,4192,4395,4445,4696,4966,4835,4884,4934,4922,4927,5192,5378
1203010,UZB,Uzbekistan,Syrdarya,0.01675,5425,5290,4593,4391,4085,3979,3415,3164,2687,3029,3230,3459,3217,3369,3638,3815,4067,4019,4099,4257,4963,5664,5965,6149,6254,6787,7322,7047,6906,7156,7164,7549,7819
1203011,UZB,Uzbekistan,Tashkent,0.02289,3888,3791,3292,3147,2928,2852,2786,3028,3114,3092,3649,3798,3910,3967,4405,4871,5187,5794,5735,6061,6360,6781,7323,7821,8175,8506,8250,8680,9485,9826,9837,10366,10736
1203012,UZB,Uzbekistan,Tashkent City,0.02555,5125,4997,4339,4148,3859,3759,4023,4732,5302,5416,4544,4964,4915,5358,5843,5811,6723,7824,8799,9480,8844,9105,9796,10454,11272,12327,14032,14773,15491,16792,16810,17714,18347
1205001,VEN,Venezuela,Amazonas,-0.00226,13292,14261,14796,14520,13883,14137,13827,14425,14198,13101,13149,13380,12005,10903,12701,13801,14936,16003,16601,15837,15378,15796,16454,16447,15594,14433,11947,10173,8616,6481,4519,4602,3991
1205002,VEN,Venezuela,Anzoátegui,-0.00226,15736,16882,17516,17190,16435,16736,16368,17077,16808,15509,15566,15840,14211,12907,15035,16337,17682,18945,19653,18748,18205,18700,19478,19471,18461,17086,14143,12043,10200,7672,5350,5448,4725
1205003,VEN,Venezuela,Apure,-0.00226,8544,9167,9511,9334,8924,9087,8888,9273,9126,8421,8452,8601,7717,7009,8164,8871,9601,10287,10671,10180,9885,10154,10577,10572,10024,9278,7680,6539,5538,4166,2905,2958,2566
1205004,VEN,Venezuela,Aragua,-0.00226,18056,19371,20098,19724,18859,19203,18781,19594,19286,17795,17861,18175,16307,14810,17252,18746,20288,21738,22550,21513,20889,21457,22350,22341,21183,19605,16228,13818,11703,8803,6139,6251,5421
1205005,VEN,Venezuela,Barinas,-0.00226,11046,11851,12296,12067,11538,11749,11491,11988,11799,10887,10928,11120,9976,9061,10555,11469,12413,13299,13796,13161,12780,13128,13674,13668,12960,11995,9928,8454,7160,5386,3756,3824,3317
1205006,VEN,Venezuela,Bolívar,-0.00226,15016,16110,16714,16403,15684,15970,15620,16296,16039,14800,14854,15115,13561,12317,14348,15590,16873,18078,18754,17891,17373,17845,18588,18580,17617,16305,13496,11492,9733,7321,5105,5199,4509
1205007,VEN,Venezuela,Carabobo,-0.00226,17663,18950,19661,19295,18449,18786,18373,19169,18867,17409,17473,17780,15952,14488,16877,18339,19848,21266,22060,21045,20435,20991,21865,21856,20722,19179,15875,13518,11449,8612,6005,6115,5304
1205008,VEN,Venezuela,Cojedes,-0.00226,13107,14062,14589,14318,13690,13940,13634,14224,14000,12918,12966,13194,11837,10751,12524,13608,14728,15780,16370,15616,15164,15576,16224,16218,15377,14232,11780,10031,8496,6390,4456,4538,3935
1205009,VEN,Venezuela,Delta Amacuro,-0.00226,8544,9167,9511,9334,8924,9087,8888,9273,9126,8421,8452,8601,7717,7009,8164,8871,9601,10287,10671,10180,9885,10154,10577,10572,10024,9278,7680,6539,5538,4166,2905,2958,2566
1205010,VEN,Venezuela,Dependencias Federales,-0.00226,16866,18095,18774,18425,17616,17938,17544,18304,18015,16623,16685,16978,15233,13835,16116,17511,18952,20306,21065,20096,19513,20044,20878,20870,19787,18314,15159,12908,10932,8223,5734,5839,5064
1205011,VEN,Venezuela,Distrito Capital,-0.00226,21694,23275,24148,23699,22659,23073,22567,23544,23172,21382,21461,21838,19593,17795,20729,22524,24377,26119,27095,25848,25099,25782,26855,26844,25452,23557,19499,16603,14062,10577,7376,7511,6514
1205012,VEN,Venezuela,Falcón,-0.00226,14006,15026,15590,15300,14629,14896,14569,15200,14960,13804,13855,14098,12649,11488,13382,14541,15738,16862,17492,16687,16204,16644,17337,17330,16431,15208,12588,10719,9078,6829,4762,4849,4205
1205013,VEN,Venezuela,Guárico,-0.00226,12637,13558,14067,13805,13199,13441,13145,13714,13498,12455,12501,12721,11413,10366,12075,13121,14200,15215,15783,15057,14621,15018,15643,15637,14826,13722,11358,9672,8191,6161,4297,4375,3794
1205014,VEN,Venezuela,Lara,-0.00226,13271,14238,14772,14497,13861,14114,13804,14402,14175,13079,13128,13358,11985,10885,12680,13778,14912,15977,16574,15811,15353,15771,16427,16420,15569,14410,11927,10156,8602,6470,4512,4594,3985
1205015,VEN,Venezuela,Miranda,-0.00226,19489,20909,21693,21290,20356,20728,20272,21150,20817,19208,19279,19618,17601,15986,18622,20234,21899,23464,24341,23220,22547,23160,24124,24115,22864,21162,17516,14915,12632,9502,6626,6747,5852
1205016,VEN,Venezuela,Monagas,-0.00226,13907,14920,15480,15192,14525,14791,14466,15092,14854,13707,13757,13999,12560,11407,13288,14439,15627,16743,17369,16570,16090,16527,17215,17208,16315,15101,12499,10643,9014,6780,4728,4815,4176
1205017,VEN,Venezuela,Mérida,-0.00226,14954,16044,16646,16336,15619,15905,15555,16229,15973,14739,14793,15053,13506,12266,14289,15526,16803,18004,18677,17817,17301,17771,18511,18504,17544,16238,13441,11445,9693,7291,5084,5177,4490
1205018,VEN,Venezuela,Nueva Esparta,-0.00226,18296,19630,20366,19987,19110,19459,19032,19856,19543,18033,18100,18417,16524,15008,17482,18996,20559,22028,22851,21800,21168,21743,22648,22639,21465,19867,16445,14003,11859,8921,6221,6334,5494
1205019,VEN,Venezuela,Portuguesa,-0.00226,11266,12087,12540,12307,11767,11982,11719,12226,12033,11103,11145,11340,10175,9241,10764,11697,12659,13563,14070,13423,13034,13388,13945,13940,13217,12233,10126,8622,7302,5493,3830,3900,3383
1205020,VEN,Venezuela,Sucre,-0.00226,12798,13731,14246,13980,13367,13611,13312,13889,13670,12614,12660,12883,11558,10498,12228,13287,14381,15408,15984,15248,14807,15209,15842,15836,15014,13897,11503,9795,8295,6240,4351,4431,3843
1205021,VEN,Venezuela,Trujillo,-0.00226,12637,13558,14067,13805,13199,13441,13145,13714,13498,12455,12501,12721,11413,10366,12075,13121,14200,15215,15783,15057,14621,15018,15643,15637,14826,13722,11358,9672,8191,6161,4297,4375,3794
1205022,VEN,Venezuela,Táchira,-0.00226,16082,17254,17901,17567,16797,17104,16728,17452,17177,15850,15909,16188,14524,13191,15366,16697,18070,19361,20085,19161,18606,19111,19907,19899,18867,17462,14454,12308,10424,7841,5468,5568,4829
1205023,VEN,Venezuela,Vargas,-0.00226,17645,18930,19641,19275,18429,18766,18354,19149,18847,17390,17455,17761,15936,14473,16859,18320,19827,21243,22037,21023,20414,20969,21842,21833,20701,19159,15859,13504,11437,8603,5999,6109,5298
1205024,VEN,Venezuela,Yaracuy,-0.00226,12511,13422,13926,13667,13067,13306,13014,13577,13363,12330,12376,12593,11299,10262,11954,12989,14058,15062,15625,14906,14474,14868,15486,15480,14677,13585,11244,9575,8109,6100,4253,4331,3756
1205025,VEN,Venezuela,Zulia,-0.00226,19489,20909,21693,21290,20356,20728,20272,21150,20817,19208,19279,19618,17601,15986,18622,20234,21899,23464,24341,23220,22547,23160,24124,24115,22864,21162,17516,14915,12632,9502,6626,6747,5852
1208001,VNM,Viet Nam,An Giang,0.0128,1846,1935,2081,2230,2409,2624,2777,2911,2985,3035,3149,3219,3292,3383,3495,3608,3700,4963,6293,5587,4843,3994,4069,4117,4252,4470,4680,4936,5235,5548,5634,5707,6096
1208002,VNM,Viet Nam,Bac Lieu / Ca Mau,0.01413,2265,2315,2429,2537,2673,2837,2991,3122,3188,3227,3333,3440,3554,3692,3858,4031,4185,4920,5665,5080,4467,3764,3897,4613,4800,5043,5302,5592,5930,6285,6382,6465,6906
1208003,VNM,Viet Nam,Bac Ninh / Bac Giang / Ha Bac,0.03825,994,1026,1088,1149,1223,1313,1409,1497,1557,1606,1691,1791,1898,2023,2170,2328,2482,3403,4374,5001,5721,6486,7097,9411,9020,10423,11193,11806,12520,13268,13474,13649,14579
1208004,VNM,Viet Nam,Bak Kan / Thai Nguyen,0.0286,1441,1456,1509,1557,1618,1695,1772,1833,1855,1859,1900,1981,2068,2170,2292,2421,2543,3188,3858,3988,4154,4316,4383,4477,5500,6941,7858,8288,8789,9315,9459,9582,10235
1208005,VNM,Viet Nam,Ben Tre,0.01226,1704,1768,1882,1996,2136,2303,2455,2590,2675,2740,2865,2909,2953,3011,3085,3158,3207,3975,4769,4337,3888,3369,3492,3567,3714,3786,4039,4260,4518,4788,4862,4925,5261
1208006,VNM,Viet Nam,Binh Dinh,0.02199,1440,1475,1551,1624,1716,1826,1924,2008,2049,2073,2141,2255,2379,2524,2694,2877,3054,3688,4338,4276,4232,4160,4364,4418,4647,4881,5201,5486,5817,6165,6261,6342,6774
1208007,VNM,Viet Nam,Binh Duong / Binh Phuoc,0.03673,1412,1326,1263,1182,1097,1002,1506,2061,2625,3207,3906,4111,4333,4593,4898,5226,5543,5604,5589,7082,8767,10585,10826,10980,11335,11974,13028,13742,14573,15444,15684,15887,16970
1208008,VNM,Viet Nam,Binh Thuan / Ninh Thuan,0.02194,1447,1474,1541,1604,1684,1781,1865,1934,1961,1971,2020,2142,2274,2428,2609,2803,2994,3465,3938,3936,3957,3959,4093,4172,4404,4769,5084,5362,5686,6026,6120,6199,6622
1208009,VNM,Viet Nam,Cao Bang,0.01674,882,938,1023,1111,1217,1342,1467,1587,1680,1763,1889,1909,1928,1954,1990,2023,2039,2511,2997,2791,2581,2334,2425,2828,2890,2710,3067,3236,3431,3636,3693,3741,3995
1208010,VNM,Viet Nam,Da Nam / Quang Nam,0.03306,1070,1128,1220,1315,1428,1564,1693,1816,1906,1984,2109,2196,2290,2401,2532,2672,2803,3684,4609,4884,5216,5555,5783,6028,6455,7391,8641,9115,9666,10244,10403,10538,11256
1208011,VNM,Viet Nam,Dak Lack,0.01517,2526,2465,2460,2434,2417,2405,2386,2327,2202,2046,1915,1982,2055,2141,2245,2353,2452,3265,4120,4051,3998,3919,3906,3982,4064,4144,4413,4655,4937,5232,5313,5382,5749
1208012,VNM,Viet Nam,Dong Nai / Ba Ria-Vung Tau,0.02006,6447,6630,6999,7358,7802,8339,9386,10442,11350,12215,13402,14617,15943,17466,19230,21158,23116,16943,9842,13363,17318,21601,22220,21847,22111,21641,21697,22886,24269,25721,26120,26459,28262
1208013,VNM,Viet Nam,Dong Thap,0.01817,1681,1713,1793,1867,1962,2076,2178,2261,2296,2310,2371,2429,2489,2564,2655,2748,2825,3661,4534,4404,4287,4134,4285,4362,4536,4567,4870,5137,5447,5773,5862,5939,6343
1208014,VNM,Viet Nam,Gia Lia / Kon Tum,0.02173,1273,1300,1363,1424,1499,1590,1672,1740,1770,1786,1838,1887,1939,2002,2078,2157,2224,2865,3534,3652,3803,3950,4011,4003,4167,4421,4599,4851,5144,5452,5536,5608,5990
1208015,VNM,Viet Nam,Ha Tinh / Nghe An,0.02009,1425,1447,1508,1564,1636,1723,1793,1846,1857,1851,1881,1932,1987,2054,2134,2218,2290,2965,3672,3523,3380,3204,3330,3546,3905,4581,4506,4753,5040,5341,5424,5495,5869
1208016,VNM,Viet Nam,Hai Duong,0.02439,1720,1774,1877,1978,2103,2253,2362,2450,2486,2499,2563,2682,2810,2960,3138,3327,3507,3983,4453,4711,5022,5339,5476,5698,6063,6556,7074,7462,7913,8386,8516,8627,9215
1208017,VNM,Viet Nam,Hai Phong,0.02316,2810,2881,3032,3178,3359,3578,3764,3921,3994,4033,4156,4327,4511,4729,4987,5262,5518,6332,7142,7204,7314,7396,8374,7881,9121,9981,11228,11843,12559,13310,13517,13692,14625
1208018,VNM,Viet Nam,Hanoi / Ha Tay,0.0221,2142,2276,2481,2692,2945,3245,3554,3854,4089,4302,4619,4884,5172,5507,5900,6323,6736,6816,6805,6977,7207,7424,7583,7809,8270,8869,9525,10047,10654,11291,11466,11615,12406
1208019,VNM,Viet Nam,Ho Chi Minh City|Ho Chi Minh,0.01591,6105,6334,6745,7155,7655,8254,8757,9198,9455,9636,10024,10294,10581,10931,11355,11793,12167,11603,10807,11761,12880,14049,14624,15453,16048,17011,17055,17990,19077,20218,20532,20798,22215
1208020,VNM,Viet Nam,Khanh Hoa,0.01784,2229,2345,2533,2724,2954,3228,3464,3681,3828,3949,4158,4318,4489,4692,4933,5189,5424,6013,6578,6231,5886,5472,5604,5810,6235,6987,7547,7961,8442,8947,9086,9204,9831
1208021,VNM,Viet Nam,Kien Giang,0.01608,2407,2457,2573,2683,2822,2990,3114,3209,3232,3225,3280,3418,3567,3743,3951,4173,4380,5670,7019,6682,6350,5949,6432,6763,7224,5522,5851,6171,6544,6936,7043,7135,7621
1208022,VNM,Viet Nam,Lam Dong,0.02516,1545,1571,1639,1702,1782,1880,1939,1975,1966,1936,1942,2080,2230,2404,2607,2827,3046,3970,4938,4945,4982,4997,5241,5378,5596,5963,6390,6740,7147,7575,7692,7792,8323
1208023,VNM,Viet Nam,Lang Son,0.02047,1278,1322,1404,1486,1585,1705,1818,1919,1983,2031,2125,2171,2220,2281,2356,2432,2493,3290,4126,3966,3814,3625,3649,3734,3913,4382,4479,4725,5010,5310,5392,5462,5834
1208024,VNM,Viet Nam,Long An,0.02053,2341,2381,2485,2582,2706,2856,2970,3056,3073,3060,3107,3195,3288,3401,3538,3681,3803,4872,5986,5789,5605,5371,5599,5797,6197,6747,8290,8744,9273,9827,9980,10109,10798
1208025,VNM,Viet Nam,Phu Yen,0.02156,1073,1138,1238,1341,1465,1611,1736,1852,1934,2003,2117,2203,2295,2404,2534,2672,2800,3352,3915,3775,3644,3478,3540,3654,3834,4245,4598,4850,5143,5451,5535,5607,5989
1208026,VNM,Viet Nam,Quang Binh,0.0219,1195,1224,1286,1346,1420,1510,1614,1709,1771,1820,1909,1985,2067,2163,2278,2400,2513,3149,3809,3616,3424,3193,3375,3683,3836,4077,4538,4787,5076,5380,5463,5534,5911
1208027,VNM,Viet Nam,Quang Ngai,0.02956,1086,1128,1201,1275,1365,1473,1574,1665,1725,1772,1858,1924,1995,2080,2181,2288,2385,3039,3720,4174,4699,5255,5476,6120,6053,6762,7082,7471,7922,8396,8526,8637,9225
1208028,VNM,Viet Nam,Quang Ninh,0.03024,2093,2175,2319,2463,2639,2850,3060,3255,3388,3497,3686,3900,4131,4401,4717,5057,5389,7244,9197,9359,9592,9798,9866,10046,10599,12243,13341,14072,14923,15815,16060,16269,17377
1208029,VNM,Viet Nam,Quang Tri,0.02282,1245,1283,1358,1431,1521,1629,1731,1822,1875,1915,1996,2067,2143,2233,2342,2456,2560,3463,4415,4150,3882,3564,3697,3789,3967,4778,5130,5411,5738,6081,6176,6256,6682
1208030,VNM,Viet Nam,Soc Trang / Can Tho / Hau Gian,0.02329,1506,1542,1619,1694,1787,1900,2015,2116,2174,2216,2304,2389,2480,2589,2718,2855,2980,4611,6354,6110,5877,5588,5901,6160,6633,6255,5879,6201,6576,6969,7077,7169,7658
1208031,VNM,Viet Nam,Son La,0.02536,957,979,1027,1072,1129,1199,1263,1317,1343,1358,1400,1456,1516,1587,1672,1761,1844,2463,3114,3109,3121,3118,3605,3753,4013,4154,4192,4422,4689,4970,5047,5112,5460
1208032,VNM,Viet Nam,Tay Ninh,0.02723,1555,1632,1758,1885,2040,2223,2385,2534,2634,2716,2860,3084,3328,3610,3937,4293,4651,5462,6283,6210,6166,6085,6457,6735,7314,6764,7585,8001,8485,8992,9132,9250,9880
1208033,VNM,Viet Nam,Thai Binh,0.01606,1690,1724,1803,1879,1974,2089,2161,2209,2207,2182,2198,2252,2309,2379,2465,2553,2626,3072,3523,3536,3571,3591,3734,3488,3696,4030,4407,4649,4930,5224,5305,5374,5741
1208034,VNM,Viet Nam,Thanh Hoa,0.01898,1525,1540,1596,1645,1709,1789,1864,1922,1937,1934,1969,2016,2065,2126,2201,2277,2340,2903,3486,3415,3356,3273,3398,3529,3747,4052,4410,4652,4933,5228,5309,5378,5744
1208035,VNM,Viet Nam,Thua Thien - Hue,0.01974,1423,1477,1573,1668,1785,1925,2028,2114,2155,2179,2247,2327,2412,2514,2636,2764,2880,3552,4246,4153,4075,3966,4192,4339,4591,4182,4700,4958,5257,5572,5658,5732,6122
1208036,VNM,Viet Nam,Tien Giang,0.01766,1938,1994,2105,2213,2347,2508,2644,2759,2816,2850,2942,2994,3048,3116,3202,3287,3349,4328,5351,5021,4687,4292,4470,4614,4879,5252,5668,5979,6340,6720,6824,6912,7383
1208037,VNM,Viet Nam,Tra Vinh / Vinh Long,0.01563,1833,1889,1999,2106,2238,2398,2548,2682,2762,2821,2941,3020,3103,3204,3328,3455,3563,4014,4455,4312,4180,4011,4172,4314,4552,4605,4998,5272,5590,5925,6016,6095,6510
1208038,VNM,Viet Nam,Tuyen Quan / Ha Gian,0.01776,1142,1171,1232,1292,1365,1454,1525,1584,1608,1618,1661,1722,1786,1863,1955,2052,2140,2693,3267,3079,2891,2666,2787,2822,2926,3059,3249,3427,3634,3851,3911,3961,4231
1208039,VNM,Viet Nam,Yen Bai / Lao Chai / Lao Cai,0.02386,1182,1194,1236,1274,1324,1385,1453,1509,1533,1543,1584,1648,1716,1797,1893,1994,2089,2637,3206,3169,3147,3105,3277,3401,3765,4001,4434,4677,4960,5256,5338,5407,5775
1213001,ZAF,South Africa,Eastern Cape,0.01006,5538,5320,5080,5030,5082,5136,5246,5276,5201,5247,5254,5259,5151,6313,5627,5910,6614,7217,7286,7369,7628,7476,8246,8720,8851,9018,8875,8916,8917,8799,8151,8436,8512
1213002,ZAF,South Africa,Free State,0.00871,9618,9240,8822,8735,8827,8919,9111,8990,8398,8764,8520,8645,9264,10206,9374,9645,11025,11354,12543,12024,12666,12979,13176,13781,13512,13717,13624,13686,13688,13507,12511,12949,13066
1213003,ZAF,South Africa,Gauteng,0.00142,19314,18554,17715,17542,17725,17911,18297,18490,18308,18293,19034,18866,19588,18268,20151,20739,21175,21524,21229,20625,20363,20632,20116,19899,19616,19202,19175,19263,19266,19011,17610,18226,18390
1213004,ZAF,South Africa,KwaZulu-Natal,0.00702,8485,8152,7783,7707,7787,7869,8038,8032,7923,7799,8100,8283,8408,8655,8897,9351,9735,10151,10770,10062,9921,10098,10850,11488,11437,11419,11323,11375,11377,11226,10399,10763,10860
1213005,ZAF,South Africa,Limpopo,0.01564,4759,4572,4365,4322,4368,4413,4508,4746,4970,5057,5087,5357,5398,6281,6085,6357,7280,7599,8528,8908,9015,9101,9490,9826,9812,9744,9793,9837,9839,9709,8993,9308,9392
1213006,ZAF,South Africa,Mpumalanga,0.00589,10468,10057,9602,9508,9607,9708,9917,9899,9757,9917,9924,10531,10632,10848,10554,11036,11131,12156,13008,12929,13615,14049,14596,13817,13540,13327,13142,13202,13204,13029,12069,12491,12604
1213007,ZAF,South Africa,North West,0.00761,9695,9313,8892,8805,8897,8990,9184,8954,8895,8938,9454,9724,9811,9921,10054,11061,10650,11083,11721,11512,12076,12609,11670,12118,13333,13362,13093,13153,13155,12981,12024,12445,12557
1213008,ZAF,South Africa,Northern Cape,0.00492,10553,10138,9680,9585,9685,9786,9997,10028,10265,11290,11703,11896,11642,13857,12310,12417,11818,12808,13452,12175,13219,13319,13420,12911,13995,13426,13235,13296,13298,13122,12155,12580,12693
1213009,ZAF,South Africa,Western Cape,0.00333,15274,14673,14009,13872,14017,14164,14469,14696,14296,14584,14883,15160,15458,15629,16745,17085,17997,18733,17396,16445,17352,17738,17400,17136,16620,16457,16398,16473,16476,16258,15059,15586,15727
